nuscene,prop1Uprop2,truckUmotorcycle,41,mrcnn,yolov8x.pt,0.0,0.0,0.0,0.0,0.25,0.42,0.25,50
nuscene,(prop1&prop2)Uprop3,(car&truck)Ubus,40,mrcnn,yolov8x.pt,1.0,1.0,0.2,0.3333,0.25,0.42,0.25,50
nuscene,prop1Uprop2,truckUperson,40,mrcnn,yolov8x.pt,1.0,1.0,0.2368,0.383,0.25,0.42,0.25,50
nuscene,(prop1&prop2)Uprop3,(car&truck)Ubicycle,41,mrcnn,yolov8x.pt,1.0,1.0,0.0976,0.1778,0.25,0.42,0.25,50
nuscene,prop1Uprop2,busUtruck,41,mrcnn,yolov8x.pt,1.0,1.0,0.2927,0.4528,0.25,0.42,0.25,50
nuscene,prop1Uprop2,carUbicycle,40,mrcnn,yolov8x.pt,0.0,0.0,0.0,0.0,0.25,0.42,0.25,50
nuscene,(prop1&prop2)Uprop3,(person&car)Utruck,41,mrcnn,yolov8x.pt,1.0,1.0,0.4634,0.6333,0.25,0.42,0.25,50
nuscene,prop1Uprop2,carUmotorcycle,41,mrcnn,yolov8x.pt,1.0,1.0,0.0488,0.093,0.25,0.42,0.25,50
nuscene,prop1Uprop2,personUtruck,40,mrcnn,yolov8x.pt,1.0,1.0,0.275,0.4314,0.25,0.42,0.25,50
nuscene,(prop1&prop2)Uprop3,(bicycle&person)Ubus,40,mrcnn,yolov8x.pt,1.0,1.0,0.069,0.129,0.25,0.42,0.25,50
nuscene,prop1Uprop2,truckUperson,40,mrcnn,yolov8x.pt,1.0,1.0,0.2,0.3333,0.25,0.42,0.25,50
nuscene,(prop1&prop2)Uprop3,(car&truck)Umotorcycle,39,mrcnn,yolov8x.pt,1.0,1.0,0.5641,0.7213,0.25,0.42,0.25,50
nuscene,prop1Uprop2,truckUbicycle,41,mrcnn,yolov8x.pt,1.0,1.0,0.1429,0.25,0.25,0.42,0.25,50
nuscene,prop1Uprop2,truckUbicycle,40,mrcnn,yolov8x.pt,0.0,0.0,0.0,0.0,0.25,0.42,0.25,50
nuscene,(prop1&prop2)Uprop3,(person&bus)Utruck,40,mrcnn,yolov8x.pt,1.0,1.0,0.325,0.4906,0.25,0.42,0.25,50
nuscene,prop1Uprop2,truckUcar,40,mrcnn,yolov8x.pt,0.0,0.0,0.0,0.0,0.25,0.42,0.25,50
nuscene,(prop1&prop2)Uprop3,(bus&car)Uperson,41,mrcnn,yolov8x.pt,1.0,1.0,0.1471,0.2564,0.25,0.42,0.25,50
nuscene,prop1Uprop2,personUbicycle,41,mrcnn,yolov8x.pt,0.0,0.0,0.0,0.0,0.25,0.42,0.25,50
nuscene,(prop1&prop2)Uprop3,(person&car)Ubus,39,mrcnn,yolov8x.pt,1.0,1.0,0.2564,0.4082,0.25,0.42,0.25,50
nuscene,prop1Uprop2,carUbicycle,41,mrcnn,yolov8x.pt,1.0,1.0,0.0244,0.0476,0.25,0.42,0.25,50
nuscene,prop1Uprop2,carUmotorcycle,40,mrcnn,yolov8x.pt,1.0,1.0,0.125,0.2222,0.25,0.42,0.25,50
nuscene,(prop1&prop2)Uprop3,(person&car)Utruck,40,mrcnn,yolov8x.pt,0.2,0.2,0.4286,0.2727,0.25,0.42,0.25,50
nuscene,prop1Uprop2,carUtruck,40,mrcnn,yolov8x.pt,1.0,1.0,0.4211,0.5926,0.25,0.42,0.25,50
nuscene,(prop1&prop2)Uprop3,(person&car)Utruck,40,mrcnn,yolov8x.pt,1.0,1.0,0.875,0.9333,0.25,0.42,0.25,50
nuscene,prop1Uprop2,carUbicycle,40,mrcnn,yolov8x.pt,0.0,0.0,0.0,0.0,0.25,0.42,0.25,50
nuscene,prop1Uprop2,truckUperson,40,mrcnn,yolov8x.pt,1.0,1.0,0.2,0.3333,0.25,0.42,0.25,50
nuscene,(prop1&prop2)Uprop3,(car&truck)Uperson,41,mrcnn,yolov8x.pt,1.0,1.0,0.2439,0.3922,0.25,0.42,0.25,50
nuscene,prop1Uprop2,carUmotorcycle,40,mrcnn,yolov8x.pt,1.0,1.0,0.1,0.1818,0.25,0.42,0.25,50
nuscene,prop1Uprop2,truckUbicycle,40,mrcnn,yolov8x.pt,0.5,0.5,0.0263,0.05,0.25,0.42,0.25,50
nuscene,(prop1&prop2)Uprop3,(car&truck)Uperson,40,mrcnn,yolov8x.pt,1.0,1.0,0.5641,0.7213,0.25,0.42,0.25,50
nuscene,prop1Uprop2,carUbus,40,mrcnn,yolov8x.pt,1.0,1.0,0.25,0.4,0.25,0.42,0.25,50
nuscene,(prop1&prop2)Uprop3,(person&car)Umotorcycle,41,mrcnn,yolov8x.pt,1.0,1.0,0.3659,0.5357,0.25,0.42,0.25,50
nuscene,prop1Uprop2,personUtruck,40,mrcnn,yolov8x.pt,1.0,1.0,0.5455,0.7059,0.25,0.42,0.25,50
nuscene,(prop1&prop2)Uprop3,(car&truck)Uperson,40,mrcnn,yolov8x.pt,1.0,1.0,0.6,0.75,0.25,0.42,0.25,50
nuscene,prop1Uprop2,truckUbicycle,40,mrcnn,yolov8x.pt,0.0,0.0,0.0,0.0,0.25,0.42,0.25,50
nuscene,prop1Uprop2,truckUbicycle,39,mrcnn,yolov8x.pt,0.0,0.0,0.0,0.0,0.25,0.42,0.25,50
nuscene,(prop1&prop2)Uprop3,(truck&person)Umotorcycle,39,mrcnn,yolov8x.pt,1.0,1.0,0.2647,0.4186,0.25,0.42,0.25,50
nuscene,prop1Uprop2,carUmotorcycle,40,mrcnn,yolov8x.pt,1.0,1.0,0.875,0.9333,0.25,0.42,0.25,50
nuscene,(prop1&prop2)Uprop3,(car&truck)Uperson,40,mrcnn,yolov8x.pt,1.0,1.0,0.225,0.3673,0.25,0.42,0.25,50
nuscene,prop1Uprop2,carUperson,41,mrcnn,yolov8x.pt,0.0,0.0,0.0,0.0,0.25,0.42,0.25,50
nuscene,prop1Uprop2,carUmotorcycle,40,mrcnn,yolov8x.pt,1.0,1.0,0.2895,0.449,0.25,0.42,0.25,50
nuscene,(prop1&prop2)Uprop3,(bicycle&car)Umotorcycle,40,mrcnn,yolov8x.pt,1.0,1.0,0.15,0.2609,0.25,0.42,0.25,50
nuscene,prop1Uprop2,motorcycleUbus,40,mrcnn,yolov8x.pt,1.0,1.0,0.1,0.1818,0.25,0.42,0.25,50
nuscene,(prop1&prop2)Uprop3,(car&truck)Ubicycle,40,mrcnn,yolov8x.pt,0.8571,0.8571,0.1818,0.3,0.25,0.42,0.25,50
nuscene,prop1Uprop2,personUbicycle,41,mrcnn,yolov8x.pt,1.0,1.0,0.3415,0.5091,0.25,0.42,0.25,50
nuscene,prop1Uprop2,carUbus,41,mrcnn,yolov8x.pt,1.0,1.0,0.3659,0.5357,0.25,0.42,0.25,50
nuscene,(prop1&prop2)Uprop3,(truck&person)Ucar,41,mrcnn,yolov8x.pt,0.9333,0.9333,0.3684,0.5283,0.25,0.42,0.25,50
nuscene,prop1Uprop2,truckUbicycle,41,mrcnn,yolov8x.pt,0.0,0.0,0.0,0.0,0.25,0.42,0.25,50
nuscene,(prop1&prop2)Uprop3,(truck&person)Ubus,39,mrcnn,yolov8x.pt,1.0,1.0,0.3667,0.5366,0.25,0.42,0.25,50
nuscene,prop1Uprop2,carUbus,39,mrcnn,yolov8x.pt,0.0,0.0,0.0,0.0,0.25,0.42,0.25,50
nuscene,prop1Uprop2,carUbicycle,40,mrcnn,yolov8x.pt,1.0,1.0,0.0645,0.1212,0.25,0.42,0.25,50
nuscene,(prop1&prop2)Uprop3,(person&car)Ubicycle,40,mrcnn,yolov8x.pt,0.8387,0.8387,0.7429,0.7879,0.25,0.42,0.25,50
nuscene,prop1Uprop2,truckUmotorcycle,40,mrcnn,yolov8x.pt,0.0,0.0,0.0,0.0,0.25,0.42,0.25,50
nuscene,(prop1&prop2)Uprop3,(truck&person)Ubicycle,39,mrcnn,yolov8x.pt,0.0,0.0,0.0,0.0,0.25,0.42,0.25,50
nuscene,prop1Uprop2,carUmotorcycle,40,mrcnn,yolov8x.pt,0.0,0.0,0.0,0.0,0.25,0.42,0.25,50
nuscene,prop1Uprop2,truckUbicycle,40,mrcnn,yolov8x.pt,0.5556,0.5556,0.5556,0.5556,0.25,0.42,0.25,50
nuscene,(prop1&prop2)Uprop3,(person&car)Ubus,40,mrcnn,yolov8x.pt,1.0,1.0,0.075,0.1395,0.25,0.42,0.25,50
nuscene,prop1Uprop2,personUmotorcycle,40,mrcnn,yolov8x.pt,1.0,1.0,0.72,0.8372,0.25,0.42,0.25,50
nuscene,(prop1&prop2)Uprop3,(truck&person)Umotorcycle,40,mrcnn,yolov8x.pt,1.0,1.0,0.4737,0.6429,0.25,0.42,0.25,50
nuscene,prop1Uprop2,carUperson,41,mrcnn,yolov8x.pt,1.0,1.0,0.2195,0.36,0.25,0.42,0.25,50
nuscene,prop1Uprop2,personUmotorcycle,40,mrcnn,yolov8x.pt,1.0,1.0,0.35,0.5185,0.25,0.42,0.25,50
nuscene,(prop1&prop2)Uprop3,(car&truck)Ubus,41,mrcnn,yolov8x.pt,0.0,0.0,0.0,0.0,0.25,0.42,0.25,50
nuscene,prop1Uprop2,carUbicycle,39,mrcnn,yolov8x.pt,0.0,0.0,0.0,0.0,0.25,0.42,0.25,50
nuscene,(prop1&prop2)Uprop3,(motorcycle&car)Ubicycle,40,mrcnn,yolov8x.pt,1.0,1.0,0.3077,0.4706,0.25,0.42,0.25,50
nuscene,prop1Uprop2,truckUbicycle,40,mrcnn,yolov8x.pt,0.0,0.0,0.0,0.0,0.25,0.42,0.25,50
nuscene,prop1Uprop2,personUbus,40,mrcnn,yolov8x.pt,1.0,1.0,0.275,0.4314,0.25,0.42,0.25,50
nuscene,(prop1&prop2)Uprop3,(motorcycle&person)Ubicycle,40,mrcnn,yolov8x.pt,0.1765,0.1765,0.15,0.1622,0.25,0.42,0.25,50
nuscene,prop1Uprop2,carUmotorcycle,41,mrcnn,yolov8x.pt,1.0,1.0,0.0244,0.0476,0.25,0.42,0.25,50
nuscene,(prop1&prop2)Uprop3,(car&truck)Ubicycle,40,mrcnn,yolov8x.pt,1.0,1.0,0.1034,0.1875,0.25,0.42,0.25,50
nuscene,prop1Uprop2,busUbicycle,40,mrcnn,yolov8x.pt,0.0,0.0,0.0,0.0,0.25,0.42,0.25,50
nuscene,prop1Uprop2,carUtruck,40,mrcnn,yolov8x.pt,1.0,1.0,0.3784,0.549,0.25,0.42,0.25,50
nuscene,(prop1&prop2)Uprop3,(person&bus)Umotorcycle,40,mrcnn,yolov8x.pt,0.0,0.0,0.0,0.0,0.25,0.42,0.25,50
nuscene,prop1Uprop2,carUbicycle,40,mrcnn,yolov8x.pt,1.0,1.0,0.05,0.0952,0.25,0.42,0.25,50
nuscene,(prop1&prop2)Uprop3,(person&car)Umotorcycle,40,mrcnn,yolov8x.pt,1.0,1.0,0.825,0.9041,0.25,0.42,0.25,50
nuscene,prop1Uprop2,personUbus,41,mrcnn,yolov8x.pt,1.0,1.0,0.3514,0.52,0.25,0.42,0.25,50
nuscene,prop1Uprop2,carUtruck,40,mrcnn,yolov8x.pt,0.4167,0.4167,0.5556,0.4762,0.25,0.42,0.25,50
nuscene,(prop1&prop2)Uprop3,(person&car)Utruck,40,mrcnn,yolov8x.pt,1.0,1.0,0.7,0.8235,0.25,0.42,0.25,50
nuscene,prop1Uprop2,carUperson,41,mrcnn,yolov8x.pt,0.9048,0.9048,0.4872,0.6333,0.25,0.42,0.25,50
nuscene,(prop1&prop2)Uprop3,(bicycle&car)Utruck,41,mrcnn,yolov8x.pt,0.0,0.0,0.0,0.0,0.25,0.42,0.25,50
nuscene,prop1Uprop2,truckUbus,40,mrcnn,yolov8x.pt,1.0,1.0,0.25,0.4,0.25,0.42,0.25,50
nuscene,prop1Uprop2,carUbicycle,40,mrcnn,yolov8x.pt,0.0,0.0,0.0,0.0,0.25,0.42,0.25,50
nuscene,(prop1&prop2)Uprop3,(truck&person)Umotorcycle,41,mrcnn,yolov8x.pt,0.0,0.0,0.0,0.0,0.25,0.42,0.25,50
nuscene,prop1Uprop2,carUbicycle,41,mrcnn,yolov8x.pt,0.0,0.0,0.0,0.0,0.25,0.42,0.25,50
nuscene,(prop1&prop2)Uprop3,(bicycle&person)Ubus,40,mrcnn,yolov8x.pt,1.0,1.0,0.1818,0.3077,0.25,0.42,0.25,50
nuscene,prop1Uprop2,personUbicycle,40,mrcnn,yolov8x.pt,0.0,0.0,0.0,0.0,0.25,0.42,0.25,50
nuscene,prop1Uprop2,carUbus,40,mrcnn,yolov8x.pt,0.0,0.0,0.0,0.0,0.25,0.42,0.25,50
nuscene,(prop1&prop2)Uprop3,(person&car)Ubus,40,mrcnn,yolov8x.pt,1.0,1.0,0.975,0.9873,0.25,0.42,0.25,50
nuscene,prop1Uprop2,carUtruck,41,mrcnn,yolov8x.pt,1.0,1.0,0.1892,0.3182,0.25,0.42,0.25,50
nuscene,(prop1&prop2)Uprop3,(person&car)Utruck,40,mrcnn,yolov8x.pt,1.0,1.0,0.6667,0.8,0.25,0.42,0.25,50
nuscene,prop1Uprop2,personUbicycle,39,mrcnn,yolov8x.pt,0.8947,0.8947,0.6296,0.7391,0.25,0.42,0.25,50
nuscene,prop1Uprop2,personUmotorcycle,40,mrcnn,yolov8x.pt,1.0,1.0,0.125,0.2222,0.25,0.42,0.25,50
nuscene,(prop1&prop2)Uprop3,(person&car)Ubicycle,40,mrcnn,yolov8x.pt,0.8077,0.8077,0.6176,0.7,0.25,0.42,0.25,50
nuscene,prop1Uprop2,busUmotorcycle,40,mrcnn,yolov8x.pt,1.0,1.0,0.225,0.3673,0.25,0.42,0.25,50
nuscene,(prop1&prop2)Uprop3,(truck&car)Ubus,40,mrcnn,yolov8x.pt,1.0,1.0,0.2895,0.449,0.25,0.42,0.25,50
nuscene,prop1Uprop2,bicycleUtruck,41,mrcnn,yolov8x.pt,0.8824,0.8824,0.7895,0.8333,0.25,0.42,0.25,50
nuscene,prop1Uprop2,personUbus,41,mrcnn,yolov8x.pt,1.0,1.0,0.0526,0.1,0.25,0.42,0.25,50
nuscene,(prop1&prop2)Uprop3,(bicycle&person)Umotorcycle,40,mrcnn,yolov8x.pt,1.0,1.0,0.1034,0.1875,0.25,0.42,0.25,50
nuscene,prop1Uprop2,busUbicycle,40,mrcnn,yolov8x.pt,0.0,0.0,0.0,0.0,0.25,0.42,0.25,50
nuscene,(prop1&prop2)Uprop3,(person&bicycle)Ubus,32,mrcnn,yolov8x.pt,1.0,1.0,0.4062,0.5778,0.25,0.42,0.25,50
nuscene,prop1Uprop2,bicycleUbus,41,mrcnn,yolov8x.pt,1.0,1.0,0.2683,0.4231,0.25,0.42,0.25,50
nuscene,(prop1&prop2)Uprop3,(person&car)Ubicycle,40,mrcnn,yolov8x.pt,0.6667,0.6667,0.72,0.6923,0.25,0.42,0.25,50
nuscene,prop1Uprop2,bicycleUmotorcycle,40,mrcnn,yolov8x.pt,1.0,1.0,0.24,0.3871,0.25,0.42,0.25,50
nuscene,prop1Uprop2,motorcycleUtruck,40,mrcnn,yolov8x.pt,1.0,1.0,0.4783,0.6471,0.25,0.42,0.25,50
nuscene,(prop1&prop2)Uprop3,(car&truck)Ubicycle,40,mrcnn,yolov8x.pt,1.0,1.0,0.2162,0.3556,0.25,0.42,0.25,50
nuscene,prop1Uprop2,truckUperson,41,mrcnn,yolov8x.pt,0.0,0.0,0.0,0.0,0.25,0.42,0.25,50
nuscene,(prop1&prop2)Uprop3,(bicycle&car)Umotorcycle,40,mrcnn,yolov8x.pt,1.0,1.0,0.1,0.1818,0.25,0.42,0.25,50
nuscene,prop1Uprop2,personUmotorcycle,41,mrcnn,yolov8x.pt,1.0,1.0,0.5405,0.7018,0.25,0.42,0.25,50
nuscene,prop1Uprop2,truckUmotorcycle,40,mrcnn,yolov8x.pt,1.0,1.0,0.25,0.4,0.25,0.42,0.25,50
nuscene,(prop1&prop2)Uprop3,(person&car)Umotorcycle,40,mrcnn,yolov8x.pt,0.8286,0.8286,0.9355,0.8788,0.25,0.42,0.25,50
nuscene,prop1Uprop2,truckUbicycle,39,mrcnn,yolov8x.pt,1.0,1.0,0.4615,0.6316,0.25,0.42,0.25,50
nuscene,(prop1&prop2)Uprop3,(car&truck)Uperson,40,mrcnn,yolov8x.pt,1.0,1.0,0.2,0.3333,0.25,0.42,0.25,50
nuscene,prop1Uprop2,personUbicycle,40,mrcnn,yolov8x.pt,0.0,0.0,0.0,0.0,0.25,0.42,0.25,50
nuscene,prop1Uprop2,personUbus,40,mrcnn,yolov8x.pt,0.8,0.8,0.375,0.5106,0.25,0.42,0.25,50
nuscene,(prop1&prop2)Uprop3,(car&truck)Ubicycle,40,mrcnn,yolov8x.pt,1.0,1.0,0.1,0.1818,0.25,0.42,0.25,50
nuscene,prop1Uprop2,truckUbicycle,39,mrcnn,yolov8x.pt,0.0,0.0,0.0,0.0,0.25,0.42,0.25,50
nuscene,(prop1&prop2)Uprop3,(car&person)Umotorcycle,40,mrcnn,yolov8x.pt,0.0,0.0,0.0,0.0,0.25,0.42,0.25,50
nuscene,prop1Uprop2,carUmotorcycle,40,mrcnn,yolov8x.pt,0.0,0.0,0.0,0.0,0.25,0.42,0.25,50
nuscene,prop1Uprop2,motorcycleUbus,40,mrcnn,yolov8x.pt,1.0,1.0,0.0741,0.1379,0.25,0.42,0.25,50
nuscene,(prop1&prop2)Uprop3,(person&bus)Umotorcycle,40,mrcnn,yolov8x.pt,1.0,1.0,0.3478,0.5161,0.25,0.42,0.25,50
nuscene,prop1Uprop2,bicycleUmotorcycle,40,mrcnn,yolov8x.pt,1.0,1.0,0.0345,0.0667,0.25,0.42,0.25,50
nuscene,(prop1&prop2)Uprop3,(person&car)Umotorcycle,40,mrcnn,yolov8x.pt,0.0,0.0,0.0,0.0,0.25,0.42,0.25,50
nuscene,prop1Uprop2,personUbicycle,41,mrcnn,yolov8x.pt,1.0,1.0,0.3415,0.5091,0.25,0.42,0.25,50
nuscene,(prop1&prop2)Uprop3,(bicycle&person)Umotorcycle,41,mrcnn,yolov8x.pt,1.0,1.0,0.1034,0.1875,0.25,0.42,0.25,50
nuscene,prop1Uprop2,carUbus,39,mrcnn,yolov8x.pt,1.0,1.0,0.5641,0.7213,0.25,0.42,0.25,50
nuscene,prop1Uprop2,truckUperson,41,mrcnn,yolov8x.pt,1.0,1.0,0.4872,0.6552,0.25,0.42,0.25,50
nuscene,(prop1&prop2)Uprop3,(bicycle&person)Umotorcycle,40,mrcnn,yolov8x.pt,1.0,1.0,0.2,0.3333,0.25,0.42,0.25,50
nuscene,prop1Uprop2,personUmotorcycle,40,mrcnn,yolov8x.pt,0.9333,0.9333,0.4375,0.5957,0.25,0.42,0.25,50
nuscene,(prop1&prop2)Uprop3,(car&truck)Uperson,40,mrcnn,yolov8x.pt,1.0,1.0,0.2,0.3333,0.25,0.42,0.25,50
nuscene,prop1Uprop2,carUperson,40,mrcnn,yolov8x.pt,1.0,1.0,0.275,0.4314,0.25,0.42,0.25,50
nuscene,prop1Uprop2,carUbicycle,40,mrcnn,yolov8x.pt,1.0,1.0,0.1212,0.2162,0.25,0.42,0.25,50
nuscene,(prop1&prop2)Uprop3,(person&car)Umotorcycle,40,mrcnn,yolov8x.pt,0.8947,0.8947,0.4474,0.5965,0.25,0.42,0.25,50
nuscene,prop1Uprop2,carUperson,40,mrcnn,yolov8x.pt,1.0,1.0,0.225,0.3673,0.25,0.42,0.25,50
nuscene,(prop1&prop2)Uprop3,(person&car)Ubicycle,40,mrcnn,yolov8x.pt,0.6,0.6,1.0,0.75,0.25,0.42,0.25,50
nuscene,prop1Uprop2,bicycleUtruck,40,mrcnn,yolov8x.pt,0.0,0.0,0.0,0.0,0.25,0.42,0.25,50
nuscene,prop1Uprop2,personUbus,39,mrcnn,yolov8x.pt,0.9375,0.9375,0.5769,0.7143,0.25,0.42,0.25,50
nuscene,(prop1&prop2)Uprop3,(truck&person)Ubicycle,39,mrcnn,yolov8x.pt,1.0,1.0,0.15,0.2609,0.25,0.42,0.25,50
nuscene,prop1Uprop2,personUmotorcycle,41,mrcnn,yolov8x.pt,1.0,1.0,0.3871,0.5581,0.25,0.42,0.25,50
nuscene,(prop1&prop2)Uprop3,(car&truck)Ubus,40,mrcnn,yolov8x.pt,0.0,0.0,0.0,0.0,0.25,0.42,0.25,50
nuscene,prop1Uprop2,bicycleUbus,32,mrcnn,yolov8x.pt,1.0,1.0,0.4688,0.6383,0.25,0.42,0.25,50
nuscene,prop1Uprop2,carUmotorcycle,39,mrcnn,yolov8x.pt,0.0,0.0,0.0,0.0,0.25,0.42,0.25,50
nuscene,(prop1&prop2)Uprop3,(truck&person)Ubus,41,mrcnn,yolov8x.pt,0.0,0.0,0.0,0.0,0.25,0.42,0.25,50
nuscene,prop1Uprop2,truckUbicycle,40,mrcnn,yolov8x.pt,0.0,0.0,0.0,0.0,0.25,0.42,0.25,50
nuscene,(prop1&prop2)Uprop3,(car&truck)Ubus,40,mrcnn,yolov8x.pt,1.0,1.0,0.55,0.7097,0.25,0.42,0.25,50
nuscene,prop1Uprop2,truckUbicycle,39,mrcnn,yolov8x.pt,1.0,1.0,0.2258,0.3684,0.25,0.42,0.25,50
nuscene,prop1Uprop2,carUperson,40,mrcnn,yolov8x.pt,1.0,1.0,0.8,0.8889,0.25,0.42,0.25,50
nuscene,(prop1&prop2)Uprop3,(bus&person)Umotorcycle,41,mrcnn,yolov8x.pt,0.0,0.0,0.0,0.0,0.25,0.42,0.25,50
nuscene,prop1Uprop2,bicycleUbus,40,mrcnn,yolov8x.pt,1.0,1.0,0.2857,0.4444,0.25,0.42,0.25,50
nuscene,(prop1&prop2)Uprop3,(car&truck)Uperson,40,mrcnn,yolov8x.pt,1.0,1.0,0.375,0.5455,0.25,0.42,0.25,50
nuscene,prop1Uprop2,truckUperson,40,mrcnn,yolov8x.pt,1.0,1.0,0.4,0.5714,0.25,0.42,0.25,50
nuscene,(prop1&prop2)Uprop3,(person&car)Ubicycle,40,mrcnn,yolov8x.pt,1.0,1.0,0.125,0.2222,0.25,0.42,0.25,50
nuscene,prop1Uprop2,personUbus,40,mrcnn,yolov8x.pt,1.0,1.0,0.725,0.8406,0.25,0.42,0.25,50
nuscene,prop1Uprop2,personUmotorcycle,40,mrcnn,yolov8x.pt,1.0,1.0,0.3684,0.5385,0.25,0.42,0.25,50
nuscene,(prop1&prop2)Uprop3,(person&car)Ubicycle,40,mrcnn,yolov8x.pt,1.0,1.0,0.1379,0.2424,0.25,0.42,0.25,50
nuscene,prop1Uprop2,bicycleUbus,40,mrcnn,yolov8x.pt,1.0,1.0,0.1818,0.3077,0.25,0.42,0.25,50
nuscene,prop1Uprop2,truckUbicycle,41,mrcnn,yolov8x.pt,0.0,0.0,0.0,0.0,0.25,0.42,0.25,50
nuscene,(prop1&prop2)Uprop3,(bus&car)Umotorcycle,41,mrcnn,yolov8x.pt,1.0,1.0,0.8286,0.9062,0.25,0.42,0.25,50
nuscene,prop1Uprop2,motorcycleUbicycle,41,mrcnn,yolov8x.pt,0.0,0.0,0.0,0.0,0.25,0.42,0.25,50
nuscene,(prop1&prop2)Uprop3,(car&truck)Umotorcycle,41,mrcnn,yolov8x.pt,1.0,1.0,0.0488,0.093,0.25,0.42,0.25,50
nuscene,prop1Uprop2,carUbicycle,41,mrcnn,yolov8x.pt,1.0,1.0,0.0976,0.1778,0.25,0.42,0.25,50
nuscene,prop1Uprop2,personUmotorcycle,40,mrcnn,yolov8x.pt,0.0,0.0,0.0,0.0,0.25,0.42,0.25,50
nuscene,(prop1&prop2)Uprop3,(bicycle&car)Utruck,40,mrcnn,yolov8x.pt,1.0,1.0,0.725,0.8406,0.25,0.42,0.25,50
nuscene,prop1Uprop2,bicycleUbus,39,mrcnn,yolov8x.pt,0.8182,0.8182,0.3214,0.4615,0.25,0.42,0.25,50
nuscene,(prop1&prop2)Uprop3,(car&person)Utruck,40,mrcnn,yolov8x.pt,0.0,0.0,0.0,0.0,0.25,0.42,0.25,50
nuscene,prop1Uprop2,personUmotorcycle,41,mrcnn,yolov8x.pt,0.0,0.0,0.0,0.0,0.25,0.42,0.25,50
nuscene,prop1Uprop2,truckUperson,40,mrcnn,yolov8x.pt,0.0,0.0,0.0,0.0,0.25,0.42,0.25,50
nuscene,(prop1&prop2)Uprop3,(car&truck)Ubicycle,40,mrcnn,yolov8x.pt,0.0,0.0,0.0,0.0,0.25,0.42,0.25,50
nuscene,prop1Uprop2,bicycleUmotorcycle,40,mrcnn,yolov8x.pt,1.0,1.0,0.2,0.3333,0.25,0.42,0.25,50
nuscene,(prop1&prop2)Uprop3,(car&truck)Ubus,40,mrcnn,yolov8x.pt,1.0,1.0,0.275,0.4314,0.25,0.42,0.25,50
nuscene,prop1Uprop2,personUbus,40,mrcnn,yolov8x.pt,1.0,1.0,0.125,0.2222,0.25,0.42,0.25,50
nuscene,prop1Uprop2,busUmotorcycle,40,mrcnn,yolov8x.pt,0.4286,0.4286,0.1875,0.2609,0.25,0.42,0.25,50
nuscene,(prop1&prop2)Uprop3,(person&car)Ubus,40,mrcnn,yolov8x.pt,1.0,1.0,0.6,0.75,0.25,0.42,0.25,50
nuscene,prop1Uprop2,truckUperson,41,mrcnn,yolov8x.pt,1.0,1.0,0.3902,0.5614,0.25,0.42,0.25,50
nuscene,(prop1&prop2)Uprop3,(person&car)Ubus,40,mrcnn,yolov8x.pt,1.0,1.0,0.7,0.8235,0.25,0.42,0.25,50
nuscene,prop1Uprop2,truckUbus,40,mrcnn,yolov8x.pt,1.0,1.0,0.2632,0.4167,0.25,0.42,0.25,50
nuscene,prop1Uprop2,carUmotorcycle,41,mrcnn,yolov8x.pt,0.0,0.0,0.0,0.0,0.25,0.42,0.25,50
nuscene,(prop1&prop2)Uprop3,(motorcycle&truck)Ubicycle,39,mrcnn,yolov8x.pt,1.0,1.0,0.7143,0.8333,0.25,0.42,0.25,50
nuscene,prop1Uprop2,personUbicycle,40,mrcnn,yolov8x.pt,1.0,1.0,0.35,0.5185,0.25,0.42,0.25,50
nuscene,(prop1&prop2)Uprop3,(person&motorcycle)Ubicycle,41,mrcnn,yolov8x.pt,0.0,0.0,0.0,0.0,0.25,0.42,0.25,50
nuscene,prop1Uprop2,bicycleUmotorcycle,40,mrcnn,yolov8x.pt,0.0,0.0,0.0,0.0,0.25,0.42,0.25,50
nuscene,(prop1&prop2)Uprop3,(car&truck)Ubicycle,40,mrcnn,yolov8x.pt,0.8462,0.8462,0.3548,0.5,0.25,0.42,0.25,50
nuscene,prop1Uprop2,personUtruck,41,mrcnn,yolov8x.pt,1.0,1.0,0.5854,0.7385,0.25,0.42,0.25,50
nuscene,prop1Uprop2,motorcycleUbicycle,40,mrcnn,yolov8x.pt,0.0,0.0,0.0,0.0,0.25,0.42,0.25,50
nuscene,(prop1&prop2)Uprop3,(car&truck)Ubicycle,41,mrcnn,yolov8x.pt,1.0,1.0,0.4857,0.6538,0.25,0.42,0.25,50
nuscene,prop1Uprop2,truckUbicycle,40,mrcnn,yolov8x.pt,1.0,1.0,0.6579,0.7937,0.25,0.42,0.25,50
nuscene,(prop1&prop2)Uprop3,(person&bus)Ubicycle,41,mrcnn,yolov8x.pt,1.0,1.0,0.2683,0.4231,0.25,0.42,0.25,50
nuscene,prop1Uprop2,carUbus,40,mrcnn,yolov8x.pt,1.0,1.0,0.05,0.0952,0.25,0.42,0.25,50
nuscene,prop1Uprop2,personUbicycle,40,mrcnn,yolov8x.pt,0.5294,0.5294,0.2812,0.3673,0.25,0.42,0.25,50
nuscene,(prop1&prop2)Uprop3,(person&bus)Umotorcycle,41,mrcnn,yolov8x.pt,0.8571,0.8571,1.0,0.9231,0.25,0.42,0.25,50
nuscene,prop1Uprop2,truckUmotorcycle,40,mrcnn,yolov8x.pt,1.0,1.0,0.3077,0.4706,0.25,0.42,0.25,50
nuscene,prop1Uprop2,truckUmotorcycle,40,mrcnn,yolov8x.pt,0.0,0.0,0.0,0.0,0.25,0.42,0.25,50
nuscene,(prop1&prop2)Uprop3,(truck&car)Uperson,41,mrcnn,yolov8x.pt,0.3913,0.3913,0.5294,0.45,0.25,0.42,0.25,50
nuscene,prop1Uprop2,truckUmotorcycle,40,mrcnn,yolov8x.pt,1.0,1.0,0.0263,0.0513,0.25,0.42,0.25,50
nuscene,(prop1&prop2)Uprop3,(motorcycle&car)Ubicycle,40,mrcnn,yolov8x.pt,0.9286,0.9286,0.4483,0.6047,0.25,0.42,0.25,50
nuscene,prop1Uprop2,bicycleUtruck,41,mrcnn,yolov8x.pt,1.0,1.0,0.0294,0.0571,0.25,0.42,0.25,50
nuscene,prop1Uprop2,carUtruck,40,mrcnn,yolov8x.pt,0.0,0.0,0.0,0.0,0.25,0.42,0.25,50
nuscene,(prop1&prop2)Uprop3,(car&truck)Uperson,41,mrcnn,yolov8x.pt,1.0,1.0,0.2051,0.3404,0.25,0.42,0.25,50
nuscene,prop1Uprop2,carUtruck,40,mrcnn,yolov8x.pt,1.0,1.0,0.359,0.5283,0.25,0.42,0.25,50
nuscene,(prop1&prop2)Uprop3,(bus&person)Ubicycle,40,mrcnn,yolov8x.pt,0.0909,0.0909,0.0588,0.0714,0.25,0.42,0.25,50
nuscene,prop1Uprop2,carUperson,40,mrcnn,yolov8x.pt,1.0,1.0,0.375,0.5455,0.25,0.42,0.25,50
nuscene,(prop1&prop2)Uprop3,(car&truck)Ubicycle,39,mrcnn,yolov8x.pt,0.0,0.0,0.0,0.0,0.25,0.42,0.25,50
nuscene,prop1Uprop2,personUbicycle,40,mrcnn,yolov8x.pt,0.8571,0.8571,0.3,0.4444,0.25,0.42,0.25,50
nuscene,prop1Uprop2,truckUbicycle,40,mrcnn,yolov8x.pt,0.5,0.5,0.0435,0.08,0.25,0.42,0.25,50
nuscene,(prop1&prop2)Uprop3,(truck&bus)Ucar,40,mrcnn,yolov8x.pt,0.0,0.0,0.0,0.0,0.25,0.42,0.25,50
nuscene,prop1Uprop2,carUmotorcycle,40,mrcnn,yolov8x.pt,1.0,1.0,0.175,0.2979,0.25,0.42,0.25,50
nuscene,prop1Uprop2,truckUperson,40,mrcnn,yolov8x.pt,0.8333,0.8333,0.3333,0.4762,0.25,0.42,0.25,50
nuscene,(prop1&prop2)Uprop3,(truck&person)Ubus,41,mrcnn,yolov8x.pt,0.9167,0.9167,1.0,0.9565,0.25,0.42,0.25,50
nuscene,prop1Uprop2,carUtruck,39,mrcnn,yolov8x.pt,1.0,1.0,0.1795,0.3043,0.25,0.42,0.25,50
nuscene,(prop1&prop2)Uprop3,(car&truck)Ubus,40,mrcnn,yolov8x.pt,0.0,0.0,0.0,0.0,0.25,0.42,0.25,50
nuscene,prop1Uprop2,bicycleUbus,40,mrcnn,yolov8x.pt,1.0,1.0,0.0312,0.0606,0.25,0.42,0.25,50
nuscene,(prop1&prop2)Uprop3,(motorcycle&person)Ubicycle,40,mrcnn,yolov8x.pt,1.0,1.0,0.4286,0.6,0.25,0.42,0.25,50
nuscene,prop1Uprop2,truckUperson,41,mrcnn,yolov8x.pt,1.0,1.0,0.5,0.6667,0.25,0.42,0.25,50
nuscene,prop1Uprop2,motorcycleUtruck,40,mrcnn,yolov8x.pt,1.0,1.0,0.0968,0.1765,0.25,0.42,0.25,50
nuscene,(prop1&prop2)Uprop3,(person&car)Ubicycle,39,mrcnn,yolov8x.pt,0.0,0.0,0.0,0.0,0.25,0.42,0.25,50
nuscene,prop1Uprop2,truckUbicycle,40,mrcnn,yolov8x.pt,1.0,1.0,0.05,0.0952,0.25,0.42,0.25,50
nuscene,(prop1&prop2)Uprop3,(car&truck)Ubicycle,40,mrcnn,yolov8x.pt,0.0,0.0,0.0,0.0,0.25,0.42,0.25,50
nuscene,prop1Uprop2,personUbus,40,mrcnn,yolov8x.pt,0.0,0.0,0.0,0.0,0.25,0.42,0.25,50
nuscene,prop1Uprop2,carUbus,39,mrcnn,yolov8x.pt,0.0,0.0,0.0,0.0,0.25,0.42,0.25,50
nuscene,(prop1&prop2)Uprop3,(bus&car)Umotorcycle,41,mrcnn,yolov8x.pt,1.0,1.0,0.2333,0.3784,0.25,0.42,0.25,50
nuscene,prop1Uprop2,carUtruck,40,mrcnn,yolov8x.pt,1.0,1.0,0.325,0.4906,0.25,0.42,0.25,50
nuscene,(prop1&prop2)Uprop3,(person&car)Umotorcycle,41,mrcnn,yolov8x.pt,1.0,1.0,0.8293,0.9067,0.25,0.42,0.25,50
nuscene,prop1Uprop2,truckUbus,40,mrcnn,yolov8x.pt,1.0,1.0,0.325,0.4906,0.25,0.42,0.25,50
nuscene,prop1Uprop2,motorcycleUperson,40,mrcnn,yolov8x.pt,1.0,1.0,0.2857,0.4444,0.25,0.42,0.25,50
nuscene,(prop1&prop2)Uprop3,(bicycle&car)Ubus,39,mrcnn,yolov8x.pt,0.8824,0.8824,0.5357,0.6667,0.25,0.42,0.25,50
nuscene,prop1Uprop2,motorcycleUbicycle,40,mrcnn,yolov8x.pt,0.0,0.0,0.0,0.0,0.25,0.42,0.25,50
nuscene,(prop1&prop2)Uprop3,(car&truck)Umotorcycle,39,mrcnn,yolov8x.pt,0.0,0.0,0.0,0.0,0.25,0.42,0.25,50
nuscene,prop1Uprop2,carUbus,41,mrcnn,yolov8x.pt,1.0,1.0,0.3514,0.52,0.25,0.42,0.25,50
nuscene,prop1Uprop2,motorcycleUbus,39,mrcnn,yolov8x.pt,0.2,0.2,0.1667,0.1818,0.25,0.42,0.25,50
nuscene,(prop1&prop2)Uprop3,(truck&bus)Ubicycle,40,mrcnn,yolov8x.pt,0.0,0.0,0.0,0.0,0.25,0.42,0.25,50
nuscene,prop1Uprop2,carUperson,41,mrcnn,yolov8x.pt,0.4,0.4,0.2857,0.3333,0.25,0.42,0.25,50
nuscene,(prop1&prop2)Uprop3,(car&truck)Ubus,39,mrcnn,yolov8x.pt,0.6129,0.6129,0.7037,0.6552,0.25,0.42,0.25,50
nuscene,prop1Uprop2,personUbicycle,40,mrcnn,yolov8x.pt,0.0,0.0,0.0,0.0,0.25,0.42,0.25,50
nuscene,prop1Uprop2,personUbicycle,40,mrcnn,yolov8x.pt,1.0,1.0,0.8,0.8889,0.25,0.42,0.25,50
nuscene,(prop1&prop2)Uprop3,(car&truck)Ubus,40,mrcnn,yolov8x.pt,1.0,1.0,0.6,0.75,0.25,0.42,0.25,50
nuscene,prop1Uprop2,personUmotorcycle,41,mrcnn,yolov8x.pt,1.0,1.0,0.4211,0.5926,0.25,0.42,0.25,50
nuscene,(prop1&prop2)Uprop3,(person&car)Ubicycle,40,mrcnn,yolov8x.pt,0.0,0.0,0.0,0.0,0.25,0.42,0.25,50
nuscene,prop1Uprop2,carUbus,40,mrcnn,yolov8x.pt,1.0,1.0,0.025,0.0488,0.25,0.42,0.25,50
nuscene,prop1Uprop2,personUbicycle,40,mrcnn,yolov8x.pt,1.0,1.0,0.0541,0.1026,0.25,0.42,0.25,50
nuscene,(prop1&prop2)Uprop3,(motorcycle&bicycle)Ubus,41,mrcnn,yolov8x.pt,1.0,1.0,0.2683,0.4231,0.25,0.42,0.25,50
nuscene,prop1Uprop2,truckUbicycle,39,mrcnn,yolov8x.pt,1.0,1.0,0.15,0.2609,0.25,0.42,0.25,50
nuscene,(prop1&prop2)Uprop3,(person&car)Utruck,41,mrcnn,yolov8x.pt,1.0,1.0,0.4878,0.6557,0.25,0.42,0.25,50
nuscene,prop1Uprop2,carUbicycle,40,mrcnn,yolov8x.pt,1.0,1.0,0.2,0.3333,0.25,0.42,0.25,50
nuscene,prop1Uprop2,carUtruck,41,mrcnn,yolov8x.pt,0.6923,0.6923,0.4737,0.5625,0.25,0.42,0.25,50
nuscene,(prop1&prop2)Uprop3,(person&car)Ubicycle,40,mrcnn,yolov8x.pt,1.0,1.0,0.35,0.5185,0.25,0.42,0.25,50
nuscene,prop1Uprop2,bicycleUbus,40,mrcnn,yolov8x.pt,0.0,0.0,0.0,0.0,0.25,0.42,0.25,50
nuscene,(prop1&prop2)Uprop3,(person&car)Ubicycle,40,mrcnn,yolov8x.pt,1.0,1.0,0.75,0.8571,0.25,0.42,0.25,50
nuscene,prop1Uprop2,carUperson,41,mrcnn,yolov8x.pt,1.0,1.0,0.2439,0.3922,0.25,0.42,0.25,50
nuscene,prop1Uprop2,personUbicycle,40,mrcnn,yolov8x.pt,0.0,0.0,0.0,0.0,0.25,0.42,0.25,50
nuscene,(prop1&prop2)Uprop3,(car&truck)Umotorcycle,40,mrcnn,yolov8x.pt,0.0,0.0,0.0,0.0,0.25,0.42,0.25,50
nuscene,prop1Uprop2,busUbicycle,41,mrcnn,yolov8x.pt,0.0,0.0,0.0,0.0,0.25,0.42,0.25,50
nuscene,(prop1&prop2)Uprop3,(person&car)Ubus,41,mrcnn,yolov8x.pt,1.0,1.0,0.2703,0.4255,0.25,0.42,0.25,50
nuscene,prop1Uprop2,personUbus,41,mrcnn,yolov8x.pt,1.0,1.0,0.3415,0.5091,0.25,0.42,0.25,50
nuscene,prop1Uprop2,personUbicycle,40,mrcnn,yolov8x.pt,0.2308,0.2308,0.3,0.2609,0.25,0.42,0.25,50
nuscene,(prop1&prop2)Uprop3,(person&car)Ubicycle,40,mrcnn,yolov8x.pt,0.8696,0.8696,0.6061,0.7143,0.25,0.42,0.25,50
nuscene,prop1Uprop2,carUmotorcycle,40,mrcnn,yolov8x.pt,0.0,0.0,0.0,0.0,0.25,0.42,0.25,50
nuscene,(prop1&prop2)Uprop3,(bicycle&car)Uperson,41,mrcnn,yolov8x.pt,0.1667,0.1667,0.0769,0.1053,0.25,0.42,0.25,50
nuscene,prop1Uprop2,personUcar,41,mrcnn,yolov8x.pt,0.9333,0.9333,0.7568,0.8358,0.25,0.42,0.25,50
nuscene,prop1Uprop2,busUperson,40,mrcnn,yolov8x.pt,1.0,1.0,0.15,0.2609,0.25,0.42,0.25,50
nuscene,(prop1&prop2)Uprop3,(person&car)Ubicycle,41,mrcnn,yolov8x.pt,1.0,1.0,0.5854,0.7385,0.25,0.42,0.25,50
nuscene,prop1Uprop2,truckUbus,40,mrcnn,yolov8x.pt,0.0,0.0,0.0,0.0,0.25,0.42,0.25,50
nuscene,(prop1&prop2)Uprop3,(bicycle&car)Utruck,41,mrcnn,yolov8x.pt,0.0,0.0,0.0,0.0,0.25,0.42,0.25,50
nuscene,prop1Uprop2,truckUmotorcycle,40,mrcnn,yolov8x.pt,1.0,1.0,0.1795,0.3043,0.25,0.42,0.25,50
nuscene,(prop1&prop2)Uprop3,(motorcycle&car)Ubus,39,mrcnn,yolov8x.pt,1.0,1.0,0.3784,0.549,0.25,0.42,0.25,50
nuscene,prop1Uprop2,bicycleUmotorcycle,40,mrcnn,yolov8x.pt,1.0,1.0,0.225,0.3673,0.25,0.42,0.25,50
nuscene,prop1Uprop2,truckUperson,40,mrcnn,yolov8x.pt,1.0,1.0,0.225,0.3673,0.25,0.42,0.25,50
nuscene,(prop1&prop2)Uprop3,(person&car)Umotorcycle,40,mrcnn,yolov8x.pt,0.75,0.75,0.5294,0.6207,0.25,0.42,0.25,50
nuscene,prop1Uprop2,busUperson,40,mrcnn,yolov8x.pt,1.0,1.0,0.375,0.5455,0.25,0.42,0.25,50
nuscene,(prop1&prop2)Uprop3,(car&truck)Uperson,41,mrcnn,yolov8x.pt,1.0,1.0,0.0976,0.1778,0.25,0.42,0.25,50
nuscene,prop1Uprop2,motorcycleUbicycle,40,mrcnn,yolov8x.pt,0.0,0.0,0.0,0.0,0.25,0.42,0.25,50
nuscene,prop1Uprop2,carUmotorcycle,41,mrcnn,yolov8x.pt,1.0,1.0,0.025,0.0488,0.25,0.42,0.25,50
nuscene,(prop1&prop2)Uprop3,(car&truck)Uperson,40,mrcnn,yolov8x.pt,1.0,1.0,0.3421,0.5098,0.25,0.42,0.25,50
nuscene,prop1Uprop2,bicycleUbus,40,mrcnn,yolov8x.pt,1.0,1.0,0.2069,0.3429,0.25,0.42,0.25,50
nuscene,(prop1&prop2)Uprop3,(car&truck)Uperson,40,mrcnn,yolov8x.pt,1.0,1.0,0.3,0.4615,0.25,0.42,0.25,50
nuscene,prop1Uprop2,motorcycleUbicycle,39,mrcnn,yolov8x.pt,1.0,1.0,0.2143,0.3529,0.25,0.42,0.25,50
nuscene,(prop1&prop2)Uprop3,(person&car)Ubicycle,39,mrcnn,yolov8x.pt,0.8235,0.8235,0.5385,0.6512,0.25,0.42,0.25,50
nuscene,prop1Uprop2,personUbicycle,40,mrcnn,yolov8x.pt,0.8824,0.8824,0.5172,0.6522,0.25,0.42,0.25,50
nuscene,prop1Uprop2,carUbicycle,40,mrcnn,yolov8x.pt,1.0,1.0,0.175,0.2979,0.25,0.42,0.25,50
nuscene,(prop1&prop2)Uprop3,(person&car)Umotorcycle,40,mrcnn,yolov8x.pt,0.8,0.8,0.1176,0.2051,0.25,0.42,0.25,50
nuscene,prop1Uprop2,carUbicycle,41,mrcnn,yolov8x.pt,1.0,1.0,0.2857,0.4444,0.25,0.42,0.25,50
nuscene,(prop1&prop2)Uprop3,(person&car)Utruck,40,mrcnn,yolov8x.pt,1.0,1.0,0.4324,0.6038,0.25,0.42,0.25,50
nuscene,prop1Uprop2,personUbicycle,39,mrcnn,yolov8x.pt,0.0,0.0,0.0,0.0,0.25,0.42,0.25,50
nuscene,prop1Uprop2,carUbicycle,40,mrcnn,yolov8x.pt,0.0,0.0,0.0,0.0,0.25,0.42,0.25,50
nuscene,(prop1&prop2)Uprop3,(person&car)Ubicycle,41,mrcnn,yolov8x.pt,0.3684,0.3684,0.4118,0.3889,0.25,0.42,0.25,50
nuscene,prop1Uprop2,busUcar,41,mrcnn,yolov8x.pt,1.0,1.0,0.4737,0.6429,0.25,0.42,0.25,50
nuscene,(prop1&prop2)Uprop3,(car&truck)Ubus,40,mrcnn,yolov8x.pt,0.0,0.0,0.0,0.0,0.25,0.42,0.25,50
nuscene,prop1Uprop2,carUbicycle,40,mrcnn,yolov8x.pt,0.0,0.0,0.0,0.0,0.25,0.42,0.25,50
nuscene,(prop1&prop2)Uprop3,(bicycle&car)Umotorcycle,39,mrcnn,yolov8x.pt,0.0,0.0,0.0,0.0,0.25,0.42,0.25,50
nuscene,prop1Uprop2,bicycleUtruck,41,mrcnn,yolov8x.pt,0.0,0.0,0.0,0.0,0.25,0.42,0.25,50
nuscene,prop1Uprop2,personUmotorcycle,40,mrcnn,yolov8x.pt,0.75,0.75,0.5294,0.6207,0.25,0.42,0.25,50
nuscene,(prop1&prop2)Uprop3,(car&truck)Ubicycle,40,mrcnn,yolov8x.pt,1.0,1.0,0.175,0.2979,0.25,0.42,0.25,50
nuscene,prop1Uprop2,carUmotorcycle,39,mrcnn,yolov8x.pt,0.0,0.0,0.0,0.0,0.25,0.42,0.25,50
nuscene,(prop1&prop2)Uprop3,(person&car)Ubicycle,40,mrcnn,yolov8x.pt,1.0,1.0,0.325,0.4906,0.25,0.42,0.25,50
nuscene,prop1Uprop2,carUmotorcycle,41,mrcnn,yolov8x.pt,0.0,0.0,0.0,0.0,0.25,0.42,0.25,50
nuscene,(prop1&prop2)Uprop3,(person&car)Umotorcycle,40,mrcnn,yolov8x.pt,1.0,1.0,0.4333,0.6047,0.25,0.42,0.25,50
nuscene,prop1Uprop2,truckUbus,41,mrcnn,yolov8x.pt,1.0,1.0,0.0294,0.0571,0.25,0.42,0.25,50
nuscene,prop1Uprop2,personUbicycle,41,mrcnn,yolov8x.pt,1.0,1.0,0.122,0.2174,0.25,0.42,0.25,50
nuscene,(prop1&prop2)Uprop3,(bicycle&person)Utruck,41,mrcnn,yolov8x.pt,1.0,1.0,0.0909,0.1667,0.25,0.42,0.25,50
nuscene,prop1Uprop2,truckUbicycle,40,mrcnn,yolov8x.pt,1.0,1.0,0.1389,0.2439,0.25,0.42,0.25,50
nuscene,(prop1&prop2)Uprop3,(person&car)Umotorcycle,40,mrcnn,yolov8x.pt,0.0,0.0,0.0,0.0,0.25,0.42,0.25,50
nuscene,prop1Uprop2,bicycleUmotorcycle,39,mrcnn,yolov8x.pt,0.0,0.0,0.0,0.0,0.25,0.42,0.25,50
nuscene,prop1Uprop2,personUbicycle,41,mrcnn,yolov8x.pt,0.3182,0.3182,0.4118,0.359,0.25,0.42,0.25,50
nuscene,(prop1&prop2)Uprop3,(person&car)Ubicycle,40,mrcnn,yolov8x.pt,0.4,0.4,0.4,0.4,0.25,0.42,0.25,50
nuscene,prop1Uprop2,truckUbus,39,mrcnn,yolov8x.pt,1.0,1.0,0.5,0.6667,0.25,0.42,0.25,50
nuscene,(prop1&prop2)Uprop3,(car&truck)Uperson,41,mrcnn,yolov8x.pt,0.0,0.0,0.0,0.0,0.25,0.42,0.25,50
nuscene,prop1Uprop2,carUbus,41,mrcnn,yolov8x.pt,0.0,0.0,0.0,0.0,0.25,0.42,0.25,50
nuscene,(prop1&prop2)Uprop3,(truck&person)Ubicycle,40,mrcnn,yolov8x.pt,0.6,0.6,0.45,0.5143,0.25,0.42,0.25,50
nuscene,prop1Uprop2,carUmotorcycle,41,mrcnn,yolov8x.pt,0.5,0.5,0.2,0.2857,0.25,0.42,0.25,50
nuscene,prop1Uprop2,carUbus,40,mrcnn,yolov8x.pt,1.0,1.0,0.175,0.2979,0.25,0.42,0.25,50
nuscene,(prop1&prop2)Uprop3,(car&truck)Uperson,41,mrcnn,yolov8x.pt,1.0,1.0,0.3659,0.5357,0.25,0.42,0.25,50
nuscene,prop1Uprop2,carUperson,40,mrcnn,yolov8x.pt,1.0,1.0,0.175,0.2979,0.25,0.42,0.25,50
nuscene,(prop1&prop2)Uprop3,(truck&car)Uperson,40,mrcnn,yolov8x.pt,1.0,1.0,0.0513,0.0976,0.25,0.42,0.25,50
nuscene,prop1Uprop2,bicycleUmotorcycle,40,mrcnn,yolov8x.pt,1.0,1.0,0.3929,0.5641,0.25,0.42,0.25,50
nuscene,prop1Uprop2,personUbicycle,40,mrcnn,yolov8x.pt,0.6,0.6,0.5714,0.5854,0.25,0.42,0.25,50
nuscene,(prop1&prop2)Uprop3,(person&car)Ubicycle,40,mrcnn,yolov8x.pt,1.0,1.0,0.75,0.8571,0.25,0.42,0.25,50
nuscene,prop1Uprop2,carUbicycle,40,mrcnn,yolov8x.pt,1.0,1.0,0.075,0.1395,0.25,0.42,0.25,50
nuscene,(prop1&prop2)Uprop3,(bus&car)Ubicycle,41,mrcnn,yolov8x.pt,0.2414,0.2414,0.7778,0.3684,0.25,0.42,0.25,50
nuscene,prop1Uprop2,truckUperson,41,mrcnn,yolov8x.pt,0.6087,0.6087,0.56,0.5833,0.25,0.42,0.25,50
nuscene,(prop1&prop2)Uprop3,(person&car)Ubus,39,mrcnn,yolov8x.pt,1.0,1.0,0.4103,0.5818,0.25,0.42,0.25,50
nuscene,prop1Uprop2,personUmotorcycle,40,mrcnn,yolov8x.pt,0.0,0.0,0.0,0.0,0.25,0.42,0.25,50
nuscene,prop1Uprop2,carUmotorcycle,41,mrcnn,yolov8x.pt,1.0,1.0,0.1667,0.2857,0.25,0.42,0.25,50
nuscene,(prop1&prop2)Uprop3,(bicycle&person)Ubus,40,mrcnn,yolov8x.pt,1.0,1.0,0.4571,0.6275,0.25,0.42,0.25,50
nuscene,prop1Uprop2,carUbus,40,mrcnn,yolov8x.pt,1.0,1.0,0.325,0.4906,0.25,0.42,0.25,50
nuscene,(prop1&prop2)Uprop3,(car&truck)Uperson,41,mrcnn,yolov8x.pt,0.3571,0.3571,0.1786,0.2381,0.25,0.42,0.25,50
nuscene,prop1Uprop2,carUmotorcycle,40,mrcnn,yolov8x.pt,0.0,0.0,0.0,0.0,0.25,0.42,0.25,50
nuscene,prop1Uprop2,personUbicycle,40,mrcnn,yolov8x.pt,0.0,0.0,0.0,0.0,0.25,0.42,0.25,50
nuscene,(prop1&prop2)Uprop3,(truck&person)Umotorcycle,39,mrcnn,yolov8x.pt,1.0,1.0,0.65,0.7879,0.25,0.42,0.25,50
nuscene,prop1Uprop2,personUmotorcycle,41,mrcnn,yolov8x.pt,0.2083,0.2083,0.3846,0.2703,0.25,0.42,0.25,50
nuscene,(prop1&prop2)Uprop3,(car&truck)Ubicycle,40,mrcnn,yolov8x.pt,0.0,0.0,0.0,0.0,0.25,0.42,0.25,50
nuscene,prop1Uprop2,personUbicycle,39,mrcnn,yolov8x.pt,1.0,1.0,0.1538,0.2667,0.25,0.42,0.25,50
nuscene,prop1Uprop2,personUbus,39,mrcnn,yolov8x.pt,1.0,1.0,0.641,0.7813,0.25,0.42,0.25,50
nuscene,(prop1&prop2)Uprop3,(person&car)Ubicycle,41,mrcnn,yolov8x.pt,0.8235,0.8235,0.4,0.5385,0.25,0.42,0.25,50
nuscene,prop1Uprop2,personUmotorcycle,40,mrcnn,yolov8x.pt,0.55,0.55,0.4783,0.5116,0.25,0.42,0.25,50
nuscene,(prop1&prop2)Uprop3,(person&car)Ubus,39,mrcnn,yolov8x.pt,1.0,1.0,0.4615,0.6316,0.25,0.42,0.25,50
nuscene,prop1Uprop2,personUbicycle,40,mrcnn,yolov8x.pt,1.0,1.0,0.075,0.1395,0.25,0.42,0.25,50
nuscene,(prop1&prop2)Uprop3,(car&truck)Uperson,41,mrcnn,yolov8x.pt,1.0,1.0,0.5,0.6667,0.25,0.42,0.25,50
nuscene,prop1Uprop2,personUtruck,40,mrcnn,yolov8x.pt,0.0,0.0,0.0,0.0,0.25,0.42,0.25,50
nuscene,prop1Uprop2,personUbicycle,40,mrcnn,yolov8x.pt,0.8077,0.8077,0.6176,0.7,0.25,0.42,0.25,50
nuscene,(prop1&prop2)Uprop3,(person&bus)Utruck,41,mrcnn,yolov8x.pt,1.0,1.0,0.2683,0.4231,0.25,0.42,0.25,50
nuscene,prop1Uprop2,personUmotorcycle,40,mrcnn,yolov8x.pt,0.9211,0.9211,0.9459,0.9333,0.25,0.42,0.25,50
nuscene,(prop1&prop2)Uprop3,(person&car)Utruck,41,mrcnn,yolov8x.pt,1.0,1.0,0.0732,0.1364,0.25,0.42,0.25,50
nuscene,prop1Uprop2,carUbicycle,39,mrcnn,yolov8x.pt,0.0,0.0,0.0,0.0,0.25,0.42,0.25,50
nuscene,prop1Uprop2,truckUmotorcycle,39,mrcnn,yolov8x.pt,0.0,0.0,0.0,0.0,0.25,0.42,0.25,50
nuscene,(prop1&prop2)Uprop3,(person&car)Umotorcycle,41,mrcnn,yolov8x.pt,0.0,0.0,0.0,0.0,0.25,0.42,0.25,50
nuscene,prop1Uprop2,carUperson,40,mrcnn,yolov8x.pt,1.0,1.0,0.075,0.1395,0.25,0.42,0.25,50
nuscene,(prop1&prop2)Uprop3,(truck&person)Umotorcycle,40,mrcnn,yolov8x.pt,1.0,1.0,0.2647,0.4186,0.25,0.42,0.25,50
nuscene,prop1Uprop2,personUtruck,41,mrcnn,yolov8x.pt,1.0,1.0,0.2195,0.36,0.25,0.42,0.25,50
nuscene,(prop1&prop2)Uprop3,(person&car)Ubicycle,39,mrcnn,yolov8x.pt,1.0,1.0,0.3333,0.5,0.25,0.42,0.25,50
nuscene,prop1Uprop2,carUbicycle,41,mrcnn,yolov8x.pt,0.2143,0.2143,0.1765,0.1935,0.25,0.42,0.25,50
nuscene,prop1Uprop2,bicycleUmotorcycle,40,mrcnn,yolov8x.pt,0.0769,0.0769,0.1429,0.1,0.25,0.42,0.25,50
nuscene,(prop1&prop2)Uprop3,(person&car)Utruck,40,mrcnn,yolov8x.pt,0.0,0.0,0.0,0.0,0.25,0.42,0.25,50
nuscene,prop1Uprop2,carUperson,40,mrcnn,yolov8x.pt,0.0,0.0,0.0,0.0,0.25,0.42,0.25,50
nuscene,(prop1&prop2)Uprop3,(person&car)Ubicycle,39,mrcnn,yolov8x.pt,0.625,0.625,0.5556,0.5882,0.25,0.42,0.25,50
nuscene,prop1Uprop2,truckUmotorcycle,40,mrcnn,yolov8x.pt,1.0,1.0,0.0263,0.0513,0.25,0.42,0.25,50
nuscene,prop1Uprop2,carUbicycle,40,mrcnn,yolov8x.pt,0.0,0.0,0.0,0.0,0.25,0.42,0.25,50
nuscene,(prop1&prop2)Uprop3,(car&truck)Uperson,41,mrcnn,yolov8x.pt,1.0,1.0,0.4872,0.6552,0.25,0.42,0.25,50
nuscene,prop1Uprop2,personUbus,40,mrcnn,yolov8x.pt,1.0,1.0,0.3667,0.5366,0.25,0.42,0.25,50
nuscene,(prop1&prop2)Uprop3,(car&truck)Uperson,40,mrcnn,yolov8x.pt,1.0,1.0,0.15,0.2609,0.25,0.42,0.25,50
nuscene,prop1Uprop2,carUtruck,40,mrcnn,yolov8x.pt,1.0,1.0,0.55,0.7097,0.25,0.42,0.25,50
nuscene,prop1Uprop2,personUtruck,40,mrcnn,yolov8x.pt,0.9444,0.9444,0.4595,0.6182,0.25,0.42,0.25,50
nuscene,(prop1&prop2)Uprop3,(car&person)Umotorcycle,40,mrcnn,yolov8x.pt,0.9286,0.9286,0.6842,0.7879,0.25,0.42,0.25,50
nuscene,prop1Uprop2,truckUmotorcycle,39,mrcnn,yolov8x.pt,0.0,0.0,0.0,0.0,0.25,0.42,0.25,50
nuscene,(prop1&prop2)Uprop3,(person&car)Ubicycle,41,mrcnn,yolov8x.pt,1.0,1.0,0.3659,0.5357,0.25,0.42,0.25,50
nuscene,prop1Uprop2,carUperson,41,mrcnn,yolov8x.pt,1.0,1.0,0.0541,0.1026,0.25,0.42,0.25,50
nuscene,prop1Uprop2,carUmotorcycle,40,mrcnn,yolov8x.pt,1.0,1.0,0.0556,0.1053,0.25,0.42,0.25,50
nuscene,(prop1&prop2)Uprop3,(person&car)Umotorcycle,40,mrcnn,yolov8x.pt,0.0,0.0,0.0,0.0,0.25,0.42,0.25,50
nuscene,prop1Uprop2,personUmotorcycle,39,mrcnn,yolov8x.pt,1.0,1.0,0.3939,0.5652,0.25,0.42,0.25,50
nuscene,(prop1&prop2)Uprop3,(car&person)Ubicycle,40,mrcnn,yolov8x.pt,0.8261,0.8261,0.6552,0.7308,0.25,0.42,0.25,50
nuscene,prop1Uprop2,personUbicycle,39,mrcnn,yolov8x.pt,1.0,1.0,0.1212,0.2162,0.25,0.42,0.25,50
nuscene,(prop1&prop2)Uprop3,(car&truck)Uperson,41,mrcnn,yolov8x.pt,0.0,0.0,0.0,0.0,0.25,0.42,0.25,50
nuscene,prop1Uprop2,personUbus,40,mrcnn,yolov8x.pt,1.0,1.0,0.3,0.4615,0.25,0.42,0.25,50
nuscene,prop1Uprop2,personUmotorcycle,40,mrcnn,yolov8x.pt,1.0,1.0,0.2571,0.4091,0.25,0.42,0.25,50
nuscene,(prop1&prop2)Uprop3,(person&car)Umotorcycle,40,mrcnn,yolov8x.pt,1.0,1.0,0.2857,0.4444,0.25,0.42,0.25,50
nuscene,prop1Uprop2,personUmotorcycle,39,mrcnn,yolov8x.pt,1.0,1.0,0.1176,0.2105,0.25,0.42,0.25,50
nuscene,(prop1&prop2)Uprop3,(car&truck)Uperson,41,mrcnn,yolov8x.pt,0.0588,0.0588,0.04,0.0476,0.25,0.42,0.25,50
nuscene,prop1Uprop2,motorcycleUperson,40,mrcnn,yolov8x.pt,1.0,1.0,0.0323,0.0625,0.25,0.42,0.25,50
nuscene,prop1Uprop2,carUmotorcycle,40,mrcnn,yolov8x.pt,0.0,0.0,0.0,0.0,0.25,0.42,0.25,50
nuscene,(prop1&prop2)Uprop3,(person&car)Umotorcycle,39,mrcnn,yolov8x.pt,1.0,1.0,0.4103,0.5818,0.25,0.42,0.25,50
nuscene,prop1Uprop2,busUmotorcycle,41,mrcnn,yolov8x.pt,0.0,0.0,0.0,0.0,0.25,0.42,0.25,50
nuscene,(prop1&prop2)Uprop3,(car&truck)Ubicycle,40,mrcnn,yolov8x.pt,0.8824,0.8824,0.9677,0.9231,0.25,0.42,0.25,50
nuscene,prop1Uprop2,truckUbicycle,40,mrcnn,yolov8x.pt,0.0,0.0,0.0,0.0,0.25,0.42,0.25,50
nuscene,prop1Uprop2,personUtruck,40,mrcnn,yolov8x.pt,1.0,1.0,0.95,0.9744,0.25,0.42,0.25,50
nuscene,(prop1&prop2)Uprop3,(truck&car)Uperson,40,mrcnn,yolov8x.pt,0.8889,0.8889,0.5333,0.6667,0.25,0.42,0.25,50
nuscene,prop1Uprop2,carUbicycle,41,mrcnn,yolov8x.pt,0.0,0.0,0.0,0.0,0.25,0.42,0.25,50
nuscene,(prop1&prop2)Uprop3,(person&car)Utruck,40,mrcnn,yolov8x.pt,1.0,1.0,0.4545,0.625,0.25,0.42,0.25,50
nuscene,prop1Uprop2,truckUbicycle,40,mrcnn,yolov8x.pt,1.0,1.0,0.1034,0.1875,0.25,0.42,0.25,50
nuscene,prop1Uprop2,truckUmotorcycle,39,mrcnn,yolov8x.pt,1.0,1.0,0.1818,0.3077,0.25,0.42,0.25,50
nuscene,(prop1&prop2)Uprop3,(bicycle&person)Umotorcycle,41,mrcnn,yolov8x.pt,1.0,1.0,0.087,0.16,0.25,0.42,0.25,50
nuscene,prop1Uprop2,carUbicycle,40,mrcnn,yolov8x.pt,1.0,1.0,0.1944,0.3256,0.25,0.42,0.25,50
nuscene,(prop1&prop2)Uprop3,(person&motorcycle)Ubicycle,40,mrcnn,yolov8x.pt,0.0,0.0,0.0,0.0,0.25,0.42,0.25,50
nuscene,prop1Uprop2,carUbicycle,40,mrcnn,yolov8x.pt,0.6667,0.6667,0.0741,0.1333,0.25,0.42,0.25,50
nuscene,(prop1&prop2)Uprop3,(person&car)Umotorcycle,41,mrcnn,yolov8x.pt,0.8889,0.8889,0.7273,0.8,0.25,0.42,0.25,50
nuscene,prop1Uprop2,carUtruck,39,mrcnn,yolov8x.pt,0.0,0.0,0.0,0.0,0.25,0.42,0.25,50
nuscene,prop1Uprop2,motorcycleUbicycle,40,mrcnn,yolov8x.pt,0.0,0.0,0.0,0.0,0.25,0.42,0.25,50
nuscene,(prop1&prop2)Uprop3,(person&car)Ubus,40,mrcnn,yolov8x.pt,1.0,1.0,0.4,0.5714,0.25,0.42,0.25,50
nuscene,prop1Uprop2,bicycleUmotorcycle,41,mrcnn,yolov8x.pt,1.0,1.0,0.2609,0.4138,0.25,0.42,0.25,50
nuscene,(prop1&prop2)Uprop3,(car&truck)Ubicycle,40,mrcnn,yolov8x.pt,0.0,0.0,0.0,0.0,0.25,0.42,0.25,50
nuscene,prop1Uprop2,truckUperson,40,mrcnn,yolov8x.pt,1.0,1.0,0.575,0.7302,0.25,0.42,0.25,50
nuscene,prop1Uprop2,truckUbicycle,40,mrcnn,yolov8x.pt,1.0,1.0,0.175,0.2979,0.25,0.42,0.25,50
nuscene,(prop1&prop2)Uprop3,(person&car)Ubus,40,mrcnn,yolov8x.pt,1.0,1.0,0.775,0.8732,0.25,0.42,0.25,50
nuscene,prop1Uprop2,personUmotorcycle,40,mrcnn,yolov8x.pt,1.0,1.0,0.8462,0.9167,0.25,0.42,0.25,50
nuscene,(prop1&prop2)Uprop3,(bicycle&truck)Umotorcycle,40,mrcnn,yolov8x.pt,0.0769,0.0769,0.1429,0.1,0.25,0.42,0.25,50
nuscene,prop1Uprop2,carUmotorcycle,40,mrcnn,yolov8x.pt,0.0,0.0,0.0,0.0,0.25,0.42,0.25,50
nuscene,(prop1&prop2)Uprop3,(person&car)Umotorcycle,41,mrcnn,yolov8x.pt,1.0,1.0,0.4211,0.5926,0.25,0.42,0.25,50
nuscene,prop1Uprop2,busUbicycle,41,mrcnn,yolov8x.pt,1.0,1.0,0.3659,0.5357,0.25,0.42,0.25,50
nuscene,prop1Uprop2,carUbicycle,40,mrcnn,yolov8x.pt,1.0,1.0,0.08,0.1481,0.25,0.42,0.25,50
nuscene,(prop1&prop2)Uprop3,(person&bus)Umotorcycle,40,mrcnn,yolov8x.pt,1.0,1.0,0.3,0.4615,0.25,0.42,0.25,50
nuscene,prop1Uprop2,carUbus,39,mrcnn,yolov8x.pt,0.0,0.0,0.0,0.0,0.25,0.42,0.25,50
nuscene,(prop1&prop2)Uprop3,(car&truck)Umotorcycle,40,mrcnn,yolov8x.pt,1.0,1.0,0.25,0.4,0.25,0.42,0.25,50
nuscene,prop1Uprop2,carUtruck,41,mrcnn,yolov8x.pt,0.7222,0.7222,0.5417,0.619,0.25,0.42,0.25,50
nuscene,prop1Uprop2,personUbus,40,mrcnn,yolov8x.pt,0.7143,0.7143,0.4167,0.5263,0.25,0.42,0.25,50
nuscene,(prop1&prop2)Uprop3,(car&truck)Umotorcycle,40,mrcnn,yolov8x.pt,1.0,1.0,0.325,0.4906,0.25,0.42,0.25,50
nuscene,prop1Uprop2,bicycleUperson,40,mrcnn,yolov8x.pt,0.0,0.0,0.0,0.0,0.25,0.42,0.25,50
nuscene,(prop1&prop2)Uprop3,(person&car)Umotorcycle,40,mrcnn,yolov8x.pt,1.0,1.0,0.525,0.6885,0.25,0.42,0.25,50
nuscene,prop1Uprop2,busUtruck,40,mrcnn,yolov8x.pt,1.0,1.0,0.05,0.0952,0.25,0.42,0.25,50
nuscene,prop1Uprop2,truckUmotorcycle,39,mrcnn,yolov8x.pt,0.0,0.0,0.0,0.0,0.25,0.42,0.25,50
nuscene,(prop1&prop2)Uprop3,(bicycle&person)Ubus,39,mrcnn,yolov8x.pt,0.9,0.9,0.45,0.6,0.25,0.42,0.25,50
nuscene,prop1Uprop2,carUbicycle,40,mrcnn,yolov8x.pt,1.0,1.0,0.2105,0.3478,0.25,0.42,0.25,50
nuscene,(prop1&prop2)Uprop3,(car&truck)Umotorcycle,40,mrcnn,yolov8x.pt,1.0,1.0,0.25,0.4,0.25,0.42,0.25,50
nuscene,prop1Uprop2,carUbicycle,40,mrcnn,yolov8x.pt,0.75,0.75,0.1034,0.1818,0.25,0.42,0.25,50
nuscene,(prop1&prop2)Uprop3,(person&car)Umotorcycle,39,mrcnn,yolov8x.pt,0.0,0.0,0.0,0.0,0.25,0.42,0.25,50
nuscene,prop1Uprop2,motorcycleUbus,41,mrcnn,yolov8x.pt,1.0,1.0,0.2927,0.4528,0.25,0.42,0.25,50
nuscene,prop1Uprop2,personUmotorcycle,40,mrcnn,yolov8x.pt,0.875,0.875,0.6364,0.7368,0.25,0.42,0.25,50
nuscene,(prop1&prop2)Uprop3,(car&truck)Uperson,40,mrcnn,yolov8x.pt,1.0,1.0,0.625,0.7692,0.25,0.42,0.25,50
nuscene,prop1Uprop2,busUmotorcycle,40,mrcnn,yolov8x.pt,0.0,0.0,0.0,0.0,0.25,0.42,0.25,50
nuscene,(prop1&prop2)Uprop3,(person&bus)Ubicycle,40,mrcnn,yolov8x.pt,1.0,1.0,0.05,0.0952,0.25,0.42,0.25,50
nuscene,prop1Uprop2,bicycleUtruck,40,mrcnn,yolov8x.pt,1.0,1.0,0.0882,0.1622,0.25,0.42,0.25,50
nuscene,(prop1&prop2)Uprop3,(car&truck)Umotorcycle,40,mrcnn,yolov8x.pt,0.0,0.0,0.0,0.0,0.25,0.42,0.25,50
nuscene,prop1Uprop2,personUbicycle,40,mrcnn,yolov8x.pt,1.0,1.0,0.875,0.9333,0.25,0.42,0.25,50
nuscene,prop1Uprop2,truckUmotorcycle,40,mrcnn,yolov8x.pt,1.0,1.0,0.325,0.4906,0.25,0.42,0.25,50
nuscene,(prop1&prop2)Uprop3,(person&car)Ubicycle,41,mrcnn,yolov8x.pt,0.2,0.2,0.1304,0.1579,0.25,0.42,0.25,50
nuscene,prop1Uprop2,truckUbicycle,40,mrcnn,yolov8x.pt,1.0,1.0,0.2162,0.3556,0.25,0.42,0.25,50
nuscene,(prop1&prop2)Uprop3,(bus&bicycle)Umotorcycle,40,mrcnn,yolov8x.pt,0.0,0.0,0.0,0.0,0.25,0.42,0.25,50
nuscene,prop1Uprop2,busUmotorcycle,41,mrcnn,yolov8x.pt,0.0,0.0,0.0,0.0,0.25,0.42,0.25,50
nuscene,prop1Uprop2,personUtruck,40,mrcnn,yolov8x.pt,1.0,1.0,0.125,0.2222,0.25,0.42,0.25,50
nuscene,(prop1&prop2)Uprop3,(truck&person)Umotorcycle,41,mrcnn,yolov8x.pt,0.7727,0.7727,0.7391,0.7556,0.25,0.42,0.25,50
nuscene,prop1Uprop2,personUbicycle,40,mrcnn,yolov8x.pt,0.8696,0.8696,0.6061,0.7143,0.25,0.42,0.25,50
nuscene,(prop1&prop2)Uprop3,(car&truck)Umotorcycle,40,mrcnn,yolov8x.pt,0.8667,0.8667,0.7222,0.7879,0.25,0.42,0.25,50
nuscene,prop1Uprop2,motorcycleUbus,39,mrcnn,yolov8x.pt,1.0,1.0,0.1081,0.1951,0.25,0.42,0.25,50
nuscene,prop1Uprop2,personUtruck,40,mrcnn,yolov8x.pt,1.0,1.0,0.0833,0.1538,0.25,0.42,0.25,50
nuscene,(prop1&prop2)Uprop3,(person&car)Umotorcycle,40,mrcnn,yolov8x.pt,0.0,0.0,0.0,0.0,0.25,0.42,0.25,50
nuscene,prop1Uprop2,truckUbicycle,41,mrcnn,yolov8x.pt,0.0,0.0,0.0,0.0,0.25,0.42,0.25,50
nuscene,(prop1&prop2)Uprop3,(motorcycle&truck)Ubicycle,40,mrcnn,yolov8x.pt,0.0,0.0,0.0,0.0,0.25,0.42,0.25,50
nuscene,prop1Uprop2,carUtruck,41,mrcnn,yolov8x.pt,1.0,1.0,0.1951,0.3265,0.25,0.42,0.25,50
nuscene,(prop1&prop2)Uprop3,(truck&person)Umotorcycle,40,mrcnn,yolov8x.pt,0.0,0.0,0.0,0.0,0.25,0.42,0.25,50
nuscene,prop1Uprop2,truckUbicycle,40,mrcnn,yolov8x.pt,0.0,0.0,0.0,0.0,0.25,0.42,0.25,50
nuscene,prop1Uprop2,personUbicycle,40,mrcnn,yolov8x.pt,1.0,1.0,0.4615,0.6316,0.25,0.42,0.25,50
nuscene,(prop1&prop2)Uprop3,(person&car)Ubicycle,40,mrcnn,yolov8x.pt,0.0,0.0,0.0,0.0,0.25,0.42,0.25,50
nuscene,prop1Uprop2,personUbus,32,mrcnn,yolov8x.pt,1.0,1.0,0.3438,0.5116,0.25,0.42,0.25,50
nuscene,(prop1&prop2)Uprop3,(person&car)Ubicycle,40,mrcnn,yolov8x.pt,0.0,0.0,0.0,0.0,0.25,0.42,0.25,50
nuscene,prop1Uprop2,carUperson,41,mrcnn,yolov8x.pt,0.0,0.0,0.0,0.0,0.25,0.42,0.25,50
nuscene,prop1Uprop2,carUmotorcycle,40,mrcnn,yolov8x.pt,0.0,0.0,0.0,0.0,0.25,0.42,0.25,50
nuscene,(prop1&prop2)Uprop3,(person&car)Ubicycle,40,mrcnn,yolov8x.pt,1.0,1.0,0.1935,0.3243,0.25,0.42,0.25,50
nuscene,prop1Uprop2,personUmotorcycle,40,mrcnn,yolov8x.pt,1.0,1.0,0.275,0.4314,0.25,0.42,0.25,50
nuscene,(prop1&prop2)Uprop3,(car&truck)Umotorcycle,40,mrcnn,yolov8x.pt,1.0,1.0,0.1795,0.3043,0.25,0.42,0.25,50
nuscene,prop1Uprop2,truckUmotorcycle,40,mrcnn,yolov8x.pt,0.0,0.0,0.0,0.0,0.25,0.42,0.25,50
nuscene,prop1Uprop2,carUmotorcycle,40,mrcnn,yolov8x.pt,0.0,0.0,0.0,0.0,0.25,0.42,0.25,50
nuscene,(prop1&prop2)Uprop3,(truck&person)Ubicycle,40,mrcnn,yolov8x.pt,1.0,1.0,0.6316,0.7742,0.25,0.42,0.25,50
nuscene,prop1Uprop2,personUmotorcycle,40,mrcnn,yolov8x.pt,1.0,1.0,0.875,0.9333,0.25,0.42,0.25,50
nuscene,prop1Uprop2,carUperson,40,mrcnn,yolov8x.pt,1.0,1.0,0.275,0.4314,0.25,0.42,0.25,50
nuscene,prop1Uprop2,personUbicycle,41,mrcnn,yolov8x.pt,0.8333,0.8333,0.4286,0.566,0.25,0.42,0.25,50
nuscene,prop1Uprop2,carUbicycle,40,mrcnn,yolov8x.pt,1.0,1.0,0.3077,0.4706,0.25,0.42,0.25,50
nuscene,prop1Uprop2,carUbicycle,40,mrcnn,yolov8x.pt,1.0,1.0,0.05,0.0952,0.25,0.42,0.25,50
nuscene,prop1Uprop2,personUbicycle,39,mrcnn,yolov8x.pt,1.0,1.0,0.0263,0.0513,0.25,0.42,0.25,50
nuscene,prop1Uprop2,personUbus,40,mrcnn,yolov8x.pt,1.0,1.0,0.575,0.7302,0.25,0.42,0.25,50
nuscene,prop1Uprop2,carUbicycle,40,mrcnn,yolov8x.pt,1.0,1.0,0.3243,0.4898,0.25,0.42,0.25,50
nuscene,prop1Uprop2,personUbicycle,40,mrcnn,yolov8x.pt,1.0,1.0,0.25,0.4,0.25,0.42,0.25,50
nuscene,prop1Uprop2,carUbus,40,mrcnn,yolov8x.pt,1.0,1.0,0.275,0.4314,0.25,0.42,0.25,50
nuscene,prop1Uprop2,bicycleUperson,40,mrcnn,yolov8x.pt,1.0,1.0,0.2,0.3333,0.25,0.42,0.25,50
nuscene,prop1Uprop2,carUbus,40,mrcnn,yolov8x.pt,1.0,1.0,0.05,0.0952,0.25,0.42,0.25,50
nuscene,prop1Uprop2,truckUmotorcycle,40,mrcnn,yolov8x.pt,1.0,1.0,0.0278,0.0541,0.25,0.42,0.25,50
nuscene,prop1Uprop2,carUbus,40,mrcnn,yolov8x.pt,1.0,1.0,0.475,0.6441,0.25,0.42,0.25,50
nuscene,prop1Uprop2,carUbus,40,mrcnn,yolov8x.pt,1.0,1.0,0.125,0.2222,0.25,0.42,0.25,50
nuscene,prop1Uprop2,busUmotorcycle,41,mrcnn,yolov8x.pt,1.0,1.0,0.4667,0.6364,0.25,0.42,0.25,50
nuscene,prop1Uprop2,truckUbus,39,mrcnn,yolov8x.pt,0.0,0.0,0.0,0.0,0.25,0.42,0.25,50
nuscene,prop1Uprop2,carUbicycle,40,mrcnn,yolov8x.pt,1.0,1.0,0.129,0.2286,0.25,0.42,0.25,50
nuscene,prop1Uprop2,personUbicycle,40,mrcnn,yolov8x.pt,0.8889,0.8889,0.5333,0.6667,0.25,0.42,0.25,50
nuscene,prop1Uprop2,carUmotorcycle,40,mrcnn,yolov8x.pt,0.0,0.0,0.0,0.0,0.25,0.42,0.25,50
nuscene,prop1Uprop2,busUmotorcycle,40,mrcnn,yolov8x.pt,0.0,0.0,0.0,0.0,0.25,0.42,0.25,50
nuscene,prop1Uprop2,personUmotorcycle,40,mrcnn,yolov8x.pt,1.0,1.0,0.625,0.7692,0.25,0.42,0.25,50
nuscene,prop1Uprop2,truckUbicycle,40,mrcnn,yolov8x.pt,0.0,0.0,0.0,0.0,0.25,0.42,0.25,50
nuscene,prop1Uprop2,personUbus,39,mrcnn,yolov8x.pt,0.0,0.0,0.0,0.0,0.25,0.42,0.25,50
nuscene,prop1Uprop2,personUcar,41,mrcnn,yolov8x.pt,1.0,1.0,0.1707,0.2917,0.25,0.42,0.25,50
nuscene,prop1Uprop2,personUmotorcycle,40,mrcnn,yolov8x.pt,0.8,0.8,0.1176,0.2051,0.25,0.42,0.25,50
nuscene,prop1Uprop2,personUmotorcycle,40,mrcnn,yolov8x.pt,0.9524,0.9524,0.5128,0.6667,0.25,0.42,0.25,50
nuscene,prop1Uprop2,truckUmotorcycle,40,mrcnn,yolov8x.pt,0.0,0.0,0.0,0.0,0.25,0.42,0.25,50
nuscene,prop1Uprop2,personUbicycle,40,mrcnn,yolov8x.pt,0.0,0.0,0.0,0.0,0.25,0.42,0.25,50
nuscene,prop1Uprop2,personUbus,40,mrcnn,yolov8x.pt,1.0,1.0,0.575,0.7302,0.25,0.42,0.25,50
nuscene,prop1Uprop2,carUmotorcycle,40,mrcnn,yolov8x.pt,1.0,1.0,0.1795,0.3043,0.25,0.42,0.25,50
nuscene,prop1Uprop2,carUperson,41,mrcnn,yolov8x.pt,0.6,0.6,0.12,0.2,0.25,0.42,0.25,50
nuscene,prop1Uprop2,carUperson,41,mrcnn,yolov8x.pt,1.0,1.0,0.5789,0.7333,0.25,0.42,0.25,50
nuscene,prop1Uprop2,carUbus,39,mrcnn,yolov8x.pt,1.0,1.0,0.3704,0.5405,0.25,0.42,0.25,50
nuscene,prop1Uprop2,personUmotorcycle,41,mrcnn,yolov8x.pt,0.8462,0.8462,0.4783,0.6111,0.25,0.42,0.25,50
nuscene,prop1Uprop2,truckUperson,40,mrcnn,yolov8x.pt,1.0,1.0,0.175,0.2979,0.25,0.42,0.25,50
nuscene,prop1Uprop2,carUperson,40,mrcnn,yolov8x.pt,1.0,1.0,0.3333,0.5,0.25,0.42,0.25,50
nuscene,prop1Uprop2,busUmotorcycle,40,mrcnn,yolov8x.pt,0.0,0.0,0.0,0.0,0.25,0.42,0.25,50
nuscene,prop1Uprop2,truckUmotorcycle,41,mrcnn,yolov8x.pt,1.0,1.0,0.0488,0.093,0.25,0.42,0.25,50
nuscene,prop1Uprop2,personUmotorcycle,40,mrcnn,yolov8x.pt,0.0,0.0,0.0,0.0,0.25,0.42,0.25,50
nuscene,prop1Uprop2,carUbicycle,39,mrcnn,yolov8x.pt,1.0,1.0,0.0769,0.1429,0.25,0.42,0.25,50
nuscene,prop1Uprop2,personUtruck,41,mrcnn,yolov8x.pt,1.0,1.0,0.5385,0.7,0.25,0.42,0.25,50
nuscene,prop1Uprop2,personUbus,40,mrcnn,yolov8x.pt,1.0,1.0,0.525,0.6885,0.25,0.42,0.25,50
nuscene,prop1Uprop2,truckUbus,39,mrcnn,yolov8x.pt,0.6875,0.6875,0.4074,0.5116,0.25,0.42,0.25,50
nuscene,prop1Uprop2,carUtruck,40,mrcnn,yolov8x.pt,0.0,0.0,0.0,0.0,0.25,0.42,0.25,50
nuscene,prop1Uprop2,carUmotorcycle,39,mrcnn,yolov8x.pt,1.0,1.0,0.2564,0.4082,0.25,0.42,0.25,50
nuscene,prop1Uprop2,carUperson,41,mrcnn,yolov8x.pt,1.0,1.0,0.3659,0.5357,0.25,0.42,0.25,50
nuscene,prop1Uprop2,carUbicycle,40,mrcnn,yolov8x.pt,0.8,0.8,0.1212,0.2105,0.25,0.42,0.25,50
nuscene,prop1Uprop2,carUmotorcycle,39,mrcnn,yolov8x.pt,0.0,0.0,0.0,0.0,0.25,0.42,0.25,50
nuscene,prop1Uprop2,carUmotorcycle,40,mrcnn,yolov8x.pt,0.8333,0.8333,0.4167,0.5556,0.25,0.42,0.25,50
nuscene,prop1Uprop2,personUbus,40,mrcnn,yolov8x.pt,1.0,1.0,0.45,0.6207,0.25,0.42,0.25,50
nuscene,prop1Uprop2,truckUperson,40,mrcnn,yolov8x.pt,0.8182,0.8182,0.25,0.383,0.25,0.42,0.25,50
nuscene,prop1Uprop2,bicycleUmotorcycle,40,mrcnn,yolov8x.pt,1.0,1.0,0.1471,0.2564,0.25,0.42,0.25,50
nuscene,prop1Uprop2,truckUbicycle,39,mrcnn,yolov8x.pt,0.0,0.0,0.0,0.0,0.25,0.42,0.25,50
nuscene,prop1Uprop2,carUbus,40,mrcnn,yolov8x.pt,1.0,1.0,0.225,0.3673,0.25,0.42,0.25,50
nuscene,prop1Uprop2,personUbicycle,40,mrcnn,yolov8x.pt,1.0,1.0,0.425,0.5965,0.25,0.42,0.25,50
nuscene,prop1Uprop2,truckUbicycle,39,mrcnn,yolov8x.pt,0.9231,0.9231,0.3158,0.4706,0.25,0.42,0.25,50
nuscene,prop1Uprop2,carUperson,40,mrcnn,yolov8x.pt,1.0,1.0,0.25,0.4,0.25,0.42,0.25,50
nuscene,prop1Uprop2,personUbicycle,41,mrcnn,yolov8x.pt,0.8824,0.8824,0.4054,0.5556,0.25,0.42,0.25,50
nuscene,prop1Uprop2,bicycleUmotorcycle,40,mrcnn,yolov8x.pt,1.0,1.0,0.1,0.1818,0.25,0.42,0.25,50
nuscene,prop1Uprop2,truckUbicycle,40,mrcnn,yolov8x.pt,0.0,0.0,0.0,0.0,0.25,0.42,0.25,50
nuscene,prop1Uprop2,bicycleUperson,40,mrcnn,yolov8x.pt,1.0,1.0,0.16,0.2759,0.25,0.42,0.25,50
nuscene,prop1Uprop2,personUbicycle,39,mrcnn,yolov8x.pt,1.0,1.0,0.5,0.6667,0.25,0.42,0.25,50
nuscene,prop1Uprop2,personUbicycle,41,mrcnn,yolov8x.pt,1.0,1.0,0.3,0.4615,0.25,0.42,0.25,50
nuscene,prop1Uprop2,personUtruck,41,mrcnn,yolov8x.pt,1.0,1.0,0.5122,0.6774,0.25,0.42,0.25,50
nuscene,prop1Uprop2,carUperson,40,mrcnn,yolov8x.pt,1.0,1.0,0.45,0.6207,0.25,0.42,0.25,50
nuscene,prop1Uprop2,motorcycleUbicycle,40,mrcnn,yolov8x.pt,0.0,0.0,0.0,0.0,0.25,0.42,0.25,50
nuscene,prop1Uprop2,busUmotorcycle,40,mrcnn,yolov8x.pt,0.0,0.0,0.0,0.0,0.25,0.42,0.25,50
nuscene,prop1Uprop2,personUmotorcycle,41,mrcnn,yolov8x.pt,0.8824,0.8824,0.4054,0.5556,0.25,0.42,0.25,50
nuscene,prop1Uprop2,motorcycleUbicycle,40,mrcnn,yolov8x.pt,0.0,0.0,0.0,0.0,0.25,0.42,0.25,50
nuscene,prop1Uprop2,carUmotorcycle,41,mrcnn,yolov8x.pt,1.0,1.0,0.1053,0.1905,0.25,0.42,0.25,50
nuscene,prop1Uprop2,personUbicycle,39,mrcnn,yolov8x.pt,1.0,1.0,0.5128,0.678,0.25,0.42,0.25,50
nuscene,prop1Uprop2,carUperson,41,mrcnn,yolov8x.pt,1.0,1.0,0.2632,0.4167,0.25,0.42,0.25,50
nuscene,prop1Uprop2,busUbicycle,40,mrcnn,yolov8x.pt,0.0,0.0,0.0,0.0,0.25,0.42,0.25,50
nuscene,prop1Uprop2,carUbus,40,mrcnn,yolov8x.pt,0.0,0.0,0.0,0.0,0.25,0.42,0.25,50
nuscene,prop1Uprop2,personUmotorcycle,39,mrcnn,yolov8x.pt,1.0,1.0,0.5897,0.7419,0.25,0.42,0.25,50
nuscene,prop1Uprop2,personUbicycle,40,mrcnn,yolov8x.pt,0.619,0.619,0.52,0.5652,0.25,0.42,0.25,50
nuscene,prop1Uprop2,carUperson,41,mrcnn,yolov8x.pt,1.0,1.0,0.4103,0.5818,0.25,0.42,0.25,50
nuscene,prop1Uprop2,truckUperson,41,mrcnn,yolov8x.pt,0.0,0.0,0.0,0.0,0.25,0.42,0.25,50
nuscene,prop1Uprop2,carUbicycle,40,mrcnn,yolov8x.pt,1.0,1.0,0.225,0.3673,0.25,0.42,0.25,50
nuscene,prop1Uprop2,carUbicycle,41,mrcnn,yolov8x.pt,0.0,0.0,0.0,0.0,0.25,0.42,0.25,50
nuscene,prop1Uprop2,truckUmotorcycle,41,mrcnn,yolov8x.pt,0.6923,0.6923,0.5625,0.6207,0.25,0.42,0.25,50
nuscene,prop1Uprop2,carUbicycle,40,mrcnn,yolov8x.pt,0.0,0.0,0.0,0.0,0.25,0.42,0.25,50
nuscene,prop1Uprop2,truckUperson,40,mrcnn,yolov8x.pt,1.0,1.0,0.275,0.4314,0.25,0.42,0.25,50
nuscene,prop1Uprop2,truckUmotorcycle,39,mrcnn,yolov8x.pt,0.0,0.0,0.0,0.0,0.25,0.42,0.25,50
nuscene,prop1Uprop2,truckUmotorcycle,40,mrcnn,yolov8x.pt,0.0,0.0,0.0,0.0,0.25,0.42,0.25,50
nuscene,prop1Uprop2,busUperson,41,mrcnn,yolov8x.pt,1.0,1.0,0.1176,0.2105,0.25,0.42,0.25,50
nuscene,prop1Uprop2,carUbicycle,40,mrcnn,yolov8x.pt,1.0,1.0,0.1034,0.1875,0.25,0.42,0.25,50
nuscene,prop1Uprop2,truckUperson,40,mrcnn,yolov8x.pt,0.0,0.0,0.0,0.0,0.25,0.42,0.25,50
nuscene,prop1Uprop2,truckUcar,41,mrcnn,yolov8x.pt,0.0,0.0,0.0,0.0,0.25,0.42,0.25,50
nuscene,prop1Uprop2,carUbicycle,40,mrcnn,yolov8x.pt,1.0,1.0,0.475,0.6441,0.25,0.42,0.25,50
nuscene,prop1Uprop2,carUmotorcycle,40,mrcnn,yolov8x.pt,1.0,1.0,0.25,0.4,0.25,0.42,0.25,50
nuscene,prop1Uprop2,bicycleUperson,41,mrcnn,yolov8x.pt,0.2857,0.2857,0.1538,0.2,0.25,0.42,0.25,50
nuscene,prop1Uprop2,carUtruck,41,mrcnn,yolov8x.pt,0.35,0.35,0.5,0.4118,0.25,0.42,0.25,50
nuscene,prop1Uprop2,carUmotorcycle,40,mrcnn,yolov8x.pt,0.0,0.0,0.0,0.0,0.25,0.42,0.25,50
nuscene,prop1Uprop2,personUmotorcycle,40,mrcnn,yolov8x.pt,1.0,1.0,0.3548,0.5238,0.25,0.42,0.25,50
nuscene,prop1Uprop2,carUperson,40,mrcnn,yolov8x.pt,1.0,1.0,0.4,0.5714,0.25,0.42,0.25,50
nuscene,prop1Uprop2,personUbicycle,39,mrcnn,yolov8x.pt,1.0,1.0,0.2903,0.45,0.25,0.42,0.25,50
nuscene,prop1Uprop2,personUtruck,40,mrcnn,yolov8x.pt,0.75,0.75,0.6,0.6667,0.25,0.42,0.25,50
nuscene,prop1Uprop2,busUbicycle,40,mrcnn,yolov8x.pt,0.0,0.0,0.0,0.0,0.25,0.42,0.25,50
nuscene,prop1Uprop2,truckUbicycle,40,mrcnn,yolov8x.pt,0.8947,0.8947,0.4474,0.5965,0.25,0.42,0.25,50
nuscene,prop1Uprop2,truckUmotorcycle,41,mrcnn,yolov8x.pt,0.0,0.0,0.0,0.0,0.25,0.42,0.25,50
nuscene,prop1Uprop2,carUbicycle,40,mrcnn,yolov8x.pt,0.0,0.0,0.0,0.0,0.25,0.42,0.25,50
nuscene,prop1Uprop2,carUtruck,40,mrcnn,yolov8x.pt,1.0,1.0,0.7,0.8235,0.25,0.42,0.25,50
nuscene,prop1Uprop2,truckUperson,41,mrcnn,yolov8x.pt,1.0,1.0,0.0732,0.1364,0.25,0.42,0.25,50
nuscene,prop1Uprop2,personUtruck,41,mrcnn,yolov8x.pt,1.0,1.0,0.3659,0.5357,0.25,0.42,0.25,50
nuscene,prop1Uprop2,personUbus,40,mrcnn,yolov8x.pt,0.5,0.5,0.0256,0.0488,0.25,0.42,0.25,50
nuscene,prop1Uprop2,carUbicycle,40,mrcnn,yolov8x.pt,0.0,0.0,0.0,0.0,0.25,0.42,0.25,50
nuscene,prop1Uprop2,truckUbus,40,mrcnn,yolov8x.pt,0.0,0.0,0.0,0.0,0.25,0.42,0.25,50
nuscene,prop1Uprop2,carUbicycle,40,mrcnn,yolov8x.pt,0.0,0.0,0.0,0.0,0.25,0.42,0.25,50
nuscene,prop1Uprop2,carUbus,40,mrcnn,yolov8x.pt,0.0,0.0,0.0,0.0,0.25,0.42,0.25,50
nuscene,prop1Uprop2,bicycleUbus,41,mrcnn,yolov8x.pt,0.0,0.0,0.0,0.0,0.25,0.42,0.25,50
nuscene,prop1Uprop2,carUperson,40,mrcnn,yolov8x.pt,1.0,1.0,0.575,0.7302,0.25,0.42,0.25,50
nuscene,prop1Uprop2,carUperson,40,mrcnn,yolov8x.pt,1.0,1.0,0.3421,0.5098,0.25,0.42,0.25,50
nuscene,prop1Uprop2,carUtruck,40,mrcnn,yolov8x.pt,1.0,1.0,0.5,0.6667,0.25,0.42,0.25,50
nuscene,prop1Uprop2,personUmotorcycle,41,mrcnn,yolov8x.pt,0.0,0.0,0.0,0.0,0.25,0.42,0.25,50
nuscene,prop1Uprop2,truckUbicycle,40,mrcnn,yolov8x.pt,1.0,1.0,0.1026,0.186,0.25,0.42,0.25,50
nuscene,prop1Uprop2,truckUmotorcycle,40,mrcnn,yolov8x.pt,0.0,0.0,0.0,0.0,0.25,0.42,0.25,50
nuscene,prop1Uprop2,carUbicycle,39,mrcnn,yolov8x.pt,0.0,0.0,0.0,0.0,0.25,0.42,0.25,50
nuscene,prop1Uprop2,carUmotorcycle,40,mrcnn,yolov8x.pt,0.0,0.0,0.0,0.0,0.25,0.42,0.25,50
nuscene,prop1Uprop2,carUmotorcycle,40,mrcnn,yolov8x.pt,1.0,1.0,0.4667,0.6364,0.25,0.42,0.25,50
nuscene,prop1Uprop2,carUmotorcycle,40,mrcnn,yolov8x.pt,1.0,1.0,0.1429,0.25,0.25,0.42,0.25,50
nuscene,prop1Uprop2,busUbicycle,40,mrcnn,yolov8x.pt,0.4,0.4,0.3529,0.375,0.25,0.42,0.25,50
nuscene,prop1Uprop2,carUbicycle,40,mrcnn,yolov8x.pt,1.0,1.0,0.0588,0.1111,0.25,0.42,0.25,50
nuscene,prop1Uprop2,busUmotorcycle,41,mrcnn,yolov8x.pt,1.0,1.0,0.0286,0.0556,0.25,0.42,0.25,50
nuscene,prop1Uprop2,personUbicycle,40,mrcnn,yolov8x.pt,0.8636,0.8636,0.8261,0.8444,0.25,0.42,0.25,50
nuscene,prop1Uprop2,carUbus,40,mrcnn,yolov8x.pt,1.0,1.0,0.225,0.3673,0.25,0.42,0.25,50
nuscene,prop1Uprop2,personUbicycle,39,mrcnn,yolov8x.pt,1.0,1.0,0.5556,0.7143,0.25,0.42,0.25,50
nuscene,prop1Uprop2,bicycleUtruck,41,mrcnn,yolov8x.pt,1.0,1.0,0.0976,0.1778,0.25,0.42,0.25,50
nuscene,prop1Uprop2,personUbus,40,mrcnn,yolov8x.pt,1.0,1.0,0.35,0.5185,0.25,0.42,0.25,50
nuscene,prop1Uprop2,carUtruck,40,mrcnn,yolov8x.pt,0.0,0.0,0.0,0.0,0.25,0.42,0.25,50
nuscene,prop1Uprop2,personUbus,39,mrcnn,yolov8x.pt,1.0,1.0,0.8205,0.9014,0.25,0.42,0.25,50
nuscene,prop1Uprop2,personUbus,41,mrcnn,yolov8x.pt,1.0,1.0,0.25,0.4,0.25,0.42,0.25,50
nuscene,prop1Uprop2,personUmotorcycle,41,mrcnn,yolov8x.pt,0.8889,0.8889,0.7273,0.8,0.25,0.42,0.25,50
nuscene,prop1Uprop2,truckUbicycle,40,mrcnn,yolov8x.pt,0.8261,0.8261,0.5758,0.6786,0.25,0.42,0.25,50
nuscene,prop1Uprop2,personUbicycle,40,mrcnn,yolov8x.pt,0.0,0.0,0.0,0.0,0.25,0.42,0.25,50
nuscene,prop1Uprop2,personUbicycle,41,mrcnn,yolov8x.pt,1.0,1.0,0.9268,0.962,0.25,0.42,0.25,50
nuscene,prop1Uprop2,personUmotorcycle,40,mrcnn,yolov8x.pt,1.0,1.0,0.2647,0.4186,0.25,0.42,0.25,50
nuscene,prop1Uprop2,personUbicycle,40,mrcnn,yolov8x.pt,1.0,1.0,0.85,0.9189,0.25,0.42,0.25,50
nuscene,prop1Uprop2,personUmotorcycle,41,mrcnn,yolov8x.pt,0.0,0.0,0.0,0.0,0.25,0.42,0.25,50
nuscene,prop1Uprop2,busUcar,40,mrcnn,yolov8x.pt,0.913,0.913,0.5526,0.6885,0.25,0.42,0.25,50
nuscene,prop1Uprop2,personUtruck,41,mrcnn,yolov8x.pt,1.0,1.0,0.2667,0.4211,0.25,0.42,0.25,50
nuscene,prop1Uprop2,busUmotorcycle,40,mrcnn,yolov8x.pt,1.0,1.0,0.125,0.2222,0.25,0.42,0.25,50
nuscene,prop1Uprop2,truckUmotorcycle,39,mrcnn,yolov8x.pt,0.0,0.0,0.0,0.0,0.25,0.42,0.25,50
nuscene,prop1Uprop2,truckUbus,40,mrcnn,yolov8x.pt,1.0,1.0,0.3684,0.5385,0.25,0.42,0.25,50
nuscene,prop1Uprop2,carUmotorcycle,40,mrcnn,yolov8x.pt,1.0,1.0,0.05,0.0952,0.25,0.42,0.25,50
nuscene,prop1Uprop2,personUmotorcycle,40,mrcnn,yolov8x.pt,1.0,1.0,0.575,0.7302,0.25,0.42,0.25,50
nuscene,prop1Uprop2,busUbicycle,40,mrcnn,yolov8x.pt,1.0,1.0,0.35,0.5185,0.25,0.42,0.25,50
nuscene,prop1Uprop2,carUtruck,40,mrcnn,yolov8x.pt,1.0,1.0,0.475,0.6441,0.25,0.42,0.25,50
nuscene,prop1Uprop2,personUmotorcycle,39,mrcnn,yolov8x.pt,1.0,1.0,0.8974,0.9459,0.25,0.42,0.25,50
nuscene,prop1Uprop2,truckUbicycle,40,mrcnn,yolov8x.pt,0.0,0.0,0.0,0.0,0.25,0.42,0.25,50
nuscene,prop1Uprop2,motorcycleUbicycle,40,mrcnn,yolov8x.pt,1.0,1.0,0.35,0.5185,0.25,0.42,0.25,50
nuscene,prop1Uprop2,personUmotorcycle,40,mrcnn,yolov8x.pt,1.0,1.0,0.025,0.0488,0.25,0.42,0.25,50
nuscene,prop1Uprop2,bicycleUbus,39,mrcnn,yolov8x.pt,1.0,1.0,0.05,0.0952,0.25,0.42,0.25,50
nuscene,prop1Uprop2,truckUmotorcycle,41,mrcnn,yolov8x.pt,0.4286,0.4286,0.1154,0.1818,0.25,0.42,0.25,50
nuscene,prop1Uprop2,bicycleUtruck,40,mrcnn,yolov8x.pt,1.0,1.0,0.1613,0.2778,0.25,0.42,0.25,50
nuscene,prop1Uprop2,personUbus,39,mrcnn,yolov8x.pt,0.0,0.0,0.0,0.0,0.25,0.42,0.25,50
nuscene,prop1Uprop2,carUbicycle,40,mrcnn,yolov8x.pt,0.0,0.0,0.0,0.0,0.25,0.42,0.25,50
nuscene,prop1Uprop2,busUbicycle,40,mrcnn,yolov8x.pt,0.0,0.0,0.0,0.0,0.25,0.42,0.25,50
nuscene,prop1Uprop2,busUbicycle,40,mrcnn,yolov8x.pt,0.6667,0.6667,0.2143,0.3243,0.25,0.42,0.25,50
nuscene,prop1Uprop2,personUmotorcycle,41,mrcnn,yolov8x.pt,0.6667,0.6667,0.4,0.5,0.25,0.42,0.25,50
nuscene,prop1Uprop2,carUbus,40,mrcnn,yolov8x.pt,0.0,0.0,0.0,0.0,0.25,0.42,0.25,50
nuscene,prop1Uprop2,bicycleUtruck,40,mrcnn,yolov8x.pt,0.0,0.0,0.0,0.0,0.25,0.42,0.25,50
nuscene,prop1Uprop2,bicycleUbus,40,mrcnn,yolov8x.pt,1.0,1.0,0.1429,0.25,0.25,0.42,0.25,50
nuscene,prop1Uprop2,truckUmotorcycle,40,mrcnn,yolov8x.pt,0.0,0.0,0.0,0.0,0.25,0.42,0.25,50
nuscene,prop1Uprop2,carUbicycle,41,mrcnn,yolov8x.pt,0.0,0.0,0.0,0.0,0.25,0.42,0.25,50
nuscene,prop1Uprop2,carUmotorcycle,39,mrcnn,yolov8x.pt,1.0,1.0,0.2051,0.3404,0.25,0.42,0.25,50
nuscene,prop1Uprop2,bicycleUtruck,41,mrcnn,yolov8x.pt,1.0,1.0,0.0606,0.1143,0.25,0.42,0.25,50
nuscene,prop1Uprop2,personUmotorcycle,41,mrcnn,yolov8x.pt,0.5385,0.5385,0.28,0.3684,0.25,0.42,0.25,50
nuscene,prop1Uprop2,carUtruck,41,mrcnn,yolov8x.pt,1.0,1.0,0.4634,0.6333,0.25,0.42,0.25,50
nuscene,prop1Uprop2,motorcycleUbicycle,39,mrcnn,yolov8x.pt,1.0,1.0,0.1034,0.1875,0.25,0.42,0.25,50
nuscene,prop1Uprop2,personUmotorcycle,41,mrcnn,yolov8x.pt,0.0,0.0,0.0,0.0,0.25,0.42,0.25,50
nuscene,prop1Uprop2,personUbicycle,40,mrcnn,yolov8x.pt,0.9524,0.9524,0.5714,0.7143,0.25,0.42,0.25,50
nuscene,prop1Uprop2,personUbicycle,40,mrcnn,yolov8x.pt,1.0,1.0,0.3,0.4615,0.25,0.42,0.25,50
nuscene,prop1Uprop2,carUbicycle,40,mrcnn,yolov8x.pt,1.0,1.0,0.1579,0.2727,0.25,0.42,0.25,50
nuscene,prop1Uprop2,bicycleUmotorcycle,41,mrcnn,yolov8x.pt,1.0,1.0,0.1034,0.1875,0.25,0.42,0.25,50
nuscene,prop1Uprop2,carUbicycle,40,mrcnn,yolov8x.pt,1.0,1.0,0.2,0.3333,0.25,0.42,0.25,50
nuscene,prop1Uprop2,carUperson,41,mrcnn,yolov8x.pt,0.8571,0.8571,0.1765,0.2927,0.25,0.42,0.25,50
nuscene,prop1Uprop2,personUmotorcycle,40,mrcnn,yolov8x.pt,1.0,1.0,0.5,0.6667,0.25,0.42,0.25,50
nuscene,prop1Uprop2,carUbicycle,40,mrcnn,yolov8x.pt,0.9333,0.9333,0.4,0.56,0.25,0.42,0.25,50
nuscene,prop1Uprop2,personUtruck,40,mrcnn,yolov8x.pt,1.0,1.0,0.85,0.9189,0.25,0.42,0.25,50
nuscene,prop1Uprop2,truckUperson,41,mrcnn,yolov8x.pt,0.5,0.5,0.0952,0.16,0.25,0.42,0.25,50
nuscene,prop1Uprop2,truckUbus,40,mrcnn,yolov8x.pt,1.0,1.0,0.225,0.3673,0.25,0.42,0.25,50
nuscene,prop1Uprop2,truckUperson,41,mrcnn,yolov8x.pt,0.7143,0.7143,0.1786,0.2857,0.25,0.42,0.25,50
nuscene,prop1Uprop2,truckUbus,40,mrcnn,yolov8x.pt,1.0,1.0,0.4,0.5714,0.25,0.42,0.25,50
nuscene,prop1Uprop2,truckUbus,40,mrcnn,yolov8x.pt,1.0,1.0,0.25,0.4,0.25,0.42,0.25,50
nuscene,prop1Uprop2,personUbicycle,40,mrcnn,yolov8x.pt,1.0,1.0,0.6129,0.76,0.25,0.42,0.25,50
nuscene,prop1Uprop2,carUperson,40,mrcnn,yolov8x.pt,1.0,1.0,0.2,0.3333,0.25,0.42,0.25,50
nuscene,prop1Uprop2,carUperson,40,mrcnn,yolov8x.pt,1.0,1.0,0.2,0.3333,0.25,0.42,0.25,50
nuscene,prop1Uprop2,carUperson,41,mrcnn,yolov8x.pt,0.8235,0.8235,0.5,0.6222,0.25,0.42,0.25,50
nuscene,prop1Uprop2,personUbus,40,mrcnn,yolov8x.pt,1.0,1.0,0.4,0.5714,0.25,0.42,0.25,50
nuscene,prop1Uprop2,bicycleUperson,41,mrcnn,yolov8x.pt,0.0,0.0,0.0,0.0,0.25,0.42,0.25,50
nuscene,prop1Uprop2,carUtruck,41,mrcnn,yolov8x.pt,1.0,1.0,0.4878,0.6557,0.25,0.42,0.25,50
nuscene,prop1Uprop2,truckUbus,40,mrcnn,yolov8x.pt,1.0,1.0,0.05,0.0952,0.25,0.42,0.25,50
nuscene,prop1Uprop2,motorcycleUbus,41,mrcnn,yolov8x.pt,1.0,1.0,0.5588,0.717,0.25,0.42,0.25,50
nuscene,prop1Uprop2,truckUperson,41,mrcnn,yolov8x.pt,1.0,1.0,0.2051,0.3404,0.25,0.42,0.25,50
nuscene,prop1Uprop2,personUmotorcycle,39,mrcnn,yolov8x.pt,1.0,1.0,0.6,0.75,0.25,0.42,0.25,50
nuscene,prop1Uprop2,truckUperson,41,mrcnn,yolov8x.pt,1.0,1.0,0.2941,0.4545,0.25,0.42,0.25,50
nuscene,prop1Uprop2,personUbicycle,40,mrcnn,yolov8x.pt,0.8387,0.8387,0.7429,0.7879,0.25,0.42,0.25,50
nuscene,prop1Uprop2,carUbus,39,mrcnn,yolov8x.pt,1.0,1.0,0.7692,0.8696,0.25,0.42,0.25,50
nuscene,prop1Uprop2,personUtruck,41,mrcnn,yolov8x.pt,1.0,1.0,0.3659,0.5357,0.25,0.42,0.25,50
nuscene,prop1Uprop2,truckUperson,40,mrcnn,yolov8x.pt,1.0,1.0,0.675,0.806,0.25,0.42,0.25,50
nuscene,prop1Uprop2,truckUbus,41,mrcnn,yolov8x.pt,0.9375,0.9375,0.6818,0.7895,0.25,0.42,0.25,50
nuscene,prop1Uprop2,personUbus,40,mrcnn,yolov8x.pt,0.0,0.0,0.0,0.0,0.25,0.42,0.25,50
nuscene,prop1Uprop2,truckUbicycle,40,mrcnn,yolov8x.pt,1.0,1.0,0.1,0.1818,0.25,0.42,0.25,50
nuscene,prop1Uprop2,personUmotorcycle,40,mrcnn,yolov8x.pt,0.7308,0.7308,0.5938,0.6552,0.25,0.42,0.25,50
nuscene,prop1Uprop2,carUbicycle,41,mrcnn,yolov8x.pt,0.0,0.0,0.0,0.0,0.25,0.42,0.25,50
nuscene,prop1Uprop2,carUmotorcycle,40,mrcnn,yolov8x.pt,1.0,1.0,0.3889,0.56,0.25,0.42,0.25,50
nuscene,prop1Uprop2,personUtruck,41,mrcnn,yolov8x.pt,1.0,1.0,0.0732,0.1364,0.25,0.42,0.25,50
nuscene,prop1Uprop2,bicycleUtruck,40,mrcnn,yolov8x.pt,1.0,1.0,0.85,0.9189,0.25,0.42,0.25,50
nuscene,prop1Uprop2,carUperson,40,mrcnn,yolov8x.pt,1.0,1.0,0.475,0.6441,0.25,0.42,0.25,50
nuscene,prop1Uprop2,truckUperson,40,mrcnn,yolov8x.pt,1.0,1.0,0.15,0.2609,0.25,0.42,0.25,50
nuscene,prop1Uprop2,personUmotorcycle,39,mrcnn,yolov8x.pt,1.0,1.0,0.8974,0.9459,0.25,0.42,0.25,50
nuscene,prop1Uprop2,personUbicycle,39,mrcnn,yolov8x.pt,0.8182,0.8182,0.5294,0.6429,0.25,0.42,0.25,50
nuscene,prop1Uprop2,carUtruck,41,mrcnn,yolov8x.pt,1.0,1.0,0.0732,0.1364,0.25,0.42,0.25,50
nuscene,prop1Uprop2,personUtruck,40,mrcnn,yolov8x.pt,1.0,1.0,0.4872,0.6552,0.25,0.42,0.25,50
nuscene,prop1Uprop2,carUbicycle,39,mrcnn,yolov8x.pt,1.0,1.0,0.2571,0.4091,0.25,0.42,0.25,50
nuscene,prop1Uprop2,truckUbicycle,41,mrcnn,yolov8x.pt,1.0,1.0,0.0976,0.1778,0.25,0.42,0.25,50
nuscene,prop1Uprop2,personUmotorcycle,40,mrcnn,yolov8x.pt,1.0,1.0,0.0333,0.0645,0.25,0.42,0.25,50
nuscene,prop1Uprop2,personUbicycle,40,mrcnn,yolov8x.pt,1.0,1.0,0.3,0.4615,0.25,0.42,0.25,50
nuscene,prop1Uprop2,truckUbus,41,mrcnn,yolov8x.pt,0.0,0.0,0.0,0.0,0.25,0.42,0.25,50
nuscene,prop1Uprop2,bicycleUbus,40,mrcnn,yolov8x.pt,1.0,1.0,0.2069,0.3429,0.25,0.42,0.25,50
nuscene,prop1Uprop2,personUmotorcycle,40,mrcnn,yolov8x.pt,0.0,0.0,0.0,0.0,0.25,0.42,0.25,50
nuscene,prop1Uprop2,carUmotorcycle,40,mrcnn,yolov8x.pt,1.0,1.0,0.65,0.7879,0.25,0.42,0.25,50
