imagenet,prop1Uprop2,horseUmicrowave,150,yolo,yolov8x.pt,0.8888,0.88888,0.5333,0.6667,0.4,0.6,0.117,7.024
coco,prop1&prop2,skis&person,175,yolo,yolov8x.pt,0.931,0.931,0.871,0.9,0.4,0.6,0.117,7.024
coco,Gprop1,Gbanana,400,yolo,yolov8x.pt,1.0,1.0,0.5973,0.7479,0.4,0.6,0.117,7.024
coco,Gprop1,Gbench,75,yolo,yolov8x.pt,0.9259,0.9259,0.625,0.7463,0.4,0.6,0.117,7.024
imagenet,prop1Uprop2,remoteUbackpack,300,yolo,yolov8x.pt,0.9444,0.9444,0.2833,0.4359,0.4,0.6,0.117,7.024
coco,prop1Uprop2,snowboardUapple,500,yolo,yolov8x.pt,1.0,1.0,0.1809,0.3063,0.4,0.6,0.117,7.024
coco,prop1&prop2,toilet&sink,350,yolo,yolov8x.pt,1.0,1.0,0.7869,0.8807,0.4,0.6,0.117,7.024
coco,Gprop1,Gchair,275,yolo,yolov8x.pt,0.9843,0.9843,0.576,0.7267,0.4,0.6,0.117,7.024
imagenet,prop1Uprop2,bottleUdog,175,yolo,yolov8x.pt,0.875,0.875,0.4118,0.56,0.4,0.6,0.117,7.024
imagenet,prop1Uprop2,sports_ballUumbrella,75,yolo,yolov8x.pt,1.0,1.0,0.1429,0.25,0.4,0.6,0.117,7.024
coco,(prop1&prop2)Uprop3,(car&person)Usuitcase,500,yolo,yolov8x.pt,0.9825,0.9825,0.5957,0.7417,0.4,0.6,0.117,7.024
coco,prop1&prop2,person&clock,250,yolo,yolov8x.pt,1.0,1.0,0.4681,0.6377,0.4,0.6,0.117,7.024
coco,prop1Uprop2,clockUgiraffe,400,yolo,yolov8x.pt,1.0,1.0,0.0423,0.0811,0.4,0.6,0.117,7.024
imagenet,prop1Uprop2,tieUtruck,200,yolo,yolov8x.pt,0.7917,0.7917,0.475,0.5937,0.4,0.6,0.117,7.024
coco,Gprop1,Gchair,450,yolo,yolov8x.pt,1.0,1.0,0.5792,0.7335,0.4,0.6,0.117,7.024
coco,(prop1&prop2)Uprop3,(handbag&person)Ubottle,200,yolo,yolov8x.pt,1.0,1.0,0.3171,0.4815,0.4,0.6,0.117,7.024
coco,prop1&prop2,boat&backpack,325,yolo,yolov8x.pt,1.0,1.0,0.1091,0.1967,0.4,0.6,0.117,7.024
coco,prop1Uprop2,tieUbanana,300,yolo,yolov8x.pt,0.75,0.75,0.0517,0.0968,0.4,0.6,0.117,7.024
coco,Gprop1,Gmouse,300,yolo,yolov8x.pt,1.0,1.0,0.9117,0.9538,0.4,0.6,0.117,7.024
coco,prop1&prop2,person&skis,125,yolo,yolov8x.pt,1.0,1.0,0.9565,0.9778,0.4,0.6,0.117,7.024
imagenet,prop1Uprop2,chairUapple,500,yolo,yolov8x.pt,0.8511,0.8511,0.4,0.5442,0.4,0.6,0.117,7.024
coco,Gprop1,Gfrisbee,225,yolo,yolov8x.pt,1.0,1.0,0.9364,0.9672,0.4,0.6,0.117,7.024
coco,prop1Uprop2,sandwichUkeyboard,300,yolo,yolov8x.pt,1.0,1.0,0.2203,0.3611,0.4,0.6,0.117,7.024
coco,prop1Uprop2,donutUperson,75,yolo,yolov8x.pt,1.0,1.0,0.2353,0.381,0.4,0.6,0.117,7.024
coco,Gprop1,Gbanana,200,yolo,yolov8x.pt,1.0,1.0,0.6271,0.7708,0.4,0.6,0.117,7.024
coco,Gprop1,Gdog,50,yolo,yolov8x.pt,1.0,1.0,0.9048,0.95,0.4,0.6,0.117,7.024
coco,(prop1&prop2)Uprop3,(cow&person)Uairplane,425,yolo,yolov8x.pt,1.0,1.0,0.0361,0.0698,0.4,0.6,0.117,7.024
coco,prop1Uprop2,bananaUbed,125,yolo,yolov8x.pt,0.95,0.95,0.6786,0.7917,0.4,0.6,0.117,7.024
coco,prop1&prop2,backpack&bus,425,yolo,yolov8x.pt,0.9859,0.9859,0.8861,0.9333,0.4,0.6,0.117,7.024
coco,Gprop1,Gkeyboard,175,yolo,yolov8x.pt,1.0,1.0,0.6783,0.8083,0.4,0.6,0.117,7.024
imagenet,prop1Uprop2,birdUbottle,350,yolo,yolov8x.pt,0.8421,0.8421,0.6857,0.7559,0.4,0.6,0.117,7.024
coco,Gprop1,Gfrisbee,200,yolo,yolov8x.pt,1.0,1.0,0.9422,0.9702,0.4,0.6,0.117,7.024
imagenet,prop1Uprop2,parking_meterUtoaster,250,yolo,yolov8x.pt,1.0,1.0,0.2,0.3333,0.4,0.6,0.117,7.024
coco,Gprop1,Gairplane,150,yolo,yolov8x.pt,1.0,1.0,0.992,0.996,0.4,0.6,0.117,7.024
coco,prop1&prop2,knife&cup,425,yolo,yolov8x.pt,0.9706,0.9706,0.4286,0.5946,0.4,0.6,0.117,7.024
coco,prop1Uprop2,appleUbowl,500,yolo,yolov8x.pt,0.9302,0.9302,0.4444,0.6015,0.4,0.6,0.117,7.024
coco,(prop1&prop2)Uprop3,(frisbee&dog)Uoven,400,yolo,yolov8x.pt,1.0,1.0,0.0128,0.0253,0.4,0.6,0.117,7.024
coco,(prop1&prop2)Uprop3,(bed&book)Uskateboard,100,yolo,yolov8x.pt,1.0,1.0,0.3043,0.4667,0.4,0.6,0.117,7.024
imagenet,prop1Uprop2,teddy_bearUkeyboard,375,yolo,yolov8x.pt,1.0,1.0,0.5405,0.7018,0.4,0.6,0.117,7.024
coco,Gprop1,Gcar,425,yolo,yolov8x.pt,1.0,1.0,0.7125,0.8321,0.4,0.6,0.117,7.024
imagenet,prop1Uprop2,catUstop_sign,75,yolo,yolov8x.pt,1.0,1.0,0.1429,0.25,0.4,0.6,0.117,7.024
coco,(prop1&prop2)Uprop3,(car&train)Uskis,100,yolo,yolov8x.pt,1.0,1.0,0.3529,0.5217,0.4,0.6,0.117,7.024
coco,prop1Uprop2,bananaUbowl,400,yolo,yolov8x.pt,1.0,1.0,0.0263,0.0513,0.4,0.6,0.117,7.024
coco,prop1&prop2,person&suitcase,425,yolo,yolov8x.pt,0.9831,0.9831,0.7342,0.8406,0.4,0.6,0.117,7.024
coco,Gprop1,Gbackpack,300,yolo,yolov8x.pt,1.0,1.0,0.3424,0.5101,0.4,0.6,0.117,7.024
coco,Gprop1,Gsurfboard,200,yolo,yolov8x.pt,0.9919,0.9919,0.7235,0.8367,0.4,0.6,0.117,7.024
imagenet,prop1Uprop2,remoteUbroccoli,400,yolo,yolov8x.pt,1.0,1.0,0.5,0.6667,0.4,0.6,0.117,7.024
coco,Gprop1,Gzebra,175,yolo,yolov8x.pt,1.0,1.0,0.9795,0.9896,0.4,0.6,0.117,7.024
coco,prop1Uprop2,refrigeratorUkite,425,yolo,yolov8x.pt,1.0,1.0,0.1566,0.2708,0.4,0.6,0.117,7.024
imagenet,prop1Uprop2,pizzaUorange,100,yolo,yolov8x.pt,1.0,1.0,0.2,0.3333,0.4,0.6,0.117,7.024
coco,prop1Uprop2,dogUtv,25,yolo,yolov8x.pt,0.8333,0.8333,0.8333,0.8333,0.4,0.6,0.117,7.024
coco,prop1&prop2,cup&kite,375,yolo,yolov8x.pt,1.0,1.0,1.0,1.0,0.4,0.6,0.117,7.024
coco,(prop1&prop2)Uprop3,(refrigerator&bottle)Ucarrot,425,yolo,yolov8x.pt,0.0,0.0,0.0,0.0,0.4,0.6,0.117,7.024
coco,Gprop1,Gfork,400,yolo,yolov8x.pt,1.0,1.0,0.7649,0.8668,0.4,0.6,0.117,7.024
coco,prop1Uprop2,snowboardUcup,300,yolo,yolov8x.pt,1.0,1.0,0.6066,0.7551,0.4,0.6,0.117,7.024
coco,prop1&prop2,person&bottle,300,yolo,yolov8x.pt,1.0,1.0,0.463,0.6329,0.4,0.6,0.117,7.024
coco,Gprop1,Gboat,25,yolo,yolov8x.pt,1.0,1.0,1.0,1.0,0.4,0.6,0.117,7.024
imagenet,prop1Uprop2,vaseUtie,325,yolo,yolov8x.pt,0.8868,0.8868,0.7344,0.8034,0.4,0.6,0.117,7.024
coco,prop1Uprop2,snowboardUtoothbrush,25,yolo,yolov8x.pt,1.0,1.0,0.5,0.6667,0.4,0.6,0.117,7.024
imagenet,prop1Uprop2,orangeUbackpack,25,yolo,yolov8x.pt,0.0,0.0,0.0,0.0,0.4,0.6,0.117,7.024
coco,Gprop1,Gclock,225,yolo,yolov8x.pt,1.0,1.0,0.7696,0.8698,0.4,0.6,0.117,7.024
coco,(prop1&prop2)Uprop3,(person&cow)Utruck,275,yolo,yolov8x.pt,1.0,1.0,0.08,0.1481,0.4,0.6,0.117,7.024
coco,Gprop1,Gclock,75,yolo,yolov8x.pt,1.0,1.0,0.8485,0.918,0.4,0.6,0.117,7.024
coco,prop1&prop2,bed&dog,275,yolo,yolov8x.pt,1.0,1.0,0.6,0.75,0.4,0.6,0.117,7.024
imagenet,prop1Uprop2,broccoliUbook,250,yolo,yolov8x.pt,1.0,1.0,0.44,0.6111,0.4,0.6,0.117,7.024
imagenet,prop1Uprop2,bottleUmouse,125,yolo,yolov8x.pt,1.0,1.0,0.5833,0.7368,0.4,0.6,0.117,7.024
coco,Gprop1,Gorange,350,yolo,yolov8x.pt,1.0,1.0,0.2577,0.4098,0.4,0.6,0.117,7.024
coco,prop1Uprop2,benchUtoilet,475,yolo,yolov8x.pt,0.75,0.75,0.0341,0.0652,0.4,0.6,0.117,7.024
coco,Gprop1,Gorange,125,yolo,yolov8x.pt,1.0,1.0,0.398,0.5693,0.4,0.6,0.117,7.024
coco,(prop1&prop2)Uprop3,(bed&cat)Uchair,325,yolo,yolov8x.pt,1.0,1.0,0.623,0.7677,0.4,0.6,0.117,7.024
coco,(prop1&prop2)Uprop3,(person&car)Ucow,50,yolo,yolov8x.pt,1.0,1.0,0.3333,0.5,0.4,0.6,0.117,7.024
imagenet,prop1Uprop2,boatUbench,325,yolo,yolov8x.pt,0.9459,0.9459,0.5469,0.6931,0.4,0.6,0.117,7.024
coco,prop1&prop2,toilet&sink,475,yolo,yolov8x.pt,1.0,1.0,0.7558,0.8609,0.4,0.6,0.117,7.024
coco,Gprop1,Gkite,475,yolo,yolov8x.pt,0.0,0.0,0.0,0.0,0.4,0.6,0.117,7.024
coco,prop1&prop2,boat&chair,150,yolo,yolov8x.pt,1.0,1.0,0.2414,0.3889,0.4,0.6,0.117,7.024
coco,prop1Uprop2,truckUdonut,500,yolo,yolov8x.pt,1.0,1.0,0.0109,0.0215,0.4,0.6,0.117,7.024
coco,prop1Uprop2,forkUsink,275,yolo,yolov8x.pt,0.3333,0.3333,0.0204,0.0385,0.4,0.6,0.117,7.024
imagenet,prop1Uprop2,sheepUbook,500,yolo,yolov8x.pt,0.8947,0.8947,0.17,0.2857,0.4,0.6,0.117,7.024
coco,prop1&prop2,bottle&person,325,yolo,yolov8x.pt,1.0,1.0,0.3448,0.5128,0.4,0.6,0.117,7.024
coco,prop1&prop2,car&bicycle,50,yolo,yolov8x.pt,1.0,1.0,0.6667,0.8,0.4,0.6,0.117,7.024
coco,Gprop1,Glaptop,475,yolo,yolov8x.pt,1.0,1.0,0.8229,0.9028,0.4,0.6,0.117,7.024
coco,(prop1&prop2)Uprop3,(person&surfboard)Uhorse,500,yolo,yolov8x.pt,0.6667,0.6667,0.0211,0.0408,0.4,0.6,0.117,7.024
coco,prop1Uprop2,backpackUbird,250,yolo,yolov8x.pt,1.0,1.0,0.3333,0.5,0.4,0.6,0.117,7.024
coco,Gprop1,Gtoilet,150,yolo,yolov8x.pt,1.0,1.0,0.8317,0.9081,0.4,0.6,0.117,7.024
coco,prop1&prop2,chair&elephant,400,yolo,yolov8x.pt,0.0,0.0,0.0,0.0,0.4,0.6,0.117,7.024
imagenet,prop1Uprop2,airplaneUbench,450,yolo,yolov8x.pt,0.9733,0.9733,0.8111,0.8848,0.4,0.6,0.117,7.024
coco,prop1&prop2,oven&sink,75,yolo,yolov8x.pt,1.0,1.0,0.5714,0.7273,0.4,0.6,0.117,7.024
imagenet,prop1Uprop2,bowlUsports_ball,75,yolo,yolov8x.pt,0.875,0.875,0.5,0.6364,0.4,0.6,0.117,7.024
coco,(prop1&prop2)Uprop3,(airplane&car)Ucup,275,yolo,yolov8x.pt,1.0,1.0,0.5686,0.725,0.4,0.6,0.117,7.024
coco,prop1&prop2,surfboard&bottle,100,yolo,yolov8x.pt,0.0,0.0,0.0,0.0,0.4,0.6,0.117,7.024
coco,prop1Uprop2,kiteUtie,450,yolo,yolov8x.pt,0.75,0.75,0.0333,0.0638,0.4,0.6,0.117,7.024
coco,Gprop1,Ghorse,500,yolo,yolov8x.pt,1.0,1.0,0.7545,0.8601,0.4,0.6,0.117,7.024
coco,Gprop1,Gcat,100,yolo,yolov8x.pt,1.0,1.0,0.8971,0.9457,0.4,0.6,0.117,7.024
imagenet,prop1Uprop2,refrigeratorUtraffic_light,250,yolo,yolov8x.pt,0.9697,0.9697,0.64,0.7711,0.4,0.6,0.117,7.024
coco,Gprop1,Gpizza,75,yolo,yolov8x.pt,1.0,1.0,0.375,0.5455,0.4,0.6,0.117,7.024
coco,(prop1&prop2)Uprop3,(person&tv)Uskis,175,yolo,yolov8x.pt,1.0,1.0,0.0857,0.1579,0.4,0.6,0.117,7.024
coco,prop1Uprop2,tieUbook,325,yolo,yolov8x.pt,0.0,0.0,0.0,0.0,0.4,0.6,0.117,7.024
coco,(prop1&prop2)Uprop3,(tv&cake)Uboat,150,yolo,yolov8x.pt,1.0,1.0,0.0323,0.0625,0.4,0.6,0.117,7.024
imagenet,prop1Uprop2,tvUbicycle,275,yolo,yolov8x.pt,1.0,1.0,0.8889,0.9412,0.4,0.6,0.117,7.024
coco,prop1Uprop2,motorcycleUsheep,150,yolo,yolov8x.pt,1.0,1.0,0.1,0.1818,0.4,0.6,0.117,7.024
coco,prop1&prop2,pizza&fork,475,yolo,yolov8x.pt,1.0,1.0,0.5647,0.7218,0.4,0.6,0.117,7.024
coco,Gprop1,Gskateboard,375,yolo,yolov8x.pt,1.0,1.0,0.9121,0.954,0.4,0.6,0.117,7.024
coco,prop1&prop2,cow&bird,125,yolo,yolov8x.pt,1.0,1.0,1.0,1.0,0.4,0.6,0.117,7.024
coco,prop1Uprop2,bowlUtoilet,200,yolo,yolov8x.pt,1.0,1.0,0.0541,0.1026,0.4,0.6,0.117,7.024
imagenet,prop1Uprop2,traffic_lightUbackpack,300,yolo,yolov8x.pt,1.0,1.0,0.5333,0.6957,0.4,0.6,0.117,7.024
coco,Gprop1,Gperson,225,yolo,yolov8x.pt,1.0,1.0,0.9005,0.9476,0.4,0.6,0.117,7.024
coco,prop1Uprop2,knifeUdonut,225,yolo,yolov8x.pt,1.0,1.0,0.0238,0.0465,0.4,0.6,0.117,7.024
coco,(prop1&prop2)Uprop3,(tie&person)Ubowl,375,yolo,yolov8x.pt,0.6,0.6,0.0435,0.0811,0.4,0.6,0.117,7.024
coco,prop1Uprop2,cowUdonut,175,yolo,yolov8x.pt,1.0,1.0,0.0278,0.0541,0.4,0.6,0.117,7.024
coco,Gprop1,Gbottle,325,yolo,yolov8x.pt,1.0,1.0,0.5679,0.7244,0.4,0.6,0.117,7.024
coco,prop1&prop2,spoon&toaster,475,yolo,yolov8x.pt,0.0,0.0,0.0,0.0,0.4,0.6,0.117,7.024
coco,prop1&prop2,person&train,75,yolo,yolov8x.pt,1.0,1.0,0.6667,0.8,0.4,0.6,0.117,7.024
coco,(prop1&prop2)Uprop3,(bench&person)Uclock,125,yolo,yolov8x.pt,1.0,1.0,0.4828,0.6512,0.4,0.6,0.117,7.024
imagenet,prop1Uprop2,toiletUbicycle,400,yolo,yolov8x.pt,0.9839,0.9839,0.7625,0.8592,0.4,0.6,0.117,7.024
imagenet,prop1Uprop2,mouseUtoaster,100,yolo,yolov8x.pt,1.0,1.0,0.35,0.5185,0.4,0.6,0.117,7.024
coco,Gprop1,Gsurfboard,375,yolo,yolov8x.pt,1.0,1.0,0.7534,0.8594,0.4,0.6,0.117,7.024
coco,prop1Uprop2,sinkUbird,350,yolo,yolov8x.pt,1.0,1.0,0.0299,0.058,0.4,0.6,0.117,7.024
imagenet,prop1Uprop2,toasterUclock,200,yolo,yolov8x.pt,1.0,1.0,0.075,0.1395,0.4,0.6,0.117,7.024
coco,Gprop1,Ghorse,125,yolo,yolov8x.pt,1.0,1.0,0.9176,0.9571,0.4,0.6,0.117,7.024
coco,prop1&prop2,dog&boat,350,yolo,yolov8x.pt,1.0,1.0,0.5397,0.701,0.4,0.6,0.117,7.024
coco,(prop1&prop2)Uprop3,(bed&couch)Ubicycle,300,yolo,yolov8x.pt,1.0,1.0,0.2105,0.3478,0.4,0.6,0.117,7.024
coco,(prop1&prop2)Uprop3,(person&skis)Uclock,75,yolo,yolov8x.pt,0.9375,0.9375,0.8824,0.9091,0.4,0.6,0.117,7.024
coco,prop1Uprop2,sandwichUsheep,450,yolo,yolov8x.pt,1.0,1.0,0.2588,0.4112,0.4,0.6,0.117,7.024
coco,Gprop1,Gtoaster,500,yolo,yolov8x.pt,0.0,0.0,0.0,0.0,0.4,0.6,0.117,7.024
coco,prop1Uprop2,toasterUtruck,100,yolo,yolov8x.pt,0.8421,0.8421,0.6957,0.7619,0.4,0.6,0.117,7.024
imagenet,prop1Uprop2,bearUstop_sign,475,yolo,yolov8x.pt,0.9,0.9,0.1915,0.3158,0.4,0.6,0.117,7.024
coco,prop1&prop2,cow&person,450,yolo,yolov8x.pt,1.0,1.0,0.6667,0.8,0.4,0.6,0.117,7.024
coco,prop1Uprop2,boatUapple,125,yolo,yolov8x.pt,1.0,1.0,0.7692,0.8696,0.4,0.6,0.117,7.024
imagenet,prop1Uprop2,bottleUmouse,125,yolo,yolov8x.pt,0.9444,0.9444,0.7083,0.8095,0.4,0.6,0.117,7.024
coco,prop1&prop2,person&frisbee,150,yolo,yolov8x.pt,1.0,1.0,0.9583,0.9787,0.4,0.6,0.117,7.024
coco,(prop1&prop2)Uprop3,(mouse&laptop)Uapple,300,yolo,yolov8x.pt,1.0,1.0,0.9423,0.9703,0.4,0.6,0.117,7.024
coco,Gprop1,Gcarrot,500,yolo,yolov8x.pt,1.0,1.0,0.1492,0.2596,0.4,0.6,0.117,7.024
coco,prop1Uprop2,motorcycleUtrain,125,yolo,yolov8x.pt,0.9583,0.9583,0.8846,0.92,0.4,0.6,0.117,7.024
coco,prop1&prop2,bed&couch,150,yolo,yolov8x.pt,1.0,1.0,0.2308,0.375,0.4,0.6,0.117,7.024
imagenet,prop1Uprop2,cupUtraffic_light,200,yolo,yolov8x.pt,0.9429,0.9429,0.825,0.88,0.4,0.6,0.117,7.024
coco,(prop1&prop2)Uprop3,(person&sheep)Ulaptop,125,yolo,yolov8x.pt,0.9545,0.9545,0.7241,0.8235,0.4,0.6,0.117,7.024
coco,prop1Uprop2,toothbrushUvase,225,yolo,yolov8x.pt,0.9231,0.9231,0.2667,0.4138,0.4,0.6,0.117,7.024
coco,Gprop1,Gtoothbrush,300,yolo,yolov8x.pt,1.0,1.0,0.6469,0.7856,0.4,0.6,0.117,7.024
coco,Gprop1,Gcup,25,yolo,yolov8x.pt,1.0,1.0,0.25,0.4,0.4,0.6,0.117,7.024
coco,prop1Uprop2,benchUpizza,150,yolo,yolov8x.pt,1.0,1.0,0.5,0.6667,0.4,0.6,0.117,7.024
imagenet,prop1Uprop2,refrigeratorUperson,350,yolo,yolov8x.pt,0.7826,0.7826,0.2571,0.3871,0.4,0.6,0.117,7.024
coco,prop1&prop2,boat&bus,425,yolo,yolov8x.pt,1.0,1.0,0.7671,0.8682,0.4,0.6,0.117,7.024
coco,(prop1&prop2)Uprop3,(laptop&dog)Udonut,325,yolo,yolov8x.pt,0.0,0.0,0.0,0.0,0.4,0.6,0.117,7.024
coco,Gprop1,Glaptop,450,yolo,yolov8x.pt,1.0,1.0,0.7896,0.8824,0.4,0.6,0.117,7.024
coco,prop1Uprop2,toiletUbed,350,yolo,yolov8x.pt,1.0,1.0,0.0149,0.0294,0.4,0.6,0.117,7.024
coco,Gprop1,Gbird,100,yolo,yolov8x.pt,1.0,1.0,0.8125,0.8966,0.4,0.6,0.117,7.024
imagenet,prop1Uprop2,horseUteddy_bear,350,yolo,yolov8x.pt,0.8333,0.8333,0.1429,0.2439,0.4,0.6,0.117,7.024
coco,prop1&prop2,frisbee&person,325,yolo,yolov8x.pt,1.0,1.0,0.9455,0.972,0.4,0.6,0.117,7.024
coco,prop1&prop2,bowl&orange,25,yolo,yolov8x.pt,0.0,0.0,0.0,0.0,0.4,0.6,0.117,7.024
coco,prop1Uprop2,pizzaUbicycle,175,yolo,yolov8x.pt,1.0,1.0,0.4118,0.5833,0.4,0.6,0.117,7.024
coco,prop1&prop2,dog&bottle,25,yolo,yolov8x.pt,1.0,1.0,0.4,0.5714,0.4,0.6,0.117,7.024
imagenet,prop1Uprop2,benchUdog,150,yolo,yolov8x.pt,0.9545,0.9545,0.7,0.8077,0.4,0.6,0.117,7.024
coco,prop1Uprop2,motorcycleUdog,100,yolo,yolov8x.pt,1.0,1.0,0.8095,0.8947,0.4,0.6,0.117,7.024
coco,Gprop1,Gtruck,375,yolo,yolov8x.pt,1.0,1.0,0.6351,0.7768,0.4,0.6,0.117,7.024
imagenet,prop1Uprop2,dogUstop_sign,125,yolo,yolov8x.pt,1.0,1.0,0.125,0.2222,0.4,0.6,0.117,7.024
coco,(prop1&prop2)Uprop3,(umbrella&person)Uknife,350,yolo,yolov8x.pt,1.0,1.0,0.0172,0.0339,0.4,0.6,0.117,7.024
coco,Gprop1,Gchair,325,yolo,yolov8x.pt,0.0,0.0,0.0,0.0,0.4,0.6,0.117,7.024
coco,prop1Uprop2,dogUbanana,275,yolo,yolov8x.pt,0.9722,0.9722,0.6731,0.7955,0.4,0.6,0.117,7.024
imagenet,prop1Uprop2,bedUapple,225,yolo,yolov8x.pt,1.0,1.0,0.4773,0.6462,0.4,0.6,0.117,7.024
coco,prop1&prop2,person&skateboard,425,yolo,yolov8x.pt,1.0,1.0,0.8861,0.9396,0.4,0.6,0.117,7.024
coco,Gprop1,Gsnowboard,275,yolo,yolov8x.pt,1.0,1.0,0.6245,0.7689,0.4,0.6,0.117,7.024
coco,prop1Uprop2,toiletUrefrigerator,275,yolo,yolov8x.pt,1.0,1.0,0.0588,0.1111,0.4,0.6,0.117,7.024
coco,prop1Uprop2,mouseUbed,75,yolo,yolov8x.pt,0.0,0.0,0.0,0.0,0.4,0.6,0.117,7.024
coco,(prop1&prop2)Uprop3,(car&elephant)Ubanana,375,yolo,yolov8x.pt,1.0,1.0,0.9589,0.979,0.4,0.6,0.117,7.024
coco,prop1&prop2,frisbee&person,325,yolo,yolov8x.pt,1.0,1.0,0.9483,0.9735,0.4,0.6,0.117,7.024
imagenet,prop1Uprop2,bookUdining_table,425,yolo,yolov8x.pt,0.6,0.6,0.0357,0.0674,0.4,0.6,0.117,7.024
coco,prop1&prop2,spoon&clock,25,yolo,yolov8x.pt,0.0,0.0,0.0,0.0,0.4,0.6,0.117,7.024
coco,Gprop1,Glaptop,450,yolo,yolov8x.pt,1.0,1.0,0.7904,0.883,0.4,0.6,0.117,7.024
coco,Gprop1,Gtruck,50,yolo,yolov8x.pt,1.0,1.0,0.4375,0.6087,0.4,0.6,0.117,7.024
coco,prop1Uprop2,zebraUcow,325,yolo,yolov8x.pt,0.8333,0.8333,0.0769,0.1408,0.4,0.6,0.117,7.024
coco,prop1Uprop2,birdUscissors,25,yolo,yolov8x.pt,0.8571,0.8571,0.75,0.8,0.4,0.6,0.117,7.024
coco,prop1Uprop2,clockUgiraffe,175,yolo,yolov8x.pt,1.0,1.0,0.0294,0.0571,0.4,0.6,0.117,7.024
coco,prop1&prop2,dog&person,400,yolo,yolov8x.pt,0.9783,0.9783,0.6618,0.7895,0.4,0.6,0.117,7.024
imagenet,prop1Uprop2,catUzebra,425,yolo,yolov8x.pt,0.9459,0.9459,0.8333,0.8861,0.4,0.6,0.117,7.024
coco,(prop1&prop2)Uprop3,(surfboard&person)Utoothbrush,400,yolo,yolov8x.pt,1.0,1.0,0.7333,0.8462,0.4,0.6,0.117,7.024
coco,Gprop1,Gbear,350,yolo,yolov8x.pt,1.0,1.0,0.9367,0.9673,0.4,0.6,0.117,7.024
coco,prop1Uprop2,chairUtoilet,250,yolo,yolov8x.pt,1.0,1.0,0.0638,0.12,0.4,0.6,0.117,7.024
coco,Gprop1,Gbed,150,yolo,yolov8x.pt,1.0,1.0,0.7624,0.8652,0.4,0.6,0.117,7.024
coco,prop1&prop2,bus&person,375,yolo,yolov8x.pt,1.0,1.0,0.6301,0.7731,0.4,0.6,0.117,7.024
imagenet,prop1Uprop2,hot_dogUkite,500,yolo,yolov8x.pt,1.0,1.0,0.09,0.1651,0.4,0.6,0.117,7.024
coco,Gprop1,Gfrisbee,350,yolo,yolov8x.pt,1.0,1.0,0.9327,0.9652,0.4,0.6,0.117,7.024
coco,(prop1&prop2)Uprop3,(frisbee&person)Uhorse,325,yolo,yolov8x.pt,1.0,1.0,0.0167,0.0328,0.4,0.6,0.117,7.024
coco,prop1Uprop2,bowlUsurfboard,375,yolo,yolov8x.pt,0.5,0.5,0.0137,0.0267,0.4,0.6,0.117,7.024
coco,Gprop1,Gbird,50,yolo,yolov8x.pt,1.0,1.0,0.8571,0.9231,0.4,0.6,0.117,7.024
coco,prop1Uprop2,donutUperson,150,yolo,yolov8x.pt,1.0,1.0,0.1667,0.2857,0.4,0.6,0.117,7.024
coco,prop1&prop2,person&skis,375,yolo,yolov8x.pt,0.9796,0.9796,0.7164,0.8276,0.4,0.6,0.117,7.024
coco,Gprop1,Gbed,275,yolo,yolov8x.pt,1.0,1.0,0.7047,0.8268,0.4,0.6,0.117,7.024
imagenet,prop1Uprop2,catUbowl,450,yolo,yolov8x.pt,1.0,1.0,0.3111,0.4746,0.4,0.6,0.117,7.024
coco,Gprop1,Gperson,175,yolo,yolov8x.pt,1.0,1.0,0.8797,0.936,0.4,0.6,0.117,7.024
coco,(prop1&prop2)Uprop3,(skateboard&person)Usandwich,300,yolo,yolov8x.pt,1.0,1.0,0.0339,0.0656,0.4,0.6,0.117,7.024
coco,prop1Uprop2,remoteUoven,350,yolo,yolov8x.pt,0.5,0.5,0.0139,0.027,0.4,0.6,0.117,7.024
coco,Gprop1,Gsandwich,125,yolo,yolov8x.pt,1.0,1.0,0.2278,0.3711,0.4,0.6,0.117,7.024
coco,prop1Uprop2,bearUtrain,225,yolo,yolov8x.pt,1.0,1.0,0.1837,0.3103,0.4,0.6,0.117,7.024
coco,prop1&prop2,mouse&laptop,500,yolo,yolov8x.pt,1.0,1.0,0.7979,0.8876,0.4,0.6,0.117,7.024
coco,Gprop1,Gremote,475,yolo,yolov8x.pt,1.0,1.0,0.4924,0.6599,0.4,0.6,0.117,7.024
imagenet,prop1Uprop2,clockUkeyboard,475,yolo,yolov8x.pt,1.0,1.0,0.2021,0.3363,0.4,0.6,0.117,7.024
coco,(prop1&prop2)Uprop3,(orange&person)Uhorse,350,yolo,yolov8x.pt,1.0,1.0,0.125,0.2222,0.4,0.6,0.117,7.024
coco,prop1&prop2,zebra&giraffe,225,yolo,yolov8x.pt,1.0,1.0,1.0,1.0,0.4,0.6,0.117,7.024
coco,prop1&prop2,person&sink,50,yolo,yolov8x.pt,1.0,1.0,0.4444,0.6154,0.4,0.6,0.117,7.024
coco,Gprop1,Gbook,400,yolo,yolov8x.pt,1.0,1.0,0.2913,0.4512,0.4,0.6,0.117,7.024
coco,prop1Uprop2,personUboat,450,yolo,yolov8x.pt,1.0,1.0,0.037,0.0714,0.4,0.6,0.117,7.024
coco,Gprop1,Gbird,100,yolo,yolov8x.pt,1.0,1.0,0.7021,0.825,0.4,0.6,0.117,7.024
coco,(prop1&prop2)Uprop3,(bed&dog)Ucat,225,yolo,yolov8x.pt,1.0,1.0,0.1395,0.2449,0.4,0.6,0.117,7.024
imagenet,prop1Uprop2,vaseUsports_ball,400,yolo,yolov8x.pt,0.9455,0.9455,0.65,0.7704,0.4,0.6,0.117,7.024
coco,prop1&prop2,chair&bird,250,yolo,yolov8x.pt,1.0,1.0,0.3478,0.5161,0.4,0.6,0.117,7.024
coco,Gprop1,Gsandwich,250,yolo,yolov8x.pt,1.0,1.0,0.1818,0.3077,0.4,0.6,0.117,7.024
imagenet,prop1Uprop2,dining_tableUbicycle,50,yolo,yolov8x.pt,1.0,1.0,0.4,0.5714,0.4,0.6,0.117,7.024
imagenet,prop1Uprop2,tieUkite,100,yolo,yolov8x.pt,1.0,1.0,0.4,0.5714,0.4,0.6,0.117,7.024
coco,prop1&prop2,person&tie,150,yolo,yolov8x.pt,1.0,1.0,0.76,0.8636,0.4,0.6,0.117,7.024
coco,prop1Uprop2,toasterUhandbag,400,yolo,yolov8x.pt,0.9677,0.9677,0.4054,0.5714,0.4,0.6,0.117,7.024
coco,prop1&prop2,cat&remote,125,yolo,yolov8x.pt,1.0,1.0,0.5909,0.7429,0.4,0.6,0.117,7.024
coco,(prop1&prop2)Uprop3,(person&airplane)Ucarrot,225,yolo,yolov8x.pt,1.0,1.0,0.814,0.8974,0.4,0.6,0.117,7.024
coco,Gprop1,Ghandbag,425,yolo,yolov8x.pt,1.0,1.0,0.3726,0.5429,0.4,0.6,0.117,7.024
coco,prop1Uprop2,chairUmotorcycle,100,yolo,yolov8x.pt,0.9167,0.9167,0.5789,0.7097,0.4,0.6,0.117,7.024
coco,prop1Uprop2,truckUmicrowave,50,yolo,yolov8x.pt,0.6667,0.6667,0.1818,0.2857,0.4,0.6,0.117,7.024
coco,prop1Uprop2,elephantUchair,50,yolo,yolov8x.pt,1.0,1.0,0.7273,0.8421,0.4,0.6,0.117,7.024
coco,prop1&prop2,train&person,175,yolo,yolov8x.pt,1.0,1.0,0.6667,0.8,0.4,0.6,0.117,7.024
imagenet,prop1Uprop2,vaseUkite,425,yolo,yolov8x.pt,0.0,0.0,0.0,0.0,0.4,0.6,0.117,7.024
coco,Gprop1,Gspoon,425,yolo,yolov8x.pt,1.0,1.0,0.5192,0.6835,0.4,0.6,0.117,7.024
coco,Gprop1,Gbench,250,yolo,yolov8x.pt,1.0,1.0,0.6987,0.8226,0.4,0.6,0.117,7.024
coco,Gprop1,Gtie,25,yolo,yolov8x.pt,1.0,1.0,1.0,1.0,0.4,0.6,0.117,7.024
coco,prop1Uprop2,truckUsandwich,425,yolo,yolov8x.pt,0.0,0.0,0.0,0.0,0.4,0.6,0.117,7.024
imagenet,prop1Uprop2,truckUtoaster,375,yolo,yolov8x.pt,0.8,0.8,0.0541,0.1013,0.4,0.6,0.117,7.024
coco,(prop1&prop2)Uprop3,(frisbee&bench)Uzebra,425,yolo,yolov8x.pt,1.0,1.0,0.2159,0.3551,0.4,0.6,0.117,7.024
coco,prop1&prop2,car&train,450,yolo,yolov8x.pt,1.0,1.0,0.6795,0.8092,0.4,0.6,0.117,7.024
imagenet,prop1Uprop2,clockUboat,50,yolo,yolov8x.pt,1.0,1.0,0.3,0.4615,0.4,0.6,0.117,7.024
coco,Gprop1,Gknife,325,yolo,yolov8x.pt,1.0,1.0,0.3459,0.514,0.4,0.6,0.117,7.024
imagenet,prop1Uprop2,cowUtruck,225,yolo,yolov8x.pt,0.75,0.75,0.75,0.75,0.4,0.6,0.117,7.024
imagenet,prop1Uprop2,backpackUboat,25,yolo,yolov8x.pt,1.0,1.0,0.25,0.4,0.4,0.6,0.117,7.024
coco,prop1Uprop2,mouseUcow,375,yolo,yolov8x.pt,0.5,0.5,0.0299,0.0563,0.4,0.6,0.117,7.024
imagenet,prop1Uprop2,cowUsheep,50,yolo,yolov8x.pt,1.0,1.0,0.3,0.4615,0.4,0.6,0.117,7.024
coco,Gprop1,Ggiraffe,250,yolo,yolov8x.pt,1.0,1.0,1.0,1.0,0.4,0.6,0.117,7.024
coco,prop1&prop2,person&sheep,375,yolo,yolov8x.pt,0.9787,0.9787,0.6667,0.7931,0.4,0.6,0.117,7.024
coco,(prop1&prop2)Uprop3,(cup&umbrella)Utoothbrush,325,yolo,yolov8x.pt,1.0,1.0,0.0167,0.0328,0.4,0.6,0.117,7.024
coco,prop1&prop2,frisbee&person,75,yolo,yolov8x.pt,1.0,1.0,1.0,1.0,0.4,0.6,0.117,7.024
coco,prop1Uprop2,giraffeUcar,200,yolo,yolov8x.pt,1.0,1.0,0.85,0.9189,0.4,0.6,0.117,7.024
imagenet,prop1Uprop2,bearUtruck,175,yolo,yolov8x.pt,0.8,0.8,0.5882,0.678,0.4,0.6,0.117,7.024
coco,prop1&prop2,oven&spoon,100,yolo,yolov8x.pt,1.0,1.0,0.2778,0.4348,0.4,0.6,0.117,7.024
imagenet,prop1Uprop2,elephantUkite,150,yolo,yolov8x.pt,1.0,1.0,0.4,0.5714,0.4,0.6,0.117,7.024
coco,(prop1&prop2)Uprop3,(pizza&person)Usheep,175,yolo,yolov8x.pt,0.5,0.5,0.0303,0.0571,0.4,0.6,0.117,7.024
coco,(prop1&prop2)Uprop3,(mouse&laptop)Ubackpack,100,yolo,yolov8x.pt,1.0,1.0,0.5238,0.6875,0.4,0.6,0.117,7.024
coco,prop1&prop2,skateboard&truck,350,yolo,yolov8x.pt,1.0,1.0,0.9545,0.9767,0.4,0.6,0.117,7.024
coco,prop1Uprop2,benchUknife,475,yolo,yolov8x.pt,0.5,0.5,0.0112,0.022,0.4,0.6,0.117,7.024
imagenet,prop1Uprop2,toiletUmicrowave,300,yolo,yolov8x.pt,1.0,1.0,0.2833,0.4416,0.4,0.6,0.117,7.024
coco,prop1Uprop2,tvUhorse,75,yolo,yolov8x.pt,1.0,1.0,0.4,0.5714,0.4,0.6,0.117,7.024
coco,prop1&prop2,bench&train,275,yolo,yolov8x.pt,1.0,1.0,0.6667,0.8,0.4,0.6,0.117,7.024
coco,(prop1&prop2)Uprop3,(cat&keyboard)Umouse,275,yolo,yolov8x.pt,1.0,1.0,0.06,0.1132,0.4,0.6,0.117,7.024
imagenet,prop1Uprop2,broccoliUparking_meter,275,yolo,yolov8x.pt,1.0,1.0,0.7593,0.8632,0.4,0.6,0.117,7.024
coco,prop1Uprop2,mouseUbook,325,yolo,yolov8x.pt,1.0,1.0,0.4194,0.5909,0.4,0.6,0.117,7.024
coco,(prop1&prop2)Uprop3,(person&bus)Udonut,125,yolo,yolov8x.pt,1.0,1.0,0.4167,0.5882,0.4,0.6,0.117,7.024
coco,prop1&prop2,skis&person,375,yolo,yolov8x.pt,1.0,1.0,0.7681,0.8689,0.4,0.6,0.117,7.024
imagenet,prop1Uprop2,vaseUumbrella,375,yolo,yolov8x.pt,1.0,1.0,0.3784,0.549,0.4,0.6,0.117,7.024
coco,prop1Uprop2,donutUmicrowave,425,yolo,yolov8x.pt,1.0,1.0,0.0128,0.0253,0.4,0.6,0.117,7.024
coco,(prop1&prop2)Uprop3,(person&skateboard)Utoilet,350,yolo,yolov8x.pt,0.9804,0.9804,0.7246,0.8333,0.4,0.6,0.117,7.024
coco,prop1Uprop2,tvUtoilet,200,yolo,yolov8x.pt,0.9048,0.9048,0.475,0.623,0.4,0.6,0.117,7.024
coco,prop1&prop2,bicycle&person,350,yolo,yolov8x.pt,1.0,1.0,0.5692,0.7255,0.4,0.6,0.117,7.024
imagenet,prop1Uprop2,bowlUlaptop,475,yolo,yolov8x.pt,0.9474,0.9474,0.383,0.5455,0.4,0.6,0.117,7.024
coco,prop1Uprop2,forkUclock,250,yolo,yolov8x.pt,0.9474,0.9474,0.72,0.8182,0.4,0.6,0.117,7.024
coco,(prop1&prop2)Uprop3,(bottle&toilet)Uoven,250,yolo,yolov8x.pt,1.0,1.0,0.02,0.0392,0.4,0.6,0.117,7.024
imagenet,prop1Uprop2,bicycleUelephant,225,yolo,yolov8x.pt,0.9474,0.9474,0.4091,0.5714,0.4,0.6,0.117,7.024
imagenet,prop1Uprop2,elephantUbicycle,25,yolo,yolov8x.pt,1.0,1.0,0.4,0.5714,0.4,0.6,0.117,7.024
coco,prop1&prop2,donut&bowl,400,yolo,yolov8x.pt,0.9737,0.9737,0.5068,0.6667,0.4,0.6,0.117,7.024
coco,(prop1&prop2)Uprop3,(sink&toilet)Ubowl,200,yolo,yolov8x.pt,1.0,1.0,0.6341,0.7761,0.4,0.6,0.117,7.024
coco,prop1Uprop2,pizzaUzebra,475,yolo,yolov8x.pt,1.0,1.0,0.0575,0.1087,0.4,0.6,0.117,7.024
imagenet,prop1Uprop2,trainUdog,450,yolo,yolov8x.pt,0.8966,0.8966,0.8667,0.8814,0.4,0.6,0.117,7.024
coco,prop1&prop2,person&couch,500,yolo,yolov8x.pt,1.0,1.0,0.6129,0.76,0.4,0.6,0.117,7.024
imagenet,prop1Uprop2,backpackUtraffic_light,175,yolo,yolov8x.pt,1.0,1.0,0.2059,0.3415,0.4,0.6,0.117,7.024
coco,prop1Uprop2,couchUsurfboard,375,yolo,yolov8x.pt,0.6667,0.6667,0.0533,0.0988,0.4,0.6,0.117,7.024
coco,prop1Uprop2,motorcycleUkeyboard,50,yolo,yolov8x.pt,1.0,1.0,0.8333,0.9091,0.4,0.6,0.117,7.024
imagenet,prop1Uprop2,mouseUsheep,275,yolo,yolov8x.pt,1.0,1.0,0.3333,0.5,0.4,0.6,0.117,7.024
coco,(prop1&prop2)Uprop3,(couch&laptop)Udonut,500,yolo,yolov8x.pt,1.0,1.0,0.0198,0.0388,0.4,0.6,0.117,7.024
coco,prop1&prop2,toilet&bottle,475,yolo,yolov8x.pt,1.0,1.0,0.5698,0.7259,0.4,0.6,0.117,7.024
coco,(prop1&prop2)Uprop3,(bottle&person)Udonut,125,yolo,yolov8x.pt,0.8846,0.8846,0.9583,0.92,0.4,0.6,0.117,7.024
coco,(prop1&prop2)Uprop3,(person&bench)Uknife,75,yolo,yolov8x.pt,1.0,1.0,0.6,0.75,0.4,0.6,0.117,7.024
imagenet,prop1Uprop2,chairUmouse,325,yolo,yolov8x.pt,0.8824,0.8824,0.7031,0.7826,0.4,0.6,0.117,7.024
coco,prop1&prop2,elephant&car,250,yolo,yolov8x.pt,1.0,1.0,1.0,1.0,0.4,0.6,0.117,7.024
coco,prop1&prop2,person&skis,200,yolo,yolov8x.pt,1.0,1.0,0.8,0.8889,0.4,0.6,0.117,7.024
coco,(prop1&prop2)Uprop3,(truck&person)Ubear,375,yolo,yolov8x.pt,1.0,1.0,0.5362,0.6981,0.4,0.6,0.117,7.024
coco,prop1&prop2,cat&refrigerator,275,yolo,yolov8x.pt,1.0,1.0,0.3673,0.5373,0.4,0.6,0.117,7.024
coco,prop1&prop2,mouse&laptop,450,yolo,yolov8x.pt,1.0,1.0,0.7805,0.8767,0.4,0.6,0.117,7.024
coco,prop1&prop2,tv&remote,50,yolo,yolov8x.pt,1.0,1.0,0.1111,0.2,0.4,0.6,0.117,7.024
coco,(prop1&prop2)Uprop3,(surfboard&person)Urefrigerator,450,yolo,yolov8x.pt,0.9545,0.9545,0.2414,0.3853,0.4,0.6,0.117,7.024
coco,(prop1&prop2)Uprop3,(person&motorcycle)Ubackpack,150,yolo,yolov8x.pt,1.0,1.0,0.7419,0.8519,0.4,0.6,0.117,7.024
coco,prop1&prop2,laptop&book,350,yolo,yolov8x.pt,1.0,1.0,0.3333,0.5,0.4,0.6,0.117,7.024
coco,(prop1&prop2)Uprop3,(person&backpack)Upizza,150,yolo,yolov8x.pt,0.931,0.931,0.9,0.9153,0.4,0.6,0.117,7.024
coco,prop1&prop2,person&tv,250,yolo,yolov8x.pt,1.0,1.0,0.4255,0.597,0.4,0.6,0.117,7.024
coco,prop1&prop2,donut&spoon,175,yolo,yolov8x.pt,1.0,1.0,0.2727,0.4286,0.4,0.6,0.117,7.024
coco,(prop1&prop2)Uprop3,(person&bench)Ubowl,200,yolo,yolov8x.pt,0.9444,0.9444,0.4595,0.6182,0.4,0.6,0.117,7.024
coco,(prop1&prop2)Uprop3,(person&surfboard)Uvase,100,yolo,yolov8x.pt,0.8947,0.8947,0.9444,0.9189,0.4,0.6,0.117,7.024
coco,prop1&prop2,backpack&snowboard,500,yolo,yolov8x.pt,1.0,1.0,0.163,0.2804,0.4,0.6,0.117,7.024
coco,(prop1&prop2)Uprop3,(couch&chair)Uskateboard,225,yolo,yolov8x.pt,1.0,1.0,0.75,0.8571,0.4,0.6,0.117,7.024
coco,(prop1&prop2)Uprop3,(bed&cat)Uchair,175,yolo,yolov8x.pt,1.0,1.0,0.4412,0.6122,0.4,0.6,0.117,7.024
coco,prop1&prop2,person&pizza,400,yolo,yolov8x.pt,1.0,1.0,0.4342,0.6055,0.4,0.6,0.117,7.024
coco,prop1&prop2,bus&person,300,yolo,yolov8x.pt,0.9474,0.9474,0.6545,0.7742,0.4,0.6,0.117,7.024
coco,(prop1&prop2)Uprop3,(bottle&sink)Ubackpack,450,yolo,yolov8x.pt,1.0,1.0,0.3372,0.5043,0.4,0.6,0.117,7.024
coco,prop1&prop2,airplane&bicycle,300,yolo,yolov8x.pt,1.0,1.0,0.537,0.6988,0.4,0.6,0.117,7.024
coco,prop1&prop2,book&bottle,300,yolo,yolov8x.pt,1.0,1.0,0.1636,0.2812,0.4,0.6,0.117,7.024
coco,(prop1&prop2)Uprop3,(bird&book)Uorange,250,yolo,yolov8x.pt,0.0,0.0,0.0,0.0,0.4,0.6,0.117,7.024
coco,prop1&prop2,car&kite,225,yolo,yolov8x.pt,1.0,1.0,0.25,0.4,0.4,0.6,0.117,7.024
coco,prop1&prop2,clock&person,225,yolo,yolov8x.pt,0.9231,0.9231,0.5714,0.7059,0.4,0.6,0.117,7.024
coco,prop1&prop2,laptop&person,100,yolo,yolov8x.pt,1.0,1.0,0.9333,0.9655,0.4,0.6,0.117,7.024
coco,(prop1&prop2)Uprop3,(skis&backpack)Ucarrot,500,yolo,yolov8x.pt,0.0,0.0,0.0,0.0,0.4,0.6,0.117,7.024
coco,(prop1&prop2)Uprop3,(bus&person)Uzebra,25,yolo,yolov8x.pt,1.0,1.0,0.3333,0.5,0.4,0.6,0.117,7.024
coco,prop1&prop2,person&bus,275,yolo,yolov8x.pt,1.0,1.0,0.6327,0.775,0.4,0.6,0.117,7.024
coco,prop1&prop2,remote&person,100,yolo,yolov8x.pt,1.0,1.0,0.3333,0.5,0.4,0.6,0.117,7.024
coco,prop1&prop2,handbag&person,25,yolo,yolov8x.pt,1.0,1.0,0.8,0.8889,0.4,0.6,0.117,7.024
coco,prop1&prop2,cake&spoon,225,yolo,yolov8x.pt,1.0,1.0,0.2683,0.4231,0.4,0.6,0.117,7.024
coco,(prop1&prop2)Uprop3,(vase&horse)Usurfboard,375,yolo,yolov8x.pt,1.0,1.0,0.0141,0.0278,0.4,0.6,0.117,7.024
coco,prop1&prop2,bus&car,125,yolo,yolov8x.pt,1.0,1.0,0.7273,0.8421,0.4,0.6,0.117,7.024
coco,prop1&prop2,tv&bed,50,yolo,yolov8x.pt,1.0,1.0,0.7778,0.875,0.4,0.6,0.117,7.024
coco,(prop1&prop2)Uprop3,(oven&refrigerator)Ubanana,275,yolo,yolov8x.pt,1.0,1.0,0.0185,0.0364,0.4,0.6,0.117,7.024
coco,prop1&prop2,backpack&snowboard,225,yolo,yolov8x.pt,1.0,1.0,0.1282,0.2273,0.4,0.6,0.117,7.024
coco,prop1&prop2,car&person,200,yolo,yolov8x.pt,0.8929,0.8929,0.6944,0.7812,0.4,0.6,0.117,7.024
coco,(prop1&prop2)Uprop3,(person&giraffe)Ubicycle,275,yolo,yolov8x.pt,1.0,1.0,0.0192,0.0377,0.4,0.6,0.117,7.024
coco,prop1&prop2,bench&person,250,yolo,yolov8x.pt,0.9655,0.9655,0.6087,0.7467,0.4,0.6,0.117,7.024
coco,prop1&prop2,cat&keyboard,50,yolo,yolov8x.pt,1.0,1.0,0.4,0.5714,0.4,0.6,0.117,7.024
coco,prop1&prop2,tie&person,200,yolo,yolov8x.pt,1.0,1.0,0.7,0.8235,0.4,0.6,0.117,7.024
coco,(prop1&prop2)Uprop3,(bench&person)Usnowboard,375,yolo,yolov8x.pt,0.9348,0.9348,0.6056,0.735,0.4,0.6,0.117,7.024
coco,prop1&prop2,handbag&elephant,125,yolo,yolov8x.pt,1.0,1.0,1.0,1.0,0.4,0.6,0.117,7.024
coco,prop1&prop2,person&kite,75,yolo,yolov8x.pt,1.0,1.0,0.8462,0.9167,0.4,0.6,0.117,7.024
coco,prop1&prop2,banana&chair,100,yolo,yolov8x.pt,0.9286,0.9286,0.7222,0.8125,0.4,0.6,0.117,7.024
coco,prop1&prop2,person&skis,200,yolo,yolov8x.pt,1.0,1.0,0.6111,0.7586,0.4,0.6,0.117,7.024
coco,(prop1&prop2)Uprop3,(person&airplane)Uchair,375,yolo,yolov8x.pt,0.9821,0.9821,0.7746,0.8661,0.4,0.6,0.117,7.024
coco,prop1&prop2,boat&person,125,yolo,yolov8x.pt,0.8889,0.8889,0.3636,0.5161,0.4,0.6,0.117,7.024
coco,prop1&prop2,motorcycle&truck,75,yolo,yolov8x.pt,1.0,1.0,0.5714,0.7273,0.4,0.6,0.117,7.024
coco,prop1&prop2,motorcycle&truck,450,yolo,yolov8x.pt,0.98,0.98,0.5904,0.7368,0.4,0.6,0.117,7.024
coco,(prop1&prop2)Uprop3,(tv&cup)Uoven,500,yolo,yolov8x.pt,1.0,1.0,0.3579,0.5271,0.4,0.6,0.117,7.024
coco,prop1&prop2,skis&person,200,yolo,yolov8x.pt,1.0,1.0,0.8286,0.9062,0.4,0.6,0.117,7.024
coco,(prop1&prop2)Uprop3,(person&truck)Ucup,225,yolo,yolov8x.pt,0.975,0.975,0.8864,0.9286,0.4,0.6,0.117,7.024
coco,prop1&prop2,chair&cat,275,yolo,yolov8x.pt,1.0,1.0,0.4808,0.6494,0.4,0.6,0.117,7.024
coco,(prop1&prop2)Uprop3,(sheep&person)Uelephant,50,yolo,yolov8x.pt,1.0,1.0,0.7273,0.8421,0.4,0.6,0.117,7.024
coco,(prop1&prop2)Uprop3,(person&tie)Ubus,100,yolo,yolov8x.pt,0.9333,0.9333,0.6667,0.7778,0.4,0.6,0.117,7.024
coco,prop1&prop2,book&mouse,300,yolo,yolov8x.pt,1.0,1.0,0.4259,0.5974,0.4,0.6,0.117,7.024
coco,prop1&prop2,suitcase&book,25,yolo,yolov8x.pt,1.0,1.0,0.25,0.4,0.4,0.6,0.117,7.024
coco,(prop1&prop2)Uprop3,(person&suitcase)Utv,150,yolo,yolov8x.pt,0.9167,0.9167,0.7586,0.8302,0.4,0.6,0.117,7.024
coco,(prop1&prop2)Uprop3,(sink&toilet)Ubird,25,yolo,yolov8x.pt,0.0,0.0,0.0,0.0,0.4,0.6,0.117,7.024
coco,prop1&prop2,person&umbrella,75,yolo,yolov8x.pt,1.0,1.0,0.8667,0.9286,0.4,0.6,0.117,7.024
coco,prop1&prop2,toilet&cat,400,yolo,yolov8x.pt,1.0,1.0,0.5753,0.7304,0.4,0.6,0.117,7.024
coco,(prop1&prop2)Uprop3,(surfboard&person)Udog,475,yolo,yolov8x.pt,1.0,1.0,0.7471,0.8553,0.4,0.6,0.117,7.024
coco,prop1&prop2,cup&knife,375,yolo,yolov8x.pt,1.0,1.0,0.2985,0.4598,0.4,0.6,0.117,7.024
coco,prop1&prop2,bed&bottle,25,yolo,yolov8x.pt,1.0,1.0,0.6,0.75,0.4,0.6,0.117,7.024
coco,prop1&prop2,person&skateboard,500,yolo,yolov8x.pt,1.0,1.0,0.9222,0.9595,0.4,0.6,0.117,7.024
coco,(prop1&prop2)Uprop3,(truck&car)Utoilet,500,yolo,yolov8x.pt,1.0,1.0,0.4479,0.6187,0.4,0.6,0.117,7.024
coco,prop1&prop2,umbrella&tie,275,yolo,yolov8x.pt,0.0,0.0,0.0,0.0,0.4,0.6,0.117,7.024
coco,prop1&prop2,person&car,100,yolo,yolov8x.pt,0.9333,0.9333,0.7,0.8,0.4,0.6,0.117,7.024
coco,prop1&prop2,car&boat,50,yolo,yolov8x.pt,1.0,1.0,0.375,0.5455,0.4,0.6,0.117,7.024
coco,prop1&prop2,bowl&person,175,yolo,yolov8x.pt,1.0,1.0,0.25,0.4,0.4,0.6,0.117,7.024
coco,(prop1&prop2)Uprop3,(surfboard&person)Ubear,475,yolo,yolov8x.pt,1.0,1.0,0.0114,0.0225,0.4,0.6,0.117,7.024
coco,prop1&prop2,elephant&person,350,yolo,yolov8x.pt,1.0,1.0,0.875,0.9333,0.4,0.6,0.117,7.024
coco,prop1&prop2,book&laptop,250,yolo,yolov8x.pt,1.0,1.0,0.7021,0.825,0.4,0.6,0.117,7.024
coco,(prop1&prop2)Uprop3,(sink&toilet)Uperson,425,yolo,yolov8x.pt,1.0,1.0,0.5063,0.6723,0.4,0.6,0.117,7.024
coco,(prop1&prop2)Uprop3,(motorcycle&person)Ubench,325,yolo,yolov8x.pt,1.0,1.0,0.0833,0.1538,0.4,0.6,0.117,7.024
coco,prop1&prop2,person&kite,425,yolo,yolov8x.pt,1.0,1.0,0.7532,0.8593,0.4,0.6,0.117,7.024
coco,(prop1&prop2)Uprop3,(person&horse)Ugiraffe,150,yolo,yolov8x.pt,1.0,1.0,0.9333,0.9655,0.4,0.6,0.117,7.024
coco,prop1&prop2,couch&chair,475,yolo,yolov8x.pt,1.0,1.0,0.5909,0.7429,0.4,0.6,0.117,7.024
coco,(prop1&prop2)Uprop3,(couch&cat)Uspoon,275,yolo,yolov8x.pt,1.0,1.0,0.4815,0.65,0.4,0.6,0.117,7.024
coco,(prop1&prop2)Uprop3,(bicycle&person)Usandwich,25,yolo,yolov8x.pt,1.0,1.0,0.75,0.8571,0.4,0.6,0.117,7.024
coco,prop1&prop2,remote&couch,325,yolo,yolov8x.pt,0.96,0.96,0.4068,0.5714,0.4,0.6,0.117,7.024
coco,prop1&prop2,oven&person,175,yolo,yolov8x.pt,1.0,1.0,0.5161,0.6809,0.4,0.6,0.117,7.024
coco,(prop1&prop2)Uprop3,(surfboard&person)Utie,300,yolo,yolov8x.pt,1.0,1.0,0.0385,0.0741,0.4,0.6,0.117,7.024
coco,(prop1&prop2)Uprop3,(person&frisbee)Uboat,25,yolo,yolov8x.pt,1.0,1.0,0.5714,0.7273,0.4,0.6,0.117,7.024
coco,prop1&prop2,motorcycle&bird,500,yolo,yolov8x.pt,0.0,0.0,0.0,0.0,0.4,0.6,0.117,7.024
coco,(prop1&prop2)Uprop3,(person&train)Ubowl,400,yolo,yolov8x.pt,0.9825,0.9825,0.7368,0.8421,0.4,0.6,0.117,7.024
coco,prop1&prop2,skis&person,400,yolo,yolov8x.pt,0.9492,0.9492,0.7887,0.8615,0.4,0.6,0.117,7.024
coco,prop1&prop2,vase&oven,225,yolo,yolov8x.pt,1.0,1.0,0.3846,0.5556,0.4,0.6,0.117,7.024
coco,(prop1&prop2)Uprop3,(keyboard&laptop)Uchair,400,yolo,yolov8x.pt,1.0,1.0,0.2338,0.3789,0.4,0.6,0.117,7.024
coco,prop1&prop2,scissors&kite,450,yolo,yolov8x.pt,1.0,1.0,1.0,1.0,0.4,0.6,0.117,7.024
coco,prop1&prop2,mouse&tv,325,yolo,yolov8x.pt,1.0,1.0,0.8814,0.9369,0.4,0.6,0.117,7.024
coco,(prop1&prop2)Uprop3,(person&bench)Umouse,450,yolo,yolov8x.pt,0.9195,0.9195,0.9412,0.9302,0.4,0.6,0.117,7.024
coco,(prop1&prop2)Uprop3,(person&car)Uoven,75,yolo,yolov8x.pt,1.0,1.0,0.7059,0.8276,0.4,0.6,0.117,7.024
coco,(prop1&prop2)Uprop3,(banana&chair)Uknife,200,yolo,yolov8x.pt,1.0,1.0,0.2683,0.4231,0.4,0.6,0.117,7.024
coco,prop1&prop2,dog&boat,450,yolo,yolov8x.pt,1.0,1.0,0.4268,0.5983,0.4,0.6,0.117,7.024
coco,prop1&prop2,couch&cup,150,yolo,yolov8x.pt,1.0,1.0,0.2,0.3333,0.4,0.6,0.117,7.024
coco,(prop1&prop2)Uprop3,(person&cow)Ufrisbee,325,yolo,yolov8x.pt,1.0,1.0,0.6552,0.7917,0.4,0.6,0.117,7.024
coco,prop1&prop2,couch&person,300,yolo,yolov8x.pt,1.0,1.0,0.5962,0.747,0.4,0.6,0.117,7.024
coco,(prop1&prop2)Uprop3,(person&bus)Uelephant,25,yolo,yolov8x.pt,1.0,1.0,0.375,0.5455,0.4,0.6,0.117,7.024
coco,(prop1&prop2)Uprop3,(bench&person)Uvase,50,yolo,yolov8x.pt,1.0,1.0,0.6667,0.8,0.4,0.6,0.117,7.024
coco,prop1&prop2,chair&toilet,500,yolo,yolov8x.pt,0.9773,0.9773,0.9247,0.9503,0.4,0.6,0.117,7.024
coco,(prop1&prop2)Uprop3,(surfboard&boat)Utie,475,yolo,yolov8x.pt,1.0,1.0,0.1648,0.283,0.4,0.6,0.117,7.024
coco,prop1&prop2,bicycle&motorcycle,200,yolo,yolov8x.pt,1.0,1.0,0.6,0.75,0.4,0.6,0.117,7.024
coco,prop1&prop2,tie&person,150,yolo,yolov8x.pt,1.0,1.0,0.6923,0.8182,0.4,0.6,0.117,7.024
coco,(prop1&prop2)Uprop3,(elephant&person)Ubed,175,yolo,yolov8x.pt,0.9714,0.9714,0.9444,0.9577,0.4,0.6,0.117,7.024
coco,prop1&prop2,oven&cake,175,yolo,yolov8x.pt,1.0,1.0,0.4848,0.6531,0.4,0.6,0.117,7.024
coco,(prop1&prop2)Uprop3,(bed&couch)Usuitcase,75,yolo,yolov8x.pt,1.0,1.0,0.375,0.5455,0.4,0.6,0.117,7.024
coco,(prop1&prop2)Uprop3,(person&car)Usnowboard,250,yolo,yolov8x.pt,0.9773,0.9773,0.8958,0.9348,0.4,0.6,0.117,7.024
coco,prop1&prop2,skateboard&person,475,yolo,yolov8x.pt,0.9756,0.9756,0.9302,0.9524,0.4,0.6,0.117,7.024
coco,(prop1&prop2)Uprop3,(kite&person)Ucarrot,150,yolo,yolov8x.pt,1.0,1.0,0.8438,0.9153,0.4,0.6,0.117,7.024
coco,(prop1&prop2)Uprop3,(car&donut)Ubroccoli,125,yolo,yolov8x.pt,0.0,0.0,0.0,0.0,0.4,0.6,0.117,7.024
coco,(prop1&prop2)Uprop3,(oven&sink)Upizza,100,yolo,yolov8x.pt,1.0,1.0,0.8182,0.9,0.4,0.6,0.117,7.024
coco,(prop1&prop2)Uprop3,(backpack&person)Uelephant,450,yolo,yolov8x.pt,1.0,1.0,0.0353,0.0682,0.4,0.6,0.117,7.024
coco,(prop1&prop2)Uprop3,(skis&backpack)Utrain,250,yolo,yolov8x.pt,1.0,1.0,0.4167,0.5882,0.4,0.6,0.117,7.024
coco,(prop1&prop2)Uprop3,(person&backpack)Utruck,450,yolo,yolov8x.pt,1.0,1.0,0.0465,0.0889,0.4,0.6,0.117,7.024
coco,(prop1&prop2)Uprop3,(toilet&sink)Udonut,125,yolo,yolov8x.pt,0.96,0.96,0.8889,0.9231,0.4,0.6,0.117,7.024
coco,(prop1&prop2)Uprop3,(sheep&person)Ubear,475,yolo,yolov8x.pt,1.0,1.0,0.6,0.75,0.4,0.6,0.117,7.024
coco,(prop1&prop2)Uprop3,(surfboard&person)Umotorcycle,400,yolo,yolov8x.pt,1.0,1.0,0.0395,0.0759,0.4,0.6,0.117,7.024
coco,(prop1&prop2)Uprop3,(person&frisbee)Ucar,50,yolo,yolov8x.pt,0.7778,0.7778,0.7778,0.7778,0.4,0.6,0.117,7.024
coco,(prop1&prop2)Uprop3,(scissors&person)Uchair,225,yolo,yolov8x.pt,1.0,1.0,0.2727,0.4286,0.4,0.6,0.117,7.024
coco,(prop1&prop2)Uprop3,(person&skis)Uhandbag,400,yolo,yolov8x.pt,0.0,0.0,0.0,0.0,0.4,0.6,0.117,7.024
coco,(prop1&prop2)Uprop3,(sheep&umbrella)Ubackpack,50,yolo,yolov8x.pt,0.0,0.0,0.0,0.0,0.4,0.6,0.117,7.024
coco,(prop1&prop2)Uprop3,(umbrella&car)Utoaster,175,yolo,yolov8x.pt,0.96,0.96,0.75,0.8421,0.4,0.6,0.117,7.024
coco,(prop1&prop2)Uprop3,(bus&umbrella)Utoaster,425,yolo,yolov8x.pt,1.0,1.0,0.0471,0.0899,0.4,0.6,0.117,7.024
coco,(prop1&prop2)Uprop3,(pizza&person)Utoilet,75,yolo,yolov8x.pt,1.0,1.0,0.4375,0.6087,0.4,0.6,0.117,7.024
coco,(prop1&prop2)Uprop3,(person&train)Utv,475,yolo,yolov8x.pt,1.0,1.0,0.022,0.043,0.4,0.6,0.117,7.024
coco,(prop1&prop2)Uprop3,(bench&cat)Uspoon,50,yolo,yolov8x.pt,1.0,1.0,0.25,0.4,0.4,0.6,0.117,7.024
coco,(prop1&prop2)Uprop3,(person&car)Upizza,200,yolo,yolov8x.pt,1.0,1.0,0.2703,0.4255,0.4,0.6,0.117,7.024
coco,(prop1&prop2)Uprop3,(bird&banana)Uelephant,75,yolo,yolov8x.pt,1.0,1.0,0.0714,0.1333,0.4,0.6,0.117,7.024
coco,(prop1&prop2)Uprop3,(cat&person)Usuitcase,350,yolo,yolov8x.pt,1.0,1.0,0.4776,0.6465,0.4,0.6,0.117,7.024
coco,(prop1&prop2)Uprop3,(person&truck)Uremote,175,yolo,yolov8x.pt,1.0,1.0,0.5128,0.678,0.4,0.6,0.117,7.024
coco,(prop1&prop2)Uprop3,(person&umbrella)Ubicycle,300,yolo,yolov8x.pt,0.0,0.0,0.0,0.0,0.4,0.6,0.117,7.024
coco,(prop1&prop2)Uprop3,(person&bus)Uoven,225,yolo,yolov8x.pt,1.0,1.0,0.0227,0.0444,0.4,0.6,0.117,7.024
coco,(prop1&prop2)Uprop3,(person&skateboard)Umicrowave,350,yolo,yolov8x.pt,0.9531,0.9531,0.9683,0.9606,0.4,0.6,0.117,7.024
coco,(prop1&prop2)Uprop3,(person&car)Uoven,200,yolo,yolov8x.pt,1.0,1.0,0.1538,0.2667,0.4,0.6,0.117,7.024
coco,(prop1&prop2)Uprop3,(cup&person)Uskis,25,yolo,yolov8x.pt,0.8571,0.8571,0.75,0.8,0.4,0.6,0.117,7.024
coco,(prop1&prop2)Uprop3,(person&dog)Ucarrot,250,yolo,yolov8x.pt,0.9318,0.9318,0.9318,0.9318,0.4,0.6,0.117,7.024
coco,(prop1&prop2)Uprop3,(toilet&sink)Uscissors,350,yolo,yolov8x.pt,1.0,1.0,0.8857,0.9394,0.4,0.6,0.117,7.024
coco,(prop1&prop2)Uprop3,(bus&person)Uclock,250,yolo,yolov8x.pt,1.0,1.0,0.766,0.8675,0.4,0.6,0.117,7.024
coco,(prop1&prop2)Uprop3,(backpack&bicycle)Uorange,475,yolo,yolov8x.pt,1.0,1.0,0.1856,0.313,0.4,0.6,0.117,7.024
coco,(prop1&prop2)Uprop3,(surfboard&person)Upizza,450,yolo,yolov8x.pt,1.0,1.0,0.012,0.0238,0.4,0.6,0.117,7.024
coco,(prop1&prop2)Uprop3,(remote&couch)Utrain,425,yolo,yolov8x.pt,1.0,1.0,0.7692,0.8696,0.4,0.6,0.117,7.024
coco,(prop1&prop2)Uprop3,(person&tie)Uremote,300,yolo,yolov8x.pt,1.0,1.0,0.7857,0.88,0.4,0.6,0.117,7.024
coco,Fprop1,Fboat,100,yolo,yolov8x.pt,0.9286,0.9286,0.6842,0.7879,0.4,0.6,0.117,7.024
imagenet,Gprop1,Gtv,275,yolo,yolov8x.pt,1.0,1.0,0.7395,0.8502,0.4,0.6,0.117,7.024
coco,Fprop1,Fbench,425,yolo,yolov8x.pt,0.9592,0.9592,0.5949,0.7344,0.4,0.6,0.117,7.024
coco,Fprop1,Fknife,175,yolo,yolov8x.pt,1.0,1.0,0.4062,0.5778,0.4,0.6,0.117,7.024
imagenet,Gprop1,Gtraffic_light,200,yolo,yolov8x.pt,1.0,1.0,0.8171,0.8993,0.4,0.6,0.117,7.024
imagenet,Gprop1,Gcat,100,yolo,yolov8x.pt,1.0,1.0,0.6825,0.8113,0.4,0.6,0.117,7.024
coco,Fprop1,Fbottle,400,yolo,yolov8x.pt,0.8627,0.8627,0.5867,0.6984,0.4,0.6,0.117,7.024
coco,Fprop1,Fhorse,50,yolo,yolov8x.pt,1.0,1.0,0.875,0.9333,0.4,0.6,0.117,7.024
imagenet,Gprop1,Gstop_sign,300,yolo,yolov8x.pt,1.0,1.0,0.0667,0.125,0.4,0.6,0.117,7.024
coco,Fprop1,Fclock,400,yolo,yolov8x.pt,0.9821,0.9821,0.7639,0.8594,0.4,0.6,0.117,7.024
coco,Fprop1,Fdonut,175,yolo,yolov8x.pt,1.0,1.0,0.625,0.7692,0.4,0.6,0.117,7.024
imagenet,Gprop1,Gorange,450,yolo,yolov8x.pt,1.0,1.0,0.246,0.3949,0.4,0.6,0.117,7.024
imagenet,Gprop1,Gbanana,50,yolo,yolov8x.pt,1.0,1.0,0.381,0.5517,0.4,0.6,0.117,7.024
coco,Fprop1,Fclock,450,yolo,yolov8x.pt,0.9853,0.9853,0.7882,0.8758,0.4,0.6,0.117,7.024
imagenet,Gprop1,Gtoaster,400,yolo,yolov8x.pt,1.0,1.0,0.1347,0.2374,0.4,0.6,0.117,7.024
imagenet,Gprop1,Gkite,275,yolo,yolov8x.pt,1.0,1.0,0.0043,0.0085,0.4,0.6,0.117,7.024
imagenet,Gprop1,Grefrigerator,25,yolo,yolov8x.pt,1.0,1.0,0.75,0.8571,0.4,0.6,0.117,7.024
imagenet,Gprop1,Gbook,100,yolo,yolov8x.pt,1.0,1.0,0.1765,0.3,0.4,0.6,0.117,7.024
coco,Fprop1,Fapple,500,yolo,yolov8x.pt,1.0,1.0,0.4066,0.5781,0.4,0.6,0.117,7.024
coco,Fprop1,Fbottle,475,yolo,yolov8x.pt,0.9483,0.9483,0.618,0.7483,0.4,0.6,0.117,7.024
coco,Fprop1,Fapple,100,yolo,yolov8x.pt,1.0,1.0,0.3333,0.5,0.4,0.6,0.117,7.024
imagenet,Gprop1,Gtruck,350,yolo,yolov8x.pt,1.0,1.0,0.7479,0.8557,0.4,0.6,0.117,7.024
coco,Fprop1,Flaptop,325,yolo,yolov8x.pt,0.9808,0.9808,0.9107,0.9444,0.4,0.6,0.117,7.024
imagenet,Gprop1,Glaptop,175,yolo,yolov8x.pt,1.0,1.0,0.7786,0.8755,0.4,0.6,0.117,7.024
coco,Fprop1,Ftrain,450,yolo,yolov8x.pt,1.0,1.0,0.8875,0.9404,0.4,0.6,0.117,7.024
coco,Fprop1,Fhandbag,450,yolo,yolov8x.pt,0.9643,0.9643,0.3293,0.4909,0.4,0.6,0.117,7.024
imagenet,Gprop1,Gparking_meter,400,yolo,yolov8x.pt,1.0,1.0,0.8541,0.9213,0.4,0.6,0.117,7.024
coco,Fprop1,Fsink,75,yolo,yolov8x.pt,0.9231,0.9231,0.8571,0.8889,0.4,0.6,0.117,7.024
coco,Fprop1,Fbear,100,yolo,yolov8x.pt,1.0,1.0,1.0,1.0,0.4,0.6,0.117,7.024
imagenet,Gprop1,Gtruck,150,yolo,yolov8x.pt,0.9512,0.9512,0.7573,0.8432,0.4,0.6,0.117,7.024
imagenet,Gprop1,Gcat,50,yolo,yolov8x.pt,1.0,1.0,0.7778,0.875,0.4,0.6,0.117,7.024
coco,Fprop1,Fsink,275,yolo,yolov8x.pt,0.9714,0.9714,0.7234,0.8293,0.4,0.6,0.117,7.024
coco,Fprop1,Ftrain,25,yolo,yolov8x.pt,1.0,1.0,1.0,1.0,0.4,0.6,0.117,7.024
imagenet,Gprop1,Gbowl,250,yolo,yolov8x.pt,1.0,1.0,0.5192,0.6835,0.4,0.6,0.117,7.024
imagenet,Gprop1,Gchair,50,yolo,yolov8x.pt,1.0,1.0,0.7368,0.8485,0.4,0.6,0.117,7.024
coco,Fprop1,Fsink,375,yolo,yolov8x.pt,0.9804,0.9804,0.7692,0.8621,0.4,0.6,0.117,7.024
coco,Fprop1,Fdog,125,yolo,yolov8x.pt,1.0,1.0,0.9545,0.9767,0.4,0.6,0.117,7.024
imagenet,Gprop1,Ghot_dog,250,yolo,yolov8x.pt,1.0,1.0,0.3362,0.5032,0.4,0.6,0.117,7.024
imagenet,Gprop1,Gsheep,225,yolo,yolov8x.pt,1.0,1.0,0.347,0.5153,0.4,0.6,0.117,7.024
coco,Fprop1,Fbus,475,yolo,yolov8x.pt,1.0,1.0,0.8966,0.9455,0.4,0.6,0.117,7.024
coco,Fprop1,Fscissors,75,yolo,yolov8x.pt,1.0,1.0,0.8,0.8889,0.4,0.6,0.117,7.024
imagenet,Gprop1,Gpizza,425,yolo,yolov8x.pt,1.0,1.0,0.3632,0.5329,0.4,0.6,0.117,7.024
coco,Fprop1,Felephant,325,yolo,yolov8x.pt,1.0,1.0,1.0,1.0,0.4,0.6,0.117,7.024
imagenet,Gprop1,Gcow,75,yolo,yolov8x.pt,1.0,1.0,0.7368,0.8485,0.4,0.6,0.117,7.024
coco,Fprop1,Frefrigerator,125,yolo,yolov8x.pt,0.9474,0.9474,0.7826,0.8571,0.4,0.6,0.117,7.024
imagenet,Fprop1,Fremote,100,yolo,yolov8x.pt,1.0,1.0,0.7895,0.8824,0.4,0.6,0.117,7.024
imagenet,Fprop1,Fbanana,50,yolo,yolov8x.pt,1.0,1.0,0.6667,0.8,0.4,0.6,0.117,7.024
coco,Fprop1,Fmotorcycle,225,yolo,yolov8x.pt,1.0,1.0,0.95,0.9744,0.4,0.6,0.117,7.024
imagenet,Gprop1,Gtruck,275,yolo,yolov8x.pt,1.0,1.0,0.7664,0.8678,0.4,0.6,0.117,7.024
imagenet,Fprop1,Fbackpack,350,yolo,yolov8x.pt,1.0,1.0,0.209,0.3457,0.4,0.6,0.117,7.024
coco,Fprop1,Fcake,250,yolo,yolov8x.pt,0.9655,0.9655,0.6222,0.7568,0.4,0.6,0.117,7.024
imagenet,Fprop1,Fpizza,125,yolo,yolov8x.pt,1.0,1.0,0.4348,0.6061,0.4,0.6,0.117,7.024
coco,Fprop1,Ftv,200,yolo,yolov8x.pt,1.0,1.0,0.7949,0.8857,0.4,0.6,0.117,7.024
imagenet,Gprop1,Gtrain,225,yolo,yolov8x.pt,1.0,1.0,0.9512,0.975,0.4,0.6,0.117,7.024
coco,Fprop1,Fumbrella,50,yolo,yolov8x.pt,1.0,1.0,1.0,1.0,0.4,0.6,0.117,7.024
imagenet,Fprop1,Flaptop,350,yolo,yolov8x.pt,0.9818,0.9818,0.8438,0.9076,0.4,0.6,0.117,7.024
imagenet,Fprop1,Fstop_sign,200,yolo,yolov8x.pt,1.0,1.0,0.1026,0.186,0.4,0.6,0.117,7.024
coco,Fprop1,Fapple,325,yolo,yolov8x.pt,1.0,1.0,0.4918,0.6593,0.4,0.6,0.117,7.024
imagenet,Gprop1,Gbus,325,yolo,yolov8x.pt,0.9965,0.9965,0.8984,0.9449,0.4,0.6,0.117,7.024
imagenet,Fprop1,Fbird,325,yolo,yolov8x.pt,0.94,0.94,0.7966,0.8624,0.4,0.6,0.117,7.024
imagenet,Fprop1,Ftie,400,yolo,yolov8x.pt,0.9818,0.9818,0.7297,0.8372,0.4,0.6,0.117,7.024
imagenet,Gprop1,Gcell_phone,375,yolo,yolov8x.pt,1.0,1.0,0.7373,0.8488,0.4,0.6,0.117,7.024
imagenet,Fprop1,Fboat,350,yolo,yolov8x.pt,0.913,0.913,0.6176,0.7368,0.4,0.6,0.117,7.024
imagenet,Fprop1,Fpizza,450,yolo,yolov8x.pt,1.0,1.0,0.3171,0.4815,0.4,0.6,0.117,7.024
imagenet,Gprop1,Gcow,300,yolo,yolov8x.pt,1.0,1.0,0.6814,0.8105,0.4,0.6,0.117,7.024
imagenet,Fprop1,Fsports_ball,275,yolo,yolov8x.pt,1.0,1.0,0.451,0.6216,0.4,0.6,0.117,7.024
imagenet,Fprop1,Fclock,300,yolo,yolov8x.pt,1.0,1.0,0.4444,0.6154,0.4,0.6,0.117,7.024
imagenet,Gprop1,Gcow,250,yolo,yolov8x.pt,1.0,1.0,0.625,0.7692,0.4,0.6,0.117,7.024
imagenet,Fprop1,Fairplane,175,yolo,yolov8x.pt,1.0,1.0,0.625,0.7692,0.4,0.6,0.117,7.024
imagenet,Fprop1,Ftraffic_light,325,yolo,yolov8x.pt,0.9565,0.9565,0.7458,0.8381,0.4,0.6,0.117,7.024
imagenet,Fprop1,Frefrigerator,175,yolo,yolov8x.pt,0.9375,0.9375,0.5357,0.6818,0.4,0.6,0.117,7.024
imagenet,Gprop1,Gbird,375,yolo,yolov8x.pt,0.9965,0.9965,0.7938,0.8836,0.4,0.6,0.117,7.024
imagenet,Fprop1,Fbed,425,yolo,yolov8x.pt,0.95,0.95,0.75,0.8382,0.4,0.6,0.117,7.024
imagenet,Fprop1,Fdog,475,yolo,yolov8x.pt,0.8514,0.8514,0.7241,0.7826,0.4,0.6,0.117,7.024
imagenet,Gprop1,Gparking_meter,300,yolo,yolov8x.pt,1.0,1.0,0.8768,0.9343,0.4,0.6,0.117,7.024
imagenet,Gprop1,Gbear,75,yolo,yolov8x.pt,1.0,1.0,0.7879,0.8814,0.4,0.6,0.117,7.024
imagenet,Fprop1,Fremote,225,yolo,yolov8x.pt,0.9375,0.9375,0.75,0.8333,0.4,0.6,0.117,7.024
imagenet,Fprop1,Fbackpack,75,yolo,yolov8x.pt,1.0,1.0,0.4,0.5714,0.4,0.6,0.117,7.024
imagenet,Gprop1,Gbackpack,425,yolo,yolov8x.pt,1.0,1.0,0.2459,0.3947,0.4,0.6,0.117,7.024
imagenet,Fprop1,Fcell_phone,450,yolo,yolov8x.pt,0.9508,0.9508,0.716,0.8169,0.4,0.6,0.117,7.024
imagenet,Gprop1,Gtoilet,150,yolo,yolov8x.pt,1.0,1.0,0.7634,0.8658,0.4,0.6,0.117,7.024
imagenet,Fprop1,Flaptop,425,yolo,yolov8x.pt,0.9667,0.9667,0.7632,0.8529,0.4,0.6,0.117,7.024
imagenet,Fprop1,Fstop_sign,100,yolo,yolov8x.pt,0.0,0.0,0.0,0.0,0.4,0.6,0.117,7.024
imagenet,Fprop1,Fsheep,200,yolo,yolov8x.pt,1.0,1.0,0.4286,0.6,0.4,0.6,0.117,7.024
imagenet,Gprop1,Gboat,475,yolo,yolov8x.pt,1.0,1.0,0.5733,0.7288,0.4,0.6,0.117,7.024
imagenet,Fprop1,Ftv,425,yolo,yolov8x.pt,0.9767,0.9767,0.5526,0.7059,0.4,0.6,0.117,7.024
imagenet,Gprop1,Gcar,450,yolo,yolov8x.pt,1.0,1.0,0.3687,0.5387,0.4,0.6,0.117,7.024
imagenet,Fprop1,Forange,275,yolo,yolov8x.pt,1.0,1.0,0.4167,0.5882,0.4,0.6,0.117,7.024
imagenet,Gprop1,Gbook,100,yolo,yolov8x.pt,1.0,1.0,0.193,0.3235,0.4,0.6,0.117,7.024
imagenet,Fprop1,Fbowl,100,yolo,yolov8x.pt,0.9,0.9,0.5,0.6429,0.4,0.6,0.117,7.024
imagenet,Fprop1,Fdining_table,125,yolo,yolov8x.pt,1.0,1.0,0.7391,0.85,0.4,0.6,0.117,7.024
imagenet,Fprop1,Fcar,250,yolo,yolov8x.pt,0.76,0.76,0.4222,0.5429,0.4,0.6,0.117,7.024
imagenet,Fprop1,Fbanana,25,yolo,yolov8x.pt,1.0,1.0,0.8,0.8889,0.4,0.6,0.117,7.024
imagenet,Gprop1,Gclock,425,yolo,yolov8x.pt,1.0,1.0,0.5411,0.7023,0.4,0.6,0.117,7.024
imagenet,Fprop1,Fapple,450,yolo,yolov8x.pt,1.0,1.0,0.5422,0.7031,0.4,0.6,0.117,7.024
imagenet,Gprop1,Gelephant,175,yolo,yolov8x.pt,1.0,1.0,0.855,0.9218,0.4,0.6,0.117,7.024
imagenet,Fprop1,Fcell_phone,250,yolo,yolov8x.pt,1.0,1.0,0.6818,0.8108,0.4,0.6,0.117,7.024
imagenet,Fprop1,Fdining_table,275,yolo,yolov8x.pt,0.9655,0.9655,0.5957,0.7368,0.4,0.6,0.117,7.024
imagenet,Fprop1,Ftoaster,225,yolo,yolov8x.pt,1.0,1.0,0.125,0.2222,0.4,0.6,0.117,7.024
imagenet,Gprop1,Gbanana,500,yolo,yolov8x.pt,0.9966,0.9966,0.6061,0.7538,0.4,0.6,0.117,7.024
imagenet,Gprop1,Gbook,325,yolo,yolov8x.pt,1.0,1.0,0.1614,0.2779,0.4,0.6,0.117,7.024
imagenet,Fprop1,Fcar,500,yolo,yolov8x.pt,0.7917,0.7917,0.4086,0.539,0.4,0.6,0.117,7.024
imagenet,Fprop1,Fcar,300,yolo,yolov8x.pt,0.85,0.85,0.3208,0.4658,0.4,0.6,0.117,7.024
imagenet,Fprop1,Fapple,250,yolo,yolov8x.pt,1.0,1.0,0.5952,0.7463,0.4,0.6,0.117,7.024
imagenet,Fprop1,Fbroccoli,25,yolo,yolov8x.pt,1.0,1.0,0.6,0.75,0.4,0.6,0.117,7.024
imagenet,Fprop1,Fbroccoli,25,yolo,yolov8x.pt,1.0,1.0,0.75,0.8571,0.4,0.6,0.117,7.024
imagenet,Fprop1,Fhot_dog,125,yolo,yolov8x.pt,1.0,1.0,0.1818,0.3077,0.4,0.6,0.117,7.024
imagenet,Fprop1,Fzebra,150,yolo,yolov8x.pt,0.9259,0.9259,0.9259,0.9259,0.4,0.6,0.117,7.024
imagenet,Gprop1,Gbed,500,yolo,yolov8x.pt,1.0,1.0,0.6928,0.8185,0.4,0.6,0.117,7.024
imagenet,Gprop1,Gtrain,125,yolo,yolov8x.pt,1.0,1.0,0.9655,0.9825,0.4,0.6,0.117,7.024
imagenet,Fprop1,Fbottle,400,yolo,yolov8x.pt,0.9455,0.9455,0.6933,0.8,0.4,0.6,0.117,7.024
imagenet,Fprop1,Flaptop,375,yolo,yolov8x.pt,1.0,1.0,0.7681,0.8689,0.4,0.6,0.117,7.024
imagenet,Fprop1,Fbus,75,yolo,yolov8x.pt,1.0,1.0,0.9231,0.96,0.4,0.6,0.117,7.024
imagenet,Gprop1,Gvase,350,yolo,yolov8x.pt,1.0,1.0,0.8169,0.8992,0.4,0.6,0.117,7.024
imagenet,Gprop1,Gcat,200,yolo,yolov8x.pt,0.9895,0.9895,0.6483,0.7833,0.4,0.6,0.117,7.024
imagenet,Fprop1,Ftoilet,475,yolo,yolov8x.pt,0.9863,0.9863,0.8276,0.9,0.4,0.6,0.117,7.024
imagenet,Fprop1,Flaptop,325,yolo,yolov8x.pt,1.0,1.0,0.7797,0.8762,0.4,0.6,0.117,7.024
imagenet,Gprop1,Gelephant,350,yolo,yolov8x.pt,1.0,1.0,0.9091,0.9524,0.4,0.6,0.117,7.024
imagenet,Fprop1,Fcar,500,yolo,yolov8x.pt,0.8,0.8,0.3516,0.4885,0.4,0.6,0.117,7.024
imagenet,Gprop1,Gdining_table,200,yolo,yolov8x.pt,1.0,1.0,0.6951,0.8201,0.4,0.6,0.117,7.024
imagenet,Gprop1,Gboat,25,yolo,yolov8x.pt,1.0,1.0,0.5,0.6667,0.4,0.6,0.117,7.024
imagenet,Fprop1,Fmouse,375,yolo,yolov8x.pt,1.0,1.0,0.6515,0.789,0.4,0.6,0.117,7.024
imagenet,Fprop1,Fumbrella,400,yolo,yolov8x.pt,1.0,1.0,0.7042,0.8264,0.4,0.6,0.117,7.024
imagenet,Gprop1,Gtrain,325,yolo,yolov8x.pt,1.0,1.0,0.9433,0.9708,0.4,0.6,0.117,7.024
imagenet,Fprop1,Fbroccoli,150,yolo,yolov8x.pt,1.0,1.0,0.7407,0.8511,0.4,0.6,0.117,7.024
imagenet,Gprop1,Gtoaster,125,yolo,yolov8x.pt,1.0,1.0,0.1,0.1818,0.4,0.6,0.117,7.024
imagenet,Fprop1,Ftoaster,150,yolo,yolov8x.pt,1.0,1.0,0.1111,0.2,0.4,0.6,0.117,7.024
imagenet,Fprop1,Fbanana,75,yolo,yolov8x.pt,1.0,1.0,0.5714,0.7273,0.4,0.6,0.117,7.024
imagenet,Fprop1,Fapple,200,yolo,yolov8x.pt,1.0,1.0,0.6944,0.8197,0.4,0.6,0.117,7.024
imagenet,Fprop1,Fbench,175,yolo,yolov8x.pt,1.0,1.0,0.875,0.9333,0.4,0.6,0.117,7.024
imagenet,Gprop1,Gbicycle,475,yolo,yolov8x.pt,1.0,1.0,0.7367,0.8484,0.4,0.6,0.117,7.024
imagenet,Fprop1,Fbook,375,yolo,yolov8x.pt,0.9,0.9,0.1343,0.2338,0.4,0.6,0.117,7.024
imagenet,Fprop1,Fmouse,50,yolo,yolov8x.pt,1.0,1.0,0.375,0.5455,0.4,0.6,0.117,7.024
imagenet,Fprop1,Fvase,50,yolo,yolov8x.pt,1.0,1.0,1.0,1.0,0.4,0.6,0.117,7.024
imagenet,Fprop1,Fbicycle,300,yolo,yolov8x.pt,1.0,1.0,0.8113,0.8958,0.4,0.6,0.117,7.024
imagenet,Gprop1,Gkeyboard,475,yolo,yolov8x.pt,1.0,1.0,0.3693,0.5394,0.4,0.6,0.117,7.024
coco,Fprop1,Fzebra,475,yolo,yolov8x.pt,1.0,1.0,1.0,1.0,0.4,0.6,0.117,7.024
imagenet,Gprop1,Gkite,375,yolo,yolov8x.pt,1.0,1.0,0.0054,0.0107,0.4,0.6,0.117,7.024
imagenet,Fprop1,Fcup,500,yolo,yolov8x.pt,0.9146,0.9146,0.8242,0.8671,0.4,0.6,0.117,7.024
coco,Fprop1,Fscissors,300,yolo,yolov8x.pt,0.975,0.975,0.7222,0.8298,0.4,0.6,0.117,7.024
imagenet,Gprop1,Gtraffic_light,125,yolo,yolov8x.pt,1.0,1.0,0.8046,0.8917,0.4,0.6,0.117,7.024
coco,Fprop1,Fsnowboard,175,yolo,yolov8x.pt,1.0,1.0,0.6364,0.7778,0.4,0.6,0.117,7.024
imagenet,Fprop1,Fdining_table,225,yolo,yolov8x.pt,1.0,1.0,0.65,0.7879,0.4,0.6,0.117,7.024
coco,Fprop1,Fbackpack,200,yolo,yolov8x.pt,0.8889,0.8889,0.4103,0.5614,0.4,0.6,0.117,7.024
imagenet,Fprop1,Fstop_sign,475,yolo,yolov8x.pt,1.0,1.0,0.0568,0.1075,0.4,0.6,0.117,7.024
coco,Fprop1,Fvase,375,yolo,yolov8x.pt,1.0,1.0,0.8824,0.9375,0.4,0.6,0.117,7.024
imagenet,Gprop1,Gbed,450,yolo,yolov8x.pt,1.0,1.0,0.7444,0.8535,0.4,0.6,0.117,7.024
coco,Fprop1,Fbus,300,yolo,yolov8x.pt,1.0,1.0,0.8393,0.9126,0.4,0.6,0.117,7.024
coco,Fprop1,Fcar,150,yolo,yolov8x.pt,1.0,1.0,0.8148,0.898,0.4,0.6,0.117,7.024
coco,Fprop1,Fbed,200,yolo,yolov8x.pt,1.0,1.0,0.7368,0.8485,0.4,0.6,0.117,7.024
imagenet,Gprop1,Gbus,400,yolo,yolov8x.pt,1.0,1.0,0.89,0.9418,0.4,0.6,0.117,7.024
coco,Fprop1,Fbus,425,yolo,yolov8x.pt,0.9865,0.9865,0.9125,0.9481,0.4,0.6,0.117,7.024
imagenet,Gprop1,Gbench,175,yolo,yolov8x.pt,1.0,1.0,0.8559,0.9224,0.4,0.6,0.117,7.024
coco,Fprop1,Ftoothbrush,400,yolo,yolov8x.pt,0.9796,0.9796,0.6761,0.8,0.4,0.6,0.117,7.024
imagenet,Gprop1,Gmouse,150,yolo,yolov8x.pt,1.0,1.0,0.6911,0.8173,0.4,0.6,0.117,7.024
imagenet,Gprop1,Gumbrella,75,yolo,yolov8x.pt,1.0,1.0,0.7105,0.8308,0.4,0.6,0.117,7.024
coco,Fprop1,Fbus,250,yolo,yolov8x.pt,0.9722,0.9722,0.814,0.8861,0.4,0.6,0.117,7.024
coco,Fprop1,Fbackpack,150,yolo,yolov8x.pt,0.9091,0.9091,0.3448,0.5,0.4,0.6,0.117,7.024
coco,Fprop1,Ftruck,25,yolo,yolov8x.pt,1.0,1.0,0.4,0.5714,0.4,0.6,0.117,7.024
imagenet,Gprop1,Gboat,225,yolo,yolov8x.pt,1.0,1.0,0.551,0.7105,0.4,0.6,0.117,7.024
coco,Fprop1,Ftoilet,350,yolo,yolov8x.pt,1.0,1.0,0.875,0.9333,0.4,0.6,0.117,7.024
coco,Fprop1,Fsheep,500,yolo,yolov8x.pt,0.977,0.977,0.9043,0.9392,0.4,0.6,0.117,7.024
imagenet,Gprop1,Gbed,500,yolo,yolov8x.pt,1.0,1.0,0.7134,0.8327,0.4,0.6,0.117,7.024
imagenet,Gprop1,Gtv,25,yolo,yolov8x.pt,1.0,1.0,0.6667,0.8,0.4,0.6,0.117,7.024
coco,Fprop1,Felephant,500,yolo,yolov8x.pt,1.0,1.0,1.0,1.0,0.4,0.6,0.117,7.024
coco,Fprop1,Fboat,275,yolo,yolov8x.pt,1.0,1.0,0.6809,0.8101,0.4,0.6,0.117,7.024
coco,Fprop1,Fperson,50,yolo,yolov8x.pt,0.8,0.8,0.8889,0.8421,0.4,0.6,0.117,7.024
coco,Fprop1,Ftrain,250,yolo,yolov8x.pt,1.0,1.0,0.9333,0.9655,0.4,0.6,0.117,7.024
coco,Fprop1,Ftie,275,yolo,yolov8x.pt,1.0,1.0,0.7593,0.8632,0.4,0.6,0.117,7.024
coco,Fprop1,Fbird,25,yolo,yolov8x.pt,1.0,1.0,1.0,1.0,0.4,0.6,0.117,7.024
coco,Fprop1,Fbird,150,yolo,yolov8x.pt,1.0,1.0,0.68,0.8095,0.4,0.6,0.117,7.024
coco,Fprop1,Fboat,300,yolo,yolov8x.pt,1.0,1.0,0.8036,0.8911,0.4,0.6,0.117,7.024
coco,Fprop1,Fboat,75,yolo,yolov8x.pt,1.0,1.0,0.4667,0.6364,0.4,0.6,0.117,7.024
coco,Fprop1,Fsnowboard,225,yolo,yolov8x.pt,1.0,1.0,0.5238,0.6875,0.4,0.6,0.117,7.024
coco,Fprop1,Fcat,125,yolo,yolov8x.pt,1.0,1.0,0.8095,0.8947,0.4,0.6,0.117,7.024
coco,Fprop1,Fbus,225,yolo,yolov8x.pt,1.0,1.0,0.907,0.9512,0.4,0.6,0.117,7.024
coco,Fprop1,Fgiraffe,375,yolo,yolov8x.pt,1.0,1.0,1.0,1.0,0.4,0.6,0.117,7.024
coco,Fprop1,Frefrigerator,350,yolo,yolov8x.pt,1.0,1.0,0.7031,0.8257,0.4,0.6,0.117,7.024
coco,Fprop1,Fperson,425,yolo,yolov8x.pt,0.9211,0.9211,0.9589,0.9396,0.4,0.6,0.117,7.024
coco,Fprop1,Fpizza,350,yolo,yolov8x.pt,1.0,1.0,0.4769,0.6458,0.4,0.6,0.117,7.024
