coco,prop1Uprop2,snowboardUapple,500,clip,clip,0.8161,0.8161,0.7553,0.7845,0.24,0.3,0.25,50
coco,prop1Uprop2,clockUgiraffe,400,clip,clip,0.9474,0.9474,0.507,0.6606,0.24,0.3,0.25,50
coco,prop1Uprop2,tieUbanana,300,clip,clip,1.0,1.0,0.2241,0.3662,0.24,0.3,0.25,50
coco,prop1Uprop2,sandwichUkeyboard,300,clip,clip,0.9615,0.9615,0.4237,0.5882,0.24,0.3,0.25,50
coco,prop1Uprop2,donutUperson,75,clip,clip,0.0,0.0,0.0,0.0,0.24,0.3,0.25,50
coco,prop1Uprop2,bananaUbed,125,clip,clip,0.0,0.0,0.0,0.0,0.24,0.3,0.25,50
coco,prop1Uprop2,appleUbowl,500,clip,clip,0.6316,0.6316,0.1333,0.2202,0.24,0.3,0.25,50
coco,prop1Uprop2,bananaUbowl,400,clip,clip,0.9,0.9,0.4737,0.6207,0.24,0.3,0.25,50
coco,prop1Uprop2,refrigeratorUkite,425,clip,clip,0.9123,0.9123,0.6265,0.7429,0.24,0.3,0.25,50
coco,prop1Uprop2,dogUtv,25,clip,clip,1.0,1.0,0.3333,0.5,0.24,0.3,0.25,50
coco,prop1Uprop2,snowboardUcup,300,clip,clip,0.8095,0.8095,0.8361,0.8226,0.24,0.3,0.25,50
coco,prop1Uprop2,snowboardUtoothbrush,25,clip,clip,0.8889,0.8889,1.0,0.9412,0.24,0.3,0.25,50
coco,prop1Uprop2,benchUtoilet,475,clip,clip,0.875,0.875,0.3977,0.5469,0.24,0.3,0.25,50
coco,prop1Uprop2,truckUdonut,500,clip,clip,0.8333,0.8333,0.163,0.2727,0.24,0.3,0.25,50
coco,prop1Uprop2,forkUsink,275,clip,clip,0.6667,0.6667,0.1224,0.2069,0.24,0.3,0.25,50
coco,prop1Uprop2,backpackUbird,250,clip,clip,1.0,1.0,0.0625,0.1176,0.24,0.3,0.25,50
coco,prop1Uprop2,kiteUtie,450,clip,clip,0.0,0.0,0.0,0.0,0.24,0.3,0.25,50
coco,prop1Uprop2,tieUbook,325,clip,clip,0.8125,0.8125,0.2,0.321,0.24,0.3,0.25,50
coco,prop1Uprop2,motorcycleUsheep,150,clip,clip,1.0,1.0,0.5333,0.6957,0.24,0.3,0.25,50
coco,prop1Uprop2,bowlUtoilet,200,clip,clip,0.4286,0.4286,0.0811,0.1364,0.24,0.3,0.25,50
coco,prop1Uprop2,knifeUdonut,225,clip,clip,1.0,1.0,0.0238,0.0465,0.24,0.3,0.25,50
coco,prop1Uprop2,cowUdonut,175,clip,clip,1.0,1.0,0.7222,0.8387,0.24,0.3,0.25,50
coco,prop1Uprop2,sinkUbird,350,clip,clip,0.8571,0.8571,0.3582,0.5053,0.24,0.3,0.25,50
coco,prop1Uprop2,sandwichUsheep,450,clip,clip,0.9767,0.9767,0.4941,0.6562,0.24,0.3,0.25,50
coco,prop1Uprop2,toasterUtruck,100,clip,clip,1.0,1.0,0.1739,0.2963,0.24,0.3,0.25,50
coco,prop1Uprop2,boatUapple,125,clip,clip,0.875,0.875,0.2692,0.4118,0.24,0.3,0.25,50
coco,prop1Uprop2,motorcycleUtrain,125,clip,clip,1.0,1.0,0.5,0.6667,0.24,0.3,0.25,50
coco,prop1Uprop2,toothbrushUvase,225,clip,clip,1.0,1.0,0.6,0.75,0.24,0.3,0.25,50
coco,prop1Uprop2,benchUpizza,150,clip,clip,0.8,0.8,0.2667,0.4,0.24,0.3,0.25,50
coco,prop1Uprop2,toiletUbed,350,clip,clip,0.9333,0.9333,0.8358,0.8819,0.24,0.3,0.25,50
coco,prop1Uprop2,pizzaUbicycle,175,clip,clip,0.8889,0.8889,0.2353,0.3721,0.24,0.3,0.25,50
coco,prop1Uprop2,motorcycleUdog,100,clip,clip,1.0,1.0,0.0952,0.1739,0.24,0.3,0.25,50
coco,prop1Uprop2,dogUbanana,275,clip,clip,1.0,1.0,0.2115,0.3492,0.24,0.3,0.25,50
coco,prop1Uprop2,toiletUrefrigerator,275,clip,clip,0.9565,0.9565,0.8627,0.9072,0.24,0.3,0.25,50
coco,prop1Uprop2,mouseUbed,75,clip,clip,1.0,1.0,0.0714,0.1333,0.24,0.3,0.25,50
coco,prop1Uprop2,zebraUcow,325,clip,clip,1.0,1.0,0.9538,0.9764,0.24,0.3,0.25,50
coco,prop1Uprop2,birdUscissors,25,clip,clip,0.0,0.0,0.0,0.0,0.24,0.3,0.25,50
coco,prop1Uprop2,clockUgiraffe,175,clip,clip,1.0,1.0,0.4412,0.6122,0.24,0.3,0.25,50
coco,prop1Uprop2,chairUtoilet,250,clip,clip,0.5,0.5,0.1064,0.1754,0.24,0.3,0.25,50
coco,prop1Uprop2,bowlUsurfboard,375,clip,clip,0.5,0.5,0.0959,0.1609,0.24,0.3,0.25,50
coco,prop1Uprop2,donutUperson,150,clip,clip,0.0,0.0,0.0,0.0,0.24,0.3,0.25,50
coco,prop1Uprop2,remoteUoven,350,clip,clip,0.5484,0.5484,0.2361,0.3301,0.24,0.3,0.25,50
coco,prop1Uprop2,bearUtrain,225,clip,clip,0.9744,0.9744,0.7755,0.8636,0.24,0.3,0.25,50
coco,prop1Uprop2,personUboat,450,clip,clip,1.0,1.0,0.0123,0.0244,0.24,0.3,0.25,50
coco,prop1Uprop2,toasterUhandbag,400,clip,clip,0.7333,0.7333,0.1486,0.2472,0.24,0.3,0.25,50
coco,prop1Uprop2,chairUmotorcycle,100,clip,clip,0.8571,0.8571,0.3158,0.4615,0.24,0.3,0.25,50
coco,prop1Uprop2,truckUmicrowave,50,clip,clip,0.5,0.5,0.0909,0.1538,0.24,0.3,0.25,50
coco,prop1Uprop2,elephantUchair,50,clip,clip,1.0,1.0,0.8182,0.9,0.24,0.3,0.25,50
coco,prop1Uprop2,truckUsandwich,425,clip,clip,0.7222,0.7222,0.1667,0.2708,0.24,0.3,0.25,50
coco,prop1Uprop2,mouseUcow,375,clip,clip,0.7083,0.7083,0.2537,0.3736,0.24,0.3,0.25,50
coco,prop1Uprop2,giraffeUcar,200,clip,clip,0.0,0.0,0.0,0.0,0.24,0.3,0.25,50
coco,prop1Uprop2,benchUknife,475,clip,clip,0.0,0.0,0.0,0.0,0.24,0.3,0.25,50
coco,prop1Uprop2,tvUhorse,75,clip,clip,1.0,1.0,0.0667,0.125,0.24,0.3,0.25,50
coco,prop1Uprop2,mouseUbook,325,clip,clip,0.875,0.875,0.1129,0.2,0.24,0.3,0.25,50
coco,prop1Uprop2,donutUmicrowave,425,clip,clip,0.8889,0.8889,0.6154,0.7273,0.24,0.3,0.25,50
coco,prop1Uprop2,tvUtoilet,200,clip,clip,0.8571,0.8571,0.3,0.4444,0.24,0.3,0.25,50
coco,prop1Uprop2,forkUclock,250,clip,clip,1.0,1.0,0.12,0.2143,0.24,0.3,0.25,50
coco,prop1Uprop2,pizzaUzebra,475,clip,clip,0.9062,0.9062,0.6667,0.7682,0.24,0.3,0.25,50
coco,prop1Uprop2,couchUsurfboard,375,clip,clip,0.7333,0.7333,0.2933,0.419,0.24,0.3,0.25,50
coco,prop1Uprop2,motorcycleUkeyboard,50,clip,clip,1.0,1.0,0.5833,0.7368,0.24,0.3,0.25,50
coco,Gprop1,Gbanana,400,clip,clip,1.0,1.0,0.5589,0.717,0.24,0.3,0.25,50
coco,Gprop1,Gbench,75,clip,clip,1.0,1.0,0.35,0.5185,0.24,0.3,0.25,50
coco,Gprop1,Gchair,275,clip,clip,0.8929,0.8929,0.1152,0.2041,0.24,0.3,0.25,50
coco,Gprop1,Gchair,450,clip,clip,1.0,1.0,0.1312,0.232,0.24,0.3,0.25,50
coco,Gprop1,Gmouse,300,clip,clip,1.0,1.0,0.1555,0.2691,0.24,0.3,0.25,50
coco,Gprop1,Gfrisbee,225,clip,clip,0.993,0.993,0.8208,0.8987,0.24,0.3,0.25,50
coco,Gprop1,Gbanana,200,clip,clip,1.0,1.0,0.5141,0.6791,0.24,0.3,0.25,50
coco,Gprop1,Gdog,50,clip,clip,1.0,1.0,0.1905,0.32,0.24,0.3,0.25,50
coco,Gprop1,Gkeyboard,175,clip,clip,1.0,1.0,0.2867,0.4457,0.24,0.3,0.25,50
coco,Gprop1,Gfrisbee,200,clip,clip,1.0,1.0,0.8382,0.9119,0.24,0.3,0.25,50
coco,Gprop1,Gairplane,150,clip,clip,1.0,1.0,0.416,0.5876,0.24,0.3,0.25,50
coco,Gprop1,Gcar,425,clip,clip,0.9375,0.9375,0.0375,0.0721,0.24,0.3,0.25,50
coco,Gprop1,Gbackpack,300,clip,clip,1.0,1.0,0.0339,0.0656,0.24,0.3,0.25,50
coco,Gprop1,Gsurfboard,200,clip,clip,1.0,1.0,0.8471,0.9172,0.24,0.3,0.25,50
coco,Gprop1,Gzebra,175,clip,clip,1.0,1.0,0.9658,0.9826,0.24,0.3,0.25,50
coco,Gprop1,Gfork,400,clip,clip,1.0,1.0,0.0541,0.1026,0.24,0.3,0.25,50
coco,Gprop1,Gboat,25,clip,clip,1.0,1.0,0.5,0.6667,0.24,0.3,0.25,50
coco,Gprop1,Gclock,225,clip,clip,1.0,1.0,0.4712,0.6406,0.24,0.3,0.25,50
coco,Gprop1,Gclock,75,clip,clip,1.0,1.0,0.4242,0.5957,0.24,0.3,0.25,50
coco,Gprop1,Gorange,350,clip,clip,1.0,1.0,0.2638,0.4175,0.24,0.3,0.25,50
coco,Gprop1,Gorange,125,clip,clip,0.9667,0.9667,0.2959,0.4531,0.24,0.3,0.25,50
coco,Gprop1,Gkite,475,clip,clip,1.0,1.0,0.85,0.9189,0.24,0.3,0.25,50
coco,Gprop1,Glaptop,475,clip,clip,1.0,1.0,0.4752,0.6442,0.24,0.3,0.25,50
coco,Gprop1,Gtoilet,150,clip,clip,1.0,1.0,0.9406,0.9694,0.24,0.3,0.25,50
coco,Gprop1,Ghorse,500,clip,clip,1.0,1.0,0.5714,0.7273,0.24,0.3,0.25,50
coco,Gprop1,Gcat,100,clip,clip,1.0,1.0,0.5294,0.6923,0.24,0.3,0.25,50
coco,Gprop1,Gpizza,75,clip,clip,1.0,1.0,0.6875,0.8148,0.24,0.3,0.25,50
coco,Gprop1,Gskateboard,375,clip,clip,0.997,0.997,0.9148,0.9542,0.24,0.3,0.25,50
coco,Gprop1,Gperson,225,clip,clip,1.0,1.0,0.0047,0.0094,0.24,0.3,0.25,50
coco,Gprop1,Gbottle,325,clip,clip,1.0,1.0,0.0383,0.0738,0.24,0.3,0.25,50
coco,Gprop1,Gsurfboard,375,clip,clip,0.9967,0.9967,0.8266,0.9037,0.24,0.3,0.25,50
coco,Gprop1,Ghorse,125,clip,clip,1.0,1.0,0.5176,0.6822,0.24,0.3,0.25,50
coco,Gprop1,Gtoaster,500,clip,clip,1.0,1.0,0.3176,0.4821,0.24,0.3,0.25,50
coco,Gprop1,Gcarrot,500,clip,clip,1.0,1.0,0.1754,0.2985,0.24,0.3,0.25,50
coco,Gprop1,Gtoothbrush,300,clip,clip,1.0,1.0,0.5944,0.7456,0.24,0.3,0.25,50
coco,Gprop1,Gcup,25,clip,clip,0.0,0.0,0.0,0.0,0.24,0.3,0.25,50
coco,Gprop1,Glaptop,450,clip,clip,1.0,1.0,0.4775,0.6464,0.24,0.3,0.25,50
coco,Gprop1,Gbird,100,clip,clip,1.0,1.0,0.5,0.6667,0.24,0.3,0.25,50
coco,Gprop1,Gtruck,375,clip,clip,1.0,1.0,0.1782,0.3024,0.24,0.3,0.25,50
coco,Gprop1,Gchair,325,clip,clip,1.0,1.0,0.0523,0.0994,0.24,0.3,0.25,50
coco,Gprop1,Gsnowboard,275,clip,clip,0.9956,0.9956,0.8736,0.9306,0.24,0.3,0.25,50
coco,Gprop1,Glaptop,450,clip,clip,1.0,1.0,0.4715,0.6409,0.24,0.3,0.25,50
coco,Gprop1,Gtruck,50,clip,clip,1.0,1.0,0.125,0.2222,0.24,0.3,0.25,50
coco,Gprop1,Gbear,350,clip,clip,1.0,1.0,0.7952,0.8859,0.24,0.3,0.25,50
coco,Gprop1,Gbed,150,clip,clip,1.0,1.0,0.4059,0.5775,0.24,0.3,0.25,50
coco,Gprop1,Gfrisbee,350,clip,clip,0.9961,0.9961,0.8141,0.8959,0.24,0.3,0.25,50
coco,Gprop1,Gbird,50,clip,clip,1.0,1.0,0.5238,0.6875,0.24,0.3,0.25,50
coco,Gprop1,Gbed,275,clip,clip,1.0,1.0,0.4606,0.6307,0.24,0.3,0.25,50
coco,Gprop1,Gperson,175,clip,clip,0.0,0.0,0.0,0.0,0.24,0.3,0.25,50
coco,Gprop1,Gsandwich,125,clip,clip,1.0,1.0,0.519,0.6833,0.24,0.3,0.25,50
coco,Gprop1,Gremote,475,clip,clip,1.0,1.0,0.167,0.2862,0.24,0.3,0.25,50
coco,Gprop1,Gbook,400,clip,clip,1.0,1.0,0.0315,0.0611,0.24,0.3,0.25,50
coco,Gprop1,Gbird,100,clip,clip,1.0,1.0,0.4255,0.597,0.24,0.3,0.25,50
coco,Gprop1,Gsandwich,250,clip,clip,1.0,1.0,0.4675,0.6372,0.24,0.3,0.25,50
coco,Gprop1,Ghandbag,425,clip,clip,1.0,1.0,0.0433,0.0829,0.24,0.3,0.25,50
coco,Gprop1,Gspoon,425,clip,clip,1.0,1.0,0.0072,0.0143,0.24,0.3,0.25,50
coco,Gprop1,Gbench,250,clip,clip,1.0,1.0,0.3668,0.5367,0.24,0.3,0.25,50
coco,Gprop1,Gtie,25,clip,clip,1.0,1.0,0.25,0.4,0.24,0.3,0.25,50
coco,Gprop1,Gknife,325,clip,clip,1.0,1.0,0.0126,0.0248,0.24,0.3,0.25,50
coco,Gprop1,Ggiraffe,250,clip,clip,1.0,1.0,0.9825,0.9912,0.24,0.3,0.25,50
coco,Fprop1,Fboat,100,clip,clip,0.9,0.9,0.4737,0.6207,0.24,0.3,0.25,50
coco,Fprop1,Fbench,425,clip,clip,1.0,1.0,0.3291,0.4952,0.24,0.3,0.25,50
coco,Fprop1,Fknife,175,clip,clip,1.0,1.0,0.0312,0.0606,0.24,0.3,0.25,50
coco,Fprop1,Fbottle,400,clip,clip,0.0,0.0,0.0,0.0,0.24,0.3,0.25,50
coco,Fprop1,Fhorse,50,clip,clip,0.6667,0.6667,0.5,0.5714,0.24,0.3,0.25,50
coco,Fprop1,Fclock,400,clip,clip,1.0,1.0,0.4306,0.6019,0.24,0.3,0.25,50
coco,Fprop1,Fdonut,175,clip,clip,0.9524,0.9524,0.625,0.7547,0.24,0.3,0.25,50
coco,Fprop1,Fclock,450,clip,clip,1.0,1.0,0.4706,0.64,0.24,0.3,0.25,50
coco,Fprop1,Fapple,500,clip,clip,0.88,0.88,0.2418,0.3793,0.24,0.3,0.25,50
coco,Fprop1,Fbottle,475,clip,clip,1.0,1.0,0.0562,0.1064,0.24,0.3,0.25,50
coco,Fprop1,Fapple,100,clip,clip,1.0,1.0,0.3333,0.5,0.24,0.3,0.25,50
coco,Fprop1,Flaptop,325,clip,clip,0.9744,0.9744,0.6786,0.8,0.24,0.3,0.25,50
coco,Fprop1,Ftrain,450,clip,clip,0.9846,0.9846,0.8,0.8828,0.24,0.3,0.25,50
coco,Fprop1,Fhandbag,450,clip,clip,0.5,0.5,0.0122,0.0238,0.24,0.3,0.25,50
coco,Fprop1,Fsink,75,clip,clip,0.7778,0.7778,0.5,0.6087,0.24,0.3,0.25,50
coco,Fprop1,Fbear,100,clip,clip,1.0,1.0,0.8421,0.9143,0.24,0.3,0.25,50
coco,Fprop1,Fsink,275,clip,clip,0.7917,0.7917,0.4043,0.5352,0.24,0.3,0.25,50
coco,Fprop1,Ftrain,25,clip,clip,1.0,1.0,0.4,0.5714,0.24,0.3,0.25,50
coco,Fprop1,Fsink,375,clip,clip,0.8462,0.8462,0.3385,0.4835,0.24,0.3,0.25,50
coco,Fprop1,Fdog,125,clip,clip,1.0,1.0,0.1818,0.3077,0.24,0.3,0.25,50
coco,Fprop1,Fbus,475,clip,clip,0.971,0.971,0.7701,0.859,0.24,0.3,0.25,50
coco,Fprop1,Fscissors,75,clip,clip,1.0,1.0,0.4,0.5714,0.24,0.3,0.25,50
coco,Fprop1,Felephant,325,clip,clip,1.0,1.0,0.8966,0.9455,0.24,0.3,0.25,50
coco,Fprop1,Frefrigerator,125,clip,clip,0.9,0.9,0.7826,0.8372,0.24,0.3,0.25,50
coco,Fprop1,Fmotorcycle,225,clip,clip,0.9474,0.9474,0.45,0.6102,0.24,0.3,0.25,50
coco,Fprop1,Fcake,250,clip,clip,1.0,1.0,0.5111,0.6765,0.24,0.3,0.25,50
coco,Fprop1,Ftv,200,clip,clip,1.0,1.0,0.2051,0.3404,0.24,0.3,0.25,50
coco,Fprop1,Fumbrella,50,clip,clip,1.0,1.0,0.4,0.5714,0.24,0.3,0.25,50
coco,Fprop1,Fapple,325,clip,clip,0.9167,0.9167,0.3607,0.5176,0.24,0.3,0.25,50
coco,Fprop1,Fzebra,475,clip,clip,0.975,0.975,0.9286,0.9512,0.24,0.3,0.25,50
coco,Fprop1,Fscissors,300,clip,clip,0.95,0.95,0.3519,0.5135,0.24,0.3,0.25,50
coco,Fprop1,Fsnowboard,175,clip,clip,0.9091,0.9091,0.9091,0.9091,0.24,0.3,0.25,50
coco,Fprop1,Fbackpack,200,clip,clip,0.6667,0.6667,0.0513,0.0952,0.24,0.3,0.25,50
coco,Fprop1,Fvase,375,clip,clip,0.9706,0.9706,0.4853,0.6471,0.24,0.3,0.25,50
coco,Fprop1,Fbus,300,clip,clip,0.881,0.881,0.6607,0.7551,0.24,0.3,0.25,50
coco,Fprop1,Fcar,150,clip,clip,0.6667,0.6667,0.0741,0.1333,0.24,0.3,0.25,50
coco,Fprop1,Fbed,200,clip,clip,1.0,1.0,0.3947,0.566,0.24,0.3,0.25,50
coco,Fprop1,Fbus,425,clip,clip,0.95,0.95,0.7125,0.8143,0.24,0.3,0.25,50
coco,Fprop1,Ftoothbrush,400,clip,clip,1.0,1.0,0.6901,0.8167,0.24,0.3,0.25,50
coco,Fprop1,Fbus,250,clip,clip,0.9697,0.9697,0.7442,0.8421,0.24,0.3,0.25,50
coco,Fprop1,Fbackpack,150,clip,clip,0.6667,0.6667,0.069,0.125,0.24,0.3,0.25,50
coco,Fprop1,Ftruck,25,clip,clip,0.0,0.0,0.0,0.0,0.24,0.3,0.25,50
coco,Fprop1,Ftoilet,350,clip,clip,0.9242,0.9242,0.9531,0.9385,0.24,0.3,0.25,50
coco,Fprop1,Fsheep,500,clip,clip,0.9857,0.9857,0.734,0.8415,0.24,0.3,0.25,50
coco,Fprop1,Felephant,500,clip,clip,1.0,1.0,0.8876,0.9405,0.24,0.3,0.25,50
coco,Fprop1,Fboat,275,clip,clip,0.8571,0.8571,0.2553,0.3934,0.24,0.3,0.25,50
coco,Fprop1,Fperson,50,clip,clip,0.0,0.0,0.0,0.0,0.24,0.3,0.25,50
coco,Fprop1,Ftrain,250,clip,clip,0.9459,0.9459,0.7778,0.8537,0.24,0.3,0.25,50
coco,Fprop1,Ftie,275,clip,clip,1.0,1.0,0.1852,0.3125,0.24,0.3,0.25,50
coco,Fprop1,Fbird,25,clip,clip,1.0,1.0,0.2,0.3333,0.24,0.3,0.25,50
coco,Fprop1,Fbird,150,clip,clip,1.0,1.0,0.2,0.3333,0.24,0.3,0.25,50
coco,Fprop1,Fboat,300,clip,clip,1.0,1.0,0.5,0.6667,0.24,0.3,0.25,50
coco,Fprop1,Fboat,75,clip,clip,1.0,1.0,0.4,0.5714,0.24,0.3,0.25,50
coco,Fprop1,Fsnowboard,225,clip,clip,0.881,0.881,0.881,0.881,0.24,0.3,0.25,50
coco,Fprop1,Fcat,125,clip,clip,1.0,1.0,0.4286,0.6,0.24,0.3,0.25,50
coco,Fprop1,Fbus,225,clip,clip,0.8974,0.8974,0.814,0.8537,0.24,0.3,0.25,50
coco,Fprop1,Fgiraffe,375,clip,clip,1.0,1.0,0.9706,0.9851,0.24,0.3,0.25,50
coco,Fprop1,Frefrigerator,350,clip,clip,0.94,0.94,0.7344,0.8246,0.24,0.3,0.25,50
coco,Fprop1,Fperson,425,clip,clip,0.0,0.0,0.0,0.0,0.24,0.3,0.25,50
coco,Fprop1,Fpizza,350,clip,clip,1.0,1.0,0.7077,0.8288,0.24,0.3,0.25,50
coco,(prop1&prop2)Uprop3,(car&person)Usuitcase,500,clip,clip,0.6364,0.6364,0.0745,0.1333,0.24,0.3,0.25,50
coco,(prop1&prop2)Uprop3,(handbag&person)Ubottle,200,clip,clip,0.0,0.0,0.0,0.0,0.24,0.3,0.25,50
coco,(prop1&prop2)Uprop3,(cow&person)Uairplane,425,clip,clip,0.9545,0.9545,0.253,0.4,0.24,0.3,0.25,50
coco,(prop1&prop2)Uprop3,(frisbee&dog)Uoven,400,clip,clip,0.8,0.8,0.8205,0.8101,0.24,0.3,0.25,50
coco,(prop1&prop2)Uprop3,(bed&book)Uskateboard,100,clip,clip,0.9231,0.9231,0.5217,0.6667,0.24,0.3,0.25,50
coco,(prop1&prop2)Uprop3,(car&train)Uskis,100,clip,clip,0.8571,0.8571,0.3529,0.5,0.24,0.3,0.25,50
coco,(prop1&prop2)Uprop3,(refrigerator&bottle)Ucarrot,425,clip,clip,0.9706,0.9706,0.4231,0.5893,0.24,0.3,0.25,50
coco,(prop1&prop2)Uprop3,(person&cow)Utruck,275,clip,clip,0.8333,0.8333,0.6,0.6977,0.24,0.3,0.25,50
coco,(prop1&prop2)Uprop3,(bed&cat)Uchair,325,clip,clip,0.8421,0.8421,0.2623,0.4,0.24,0.3,0.25,50
coco,(prop1&prop2)Uprop3,(person&car)Ucow,50,clip,clip,0.0,0.0,0.0,0.0,0.24,0.3,0.25,50
coco,(prop1&prop2)Uprop3,(person&surfboard)Uhorse,500,clip,clip,0.9605,0.9605,0.7684,0.8538,0.24,0.3,0.25,50
coco,(prop1&prop2)Uprop3,(airplane&car)Ucup,275,clip,clip,0.0,0.0,0.0,0.0,0.24,0.3,0.25,50
coco,(prop1&prop2)Uprop3,(person&tv)Uskis,175,clip,clip,1.0,1.0,0.2,0.3333,0.24,0.3,0.25,50
coco,(prop1&prop2)Uprop3,(tv&cake)Uboat,150,clip,clip,0.0,0.0,0.0,0.0,0.24,0.3,0.25,50
coco,(prop1&prop2)Uprop3,(tie&person)Ubowl,375,clip,clip,0.6667,0.6667,0.087,0.1538,0.24,0.3,0.25,50
coco,(prop1&prop2)Uprop3,(bench&person)Uclock,125,clip,clip,1.0,1.0,0.3448,0.5128,0.24,0.3,0.25,50
coco,(prop1&prop2)Uprop3,(bed&couch)Ubicycle,300,clip,clip,0.5,0.5,0.0175,0.0339,0.24,0.3,0.25,50
coco,(prop1&prop2)Uprop3,(person&skis)Uclock,75,clip,clip,1.0,1.0,0.5294,0.6923,0.24,0.3,0.25,50
coco,(prop1&prop2)Uprop3,(mouse&laptop)Uapple,300,clip,clip,0.8462,0.8462,0.2115,0.3385,0.24,0.3,0.25,50
coco,(prop1&prop2)Uprop3,(person&sheep)Ulaptop,125,clip,clip,0.9333,0.9333,0.4828,0.6364,0.24,0.3,0.25,50
coco,(prop1&prop2)Uprop3,(laptop&dog)Udonut,325,clip,clip,0.9231,0.9231,0.9836,0.9524,0.24,0.3,0.25,50
coco,(prop1&prop2)Uprop3,(umbrella&person)Uknife,350,clip,clip,0.0,0.0,0.0,0.0,0.24,0.3,0.25,50
coco,(prop1&prop2)Uprop3,(car&elephant)Ubanana,375,clip,clip,0.9857,0.9857,0.9452,0.965,0.24,0.3,0.25,50
coco,(prop1&prop2)Uprop3,(surfboard&person)Utoothbrush,400,clip,clip,0.9459,0.9459,0.4667,0.625,0.24,0.3,0.25,50
coco,(prop1&prop2)Uprop3,(frisbee&person)Uhorse,325,clip,clip,0.9762,0.9762,0.6833,0.8039,0.24,0.3,0.25,50
coco,(prop1&prop2)Uprop3,(skateboard&person)Usandwich,300,clip,clip,1.0,1.0,0.8644,0.9273,0.24,0.3,0.25,50
coco,(prop1&prop2)Uprop3,(orange&person)Uhorse,350,clip,clip,0.5,0.5,0.0781,0.1351,0.24,0.3,0.25,50
coco,(prop1&prop2)Uprop3,(bed&dog)Ucat,225,clip,clip,0.0,0.0,0.0,0.0,0.24,0.3,0.25,50
coco,(prop1&prop2)Uprop3,(person&airplane)Ucarrot,225,clip,clip,0.6,0.6,0.0698,0.125,0.24,0.3,0.25,50
coco,(prop1&prop2)Uprop3,(frisbee&bench)Uzebra,425,clip,clip,0.8864,0.8864,0.8864,0.8864,0.24,0.3,0.25,50
coco,(prop1&prop2)Uprop3,(cup&umbrella)Utoothbrush,325,clip,clip,0.8077,0.8077,0.35,0.4884,0.24,0.3,0.25,50
coco,(prop1&prop2)Uprop3,(pizza&person)Usheep,175,clip,clip,0.963,0.963,0.7879,0.8667,0.24,0.3,0.25,50
coco,(prop1&prop2)Uprop3,(mouse&laptop)Ubackpack,100,clip,clip,0.8571,0.8571,0.2857,0.4286,0.24,0.3,0.25,50
coco,(prop1&prop2)Uprop3,(cat&keyboard)Umouse,275,clip,clip,0.9787,0.9787,0.92,0.9485,0.24,0.3,0.25,50
coco,(prop1&prop2)Uprop3,(person&bus)Udonut,125,clip,clip,0.9375,0.9375,0.625,0.75,0.24,0.3,0.25,50
coco,(prop1&prop2)Uprop3,(person&skateboard)Utoilet,350,clip,clip,0.9242,0.9242,0.8841,0.9037,0.24,0.3,0.25,50
coco,(prop1&prop2)Uprop3,(bottle&toilet)Uoven,250,clip,clip,0.8333,0.8333,0.8,0.8163,0.24,0.3,0.25,50
coco,(prop1&prop2)Uprop3,(sink&toilet)Ubowl,200,clip,clip,0.8519,0.8519,0.561,0.6765,0.24,0.3,0.25,50
coco,(prop1&prop2)Uprop3,(couch&laptop)Udonut,500,clip,clip,0.94,0.94,0.4653,0.6225,0.24,0.3,0.25,50
coco,(prop1&prop2)Uprop3,(bottle&person)Udonut,125,clip,clip,1.0,1.0,0.0833,0.1538,0.24,0.3,0.25,50
coco,(prop1&prop2)Uprop3,(person&bench)Uknife,75,clip,clip,0.0,0.0,0.0,0.0,0.24,0.3,0.25,50
coco,(prop1&prop2)Uprop3,(truck&person)Ubear,375,clip,clip,1.0,1.0,0.1014,0.1842,0.24,0.3,0.25,50
coco,(prop1&prop2)Uprop3,(surfboard&person)Urefrigerator,450,clip,clip,0.8902,0.8902,0.8391,0.8639,0.24,0.3,0.25,50
coco,(prop1&prop2)Uprop3,(person&motorcycle)Ubackpack,150,clip,clip,0.8462,0.8462,0.3548,0.5,0.24,0.3,0.25,50
coco,(prop1&prop2)Uprop3,(person&backpack)Upizza,150,clip,clip,0.6667,0.6667,0.0667,0.1212,0.24,0.3,0.25,50
coco,(prop1&prop2)Uprop3,(person&bench)Ubowl,200,clip,clip,0.8182,0.8182,0.2432,0.375,0.24,0.3,0.25,50
coco,(prop1&prop2)Uprop3,(person&surfboard)Uvase,100,clip,clip,0.0,0.0,0.0,0.0,0.24,0.3,0.25,50
coco,(prop1&prop2)Uprop3,(couch&chair)Uskateboard,225,clip,clip,0.88,0.88,0.5,0.6377,0.24,0.3,0.25,50
coco,(prop1&prop2)Uprop3,(bed&cat)Uchair,175,clip,clip,0.85,0.85,0.5,0.6296,0.24,0.3,0.25,50
coco,(prop1&prop2)Uprop3,(bottle&sink)Ubackpack,450,clip,clip,0.6905,0.6905,0.3372,0.4531,0.24,0.3,0.25,50
coco,(prop1&prop2)Uprop3,(bird&book)Uorange,250,clip,clip,0.9074,0.9074,0.9608,0.9333,0.24,0.3,0.25,50
coco,(prop1&prop2)Uprop3,(skis&backpack)Ucarrot,500,clip,clip,0.75,0.75,0.0316,0.0606,0.24,0.3,0.25,50
coco,(prop1&prop2)Uprop3,(bus&person)Uzebra,25,clip,clip,1.0,1.0,0.8333,0.9091,0.24,0.3,0.25,50
coco,(prop1&prop2)Uprop3,(vase&horse)Usurfboard,375,clip,clip,0.9342,0.9342,1.0,0.966,0.24,0.3,0.25,50
coco,(prop1&prop2)Uprop3,(oven&refrigerator)Ubanana,275,clip,clip,0.8462,0.8462,0.6111,0.7097,0.24,0.3,0.25,50
coco,(prop1&prop2)Uprop3,(person&giraffe)Ubicycle,275,clip,clip,0.0,0.0,0.0,0.0,0.24,0.3,0.25,50
coco,(prop1&prop2)Uprop3,(bench&person)Usnowboard,375,clip,clip,0.95,0.95,0.5352,0.6847,0.24,0.3,0.25,50
coco,(prop1&prop2)Uprop3,(person&airplane)Uchair,375,clip,clip,0.5,0.5,0.0704,0.1235,0.24,0.3,0.25,50
coco,(prop1&prop2)Uprop3,(tv&cup)Uoven,500,clip,clip,0.7647,0.7647,0.1368,0.2321,0.24,0.3,0.25,50
coco,(prop1&prop2)Uprop3,(person&truck)Ucup,225,clip,clip,0.8,0.8,0.0909,0.1633,0.24,0.3,0.25,50
coco,(prop1&prop2)Uprop3,(sheep&person)Uelephant,50,clip,clip,1.0,1.0,0.4545,0.625,0.24,0.3,0.25,50
coco,(prop1&prop2)Uprop3,(person&tie)Ubus,100,clip,clip,0.8571,0.8571,0.2857,0.4286,0.24,0.3,0.25,50
coco,(prop1&prop2)Uprop3,(person&suitcase)Utv,150,clip,clip,1.0,1.0,0.3448,0.5128,0.24,0.3,0.25,50
coco,(prop1&prop2)Uprop3,(sink&toilet)Ubird,25,clip,clip,1.0,1.0,1.0,1.0,0.24,0.3,0.25,50
coco,(prop1&prop2)Uprop3,(surfboard&person)Udog,475,clip,clip,0.9865,0.9865,0.8391,0.9068,0.24,0.3,0.25,50
coco,(prop1&prop2)Uprop3,(truck&car)Utoilet,500,clip,clip,0.6538,0.6538,0.1771,0.2787,0.24,0.3,0.25,50
coco,(prop1&prop2)Uprop3,(surfboard&person)Ubear,475,clip,clip,0.0,0.0,0.0,0.0,0.24,0.3,0.25,50
coco,(prop1&prop2)Uprop3,(sink&toilet)Uperson,425,clip,clip,0.0,0.0,0.0,0.0,0.24,0.3,0.25,50
coco,(prop1&prop2)Uprop3,(motorcycle&person)Ubench,325,clip,clip,1.0,1.0,0.4833,0.6517,0.24,0.3,0.25,50
coco,(prop1&prop2)Uprop3,(person&horse)Ugiraffe,150,clip,clip,0.8462,0.8462,0.3667,0.5116,0.24,0.3,0.25,50
coco,(prop1&prop2)Uprop3,(couch&cat)Uspoon,275,clip,clip,0.9302,0.9302,0.7407,0.8247,0.24,0.3,0.25,50
coco,(prop1&prop2)Uprop3,(bicycle&person)Usandwich,25,clip,clip,1.0,1.0,0.375,0.5455,0.24,0.3,0.25,50
coco,(prop1&prop2)Uprop3,(surfboard&person)Utie,300,clip,clip,0.9773,0.9773,0.8269,0.8958,0.24,0.3,0.25,50
coco,(prop1&prop2)Uprop3,(person&frisbee)Uboat,25,clip,clip,0.0,0.0,0.0,0.0,0.24,0.3,0.25,50
coco,(prop1&prop2)Uprop3,(person&train)Ubowl,400,clip,clip,0.9062,0.9062,0.7632,0.8286,0.24,0.3,0.25,50
coco,(prop1&prop2)Uprop3,(keyboard&laptop)Uchair,400,clip,clip,0.95,0.95,0.4935,0.6496,0.24,0.3,0.25,50
coco,(prop1&prop2)Uprop3,(person&bench)Umouse,450,clip,clip,0.8,0.8,0.0471,0.0889,0.24,0.3,0.25,50
coco,(prop1&prop2)Uprop3,(person&car)Uoven,75,clip,clip,0.25,0.25,0.0588,0.0952,0.24,0.3,0.25,50
coco,(prop1&prop2)Uprop3,(banana&chair)Uknife,200,clip,clip,0.8889,0.8889,0.5854,0.7059,0.24,0.3,0.25,50
coco,(prop1&prop2)Uprop3,(person&cow)Ufrisbee,325,clip,clip,0.9,0.9,0.6207,0.7347,0.24,0.3,0.25,50
coco,(prop1&prop2)Uprop3,(person&bus)Uelephant,25,clip,clip,1.0,1.0,0.5,0.6667,0.24,0.3,0.25,50
coco,(prop1&prop2)Uprop3,(bench&person)Uvase,50,clip,clip,1.0,1.0,0.5,0.6667,0.24,0.3,0.25,50
coco,(prop1&prop2)Uprop3,(surfboard&boat)Utie,475,clip,clip,0.0,0.0,0.0,0.0,0.24,0.3,0.25,50
coco,(prop1&prop2)Uprop3,(elephant&person)Ubed,175,clip,clip,0.9143,0.9143,0.8889,0.9014,0.24,0.3,0.25,50
coco,(prop1&prop2)Uprop3,(bed&couch)Usuitcase,75,clip,clip,0.5,0.5,0.0625,0.1111,0.24,0.3,0.25,50
coco,(prop1&prop2)Uprop3,(person&car)Usnowboard,250,clip,clip,0.875,0.875,0.1458,0.25,0.24,0.3,0.25,50
coco,(prop1&prop2)Uprop3,(kite&person)Ucarrot,150,clip,clip,0.9615,0.9615,0.7812,0.8621,0.24,0.3,0.25,50
coco,(prop1&prop2)Uprop3,(car&donut)Ubroccoli,125,clip,clip,0.75,0.75,0.1071,0.1875,0.24,0.3,0.25,50
coco,(prop1&prop2)Uprop3,(oven&sink)Upizza,100,clip,clip,0.8667,0.8667,0.5909,0.7027,0.24,0.3,0.25,50
coco,(prop1&prop2)Uprop3,(backpack&person)Uelephant,450,clip,clip,0.875,0.875,0.0824,0.1505,0.24,0.3,0.25,50
coco,(prop1&prop2)Uprop3,(skis&backpack)Utrain,250,clip,clip,0.8947,0.8947,0.3542,0.5075,0.24,0.3,0.25,50
coco,(prop1&prop2)Uprop3,(person&backpack)Utruck,450,clip,clip,0.5,0.5,0.0116,0.0227,0.24,0.3,0.25,50
coco,(prop1&prop2)Uprop3,(toilet&sink)Udonut,125,clip,clip,0.9545,0.9545,0.7778,0.8571,0.24,0.3,0.25,50
coco,(prop1&prop2)Uprop3,(sheep&person)Ubear,475,clip,clip,0.9048,0.9048,0.4471,0.5984,0.24,0.3,0.25,50
coco,(prop1&prop2)Uprop3,(surfboard&person)Umotorcycle,400,clip,clip,0.9714,0.9714,0.8947,0.9315,0.24,0.3,0.25,50
coco,(prop1&prop2)Uprop3,(person&frisbee)Ucar,50,clip,clip,0.0,0.0,0.0,0.0,0.24,0.3,0.25,50
coco,(prop1&prop2)Uprop3,(scissors&person)Uchair,225,clip,clip,0.9,0.9,0.2045,0.3333,0.24,0.3,0.25,50
coco,(prop1&prop2)Uprop3,(person&skis)Uhandbag,400,clip,clip,0.0,0.0,0.0,0.0,0.24,0.3,0.25,50
coco,(prop1&prop2)Uprop3,(sheep&umbrella)Ubackpack,50,clip,clip,0.0,0.0,0.0,0.0,0.24,0.3,0.25,50
coco,(prop1&prop2)Uprop3,(umbrella&car)Utoaster,175,clip,clip,1.0,1.0,0.2812,0.439,0.24,0.3,0.25,50
coco,(prop1&prop2)Uprop3,(bus&umbrella)Utoaster,425,clip,clip,0.907,0.907,0.4588,0.6094,0.24,0.3,0.25,50
coco,(prop1&prop2)Uprop3,(pizza&person)Utoilet,75,clip,clip,0.8333,0.8333,0.625,0.7143,0.24,0.3,0.25,50
coco,(prop1&prop2)Uprop3,(person&train)Utv,475,clip,clip,0.9231,0.9231,0.1319,0.2308,0.24,0.3,0.25,50
coco,(prop1&prop2)Uprop3,(bench&cat)Uspoon,50,clip,clip,0.0,0.0,0.0,0.0,0.24,0.3,0.25,50
coco,(prop1&prop2)Uprop3,(person&car)Upizza,200,clip,clip,0.6667,0.6667,0.0541,0.1,0.24,0.3,0.25,50
coco,(prop1&prop2)Uprop3,(bird&banana)Uelephant,75,clip,clip,1.0,1.0,1.0,1.0,0.24,0.3,0.25,50
coco,(prop1&prop2)Uprop3,(cat&person)Usuitcase,350,clip,clip,0.963,0.963,0.3881,0.5532,0.24,0.3,0.25,50
coco,(prop1&prop2)Uprop3,(person&truck)Uremote,175,clip,clip,0.5,0.5,0.0513,0.093,0.24,0.3,0.25,50
coco,(prop1&prop2)Uprop3,(person&umbrella)Ubicycle,300,clip,clip,0.0,0.0,0.0,0.0,0.24,0.3,0.25,50
coco,(prop1&prop2)Uprop3,(person&bus)Uoven,225,clip,clip,0.7857,0.7857,0.5,0.6111,0.24,0.3,0.25,50
coco,(prop1&prop2)Uprop3,(person&skateboard)Umicrowave,350,clip,clip,0.9219,0.9219,0.9365,0.9291,0.24,0.3,0.25,50
coco,(prop1&prop2)Uprop3,(person&car)Uoven,200,clip,clip,0.25,0.25,0.0513,0.0851,0.24,0.3,0.25,50
coco,(prop1&prop2)Uprop3,(cup&person)Uskis,25,clip,clip,1.0,1.0,0.25,0.4,0.24,0.3,0.25,50
coco,(prop1&prop2)Uprop3,(person&dog)Ucarrot,250,clip,clip,0.0,0.0,0.0,0.0,0.24,0.3,0.25,50
coco,(prop1&prop2)Uprop3,(toilet&sink)Uscissors,350,clip,clip,0.9815,0.9815,0.7571,0.8548,0.24,0.3,0.25,50
coco,(prop1&prop2)Uprop3,(bus&person)Uclock,250,clip,clip,0.9677,0.9677,0.6383,0.7692,0.24,0.3,0.25,50
coco,(prop1&prop2)Uprop3,(backpack&bicycle)Uorange,475,clip,clip,0.8649,0.8649,0.3299,0.4776,0.24,0.3,0.25,50
coco,(prop1&prop2)Uprop3,(surfboard&person)Upizza,450,clip,clip,0.9571,0.9571,0.8072,0.8758,0.24,0.3,0.25,50
coco,(prop1&prop2)Uprop3,(remote&couch)Utrain,425,clip,clip,0.8333,0.8333,0.3205,0.463,0.24,0.3,0.25,50
coco,(prop1&prop2)Uprop3,(person&tie)Uremote,300,clip,clip,0.0,0.0,0.0,0.0,0.24,0.3,0.25,50
coco,prop1&prop2,skis&person,175,clip,clip,0.0,0.0,0.0,0.0,0.24,0.3,0.25,50
coco,prop1&prop2,toilet&sink,350,clip,clip,0.9623,0.9623,0.8361,0.8947,0.24,0.3,0.25,50
coco,prop1&prop2,person&clock,250,clip,clip,0.0,0.0,0.0,0.0,0.24,0.3,0.25,50
coco,prop1&prop2,boat&backpack,325,clip,clip,0.0,0.0,0.0,0.0,0.24,0.3,0.25,50
coco,prop1&prop2,person&skis,125,clip,clip,0.0,0.0,0.0,0.0,0.24,0.3,0.25,50
coco,prop1&prop2,backpack&bus,425,clip,clip,0.0,0.0,0.0,0.0,0.24,0.3,0.25,50
coco,prop1&prop2,knife&cup,425,clip,clip,0.0,0.0,0.0,0.0,0.24,0.3,0.25,50
coco,prop1&prop2,person&suitcase,425,clip,clip,0.0,0.0,0.0,0.0,0.24,0.3,0.25,50
coco,prop1&prop2,cup&kite,375,clip,clip,0.0,0.0,0.0,0.0,0.24,0.3,0.25,50
coco,prop1&prop2,person&bottle,300,clip,clip,0.0,0.0,0.0,0.0,0.24,0.3,0.25,50
coco,prop1&prop2,bed&dog,275,clip,clip,0.9583,0.9583,0.5111,0.6667,0.24,0.3,0.25,50
coco,prop1&prop2,toilet&sink,475,clip,clip,0.9875,0.9875,0.9186,0.9518,0.24,0.3,0.25,50
coco,prop1&prop2,boat&chair,150,clip,clip,0.9,0.9,0.3103,0.4615,0.24,0.3,0.25,50
coco,prop1&prop2,bottle&person,325,clip,clip,0.0,0.0,0.0,0.0,0.24,0.3,0.25,50
coco,prop1&prop2,car&bicycle,50,clip,clip,0.0,0.0,0.0,0.0,0.24,0.3,0.25,50
coco,prop1&prop2,chair&elephant,400,clip,clip,0.0,0.0,0.0,0.0,0.24,0.3,0.25,50
coco,prop1&prop2,oven&sink,75,clip,clip,1.0,1.0,0.3571,0.5263,0.24,0.3,0.25,50
coco,prop1&prop2,surfboard&bottle,100,clip,clip,0.0,0.0,0.0,0.0,0.24,0.3,0.25,50
coco,prop1&prop2,pizza&fork,475,clip,clip,0.0,0.0,0.0,0.0,0.24,0.3,0.25,50
coco,prop1&prop2,cow&bird,125,clip,clip,0.9375,0.9375,0.6818,0.7895,0.24,0.3,0.25,50
coco,prop1&prop2,spoon&toaster,475,clip,clip,0.0,0.0,0.0,0.0,0.24,0.3,0.25,50
coco,prop1&prop2,person&train,75,clip,clip,0.0,0.0,0.0,0.0,0.24,0.3,0.25,50
coco,prop1&prop2,dog&boat,350,clip,clip,0.0,0.0,0.0,0.0,0.24,0.3,0.25,50
coco,prop1&prop2,cow&person,450,clip,clip,0.0,0.0,0.0,0.0,0.24,0.3,0.25,50
coco,prop1&prop2,person&frisbee,150,clip,clip,0.0,0.0,0.0,0.0,0.24,0.3,0.25,50
coco,prop1&prop2,bed&couch,150,clip,clip,0.0,0.0,0.0,0.0,0.24,0.3,0.25,50
coco,prop1&prop2,boat&bus,425,clip,clip,0.0,0.0,0.0,0.0,0.24,0.3,0.25,50
coco,prop1&prop2,frisbee&person,325,clip,clip,0.0,0.0,0.0,0.0,0.24,0.3,0.25,50
coco,prop1&prop2,bowl&orange,25,clip,clip,0.5,0.5,0.2,0.2857,0.24,0.3,0.25,50
coco,prop1&prop2,dog&bottle,25,clip,clip,0.0,0.0,0.0,0.0,0.24,0.3,0.25,50
coco,prop1&prop2,person&skateboard,425,clip,clip,0.0,0.0,0.0,0.0,0.24,0.3,0.25,50
coco,prop1&prop2,frisbee&person,325,clip,clip,0.0,0.0,0.0,0.0,0.24,0.3,0.25,50
coco,prop1&prop2,spoon&clock,25,clip,clip,0.0,0.0,0.0,0.0,0.24,0.3,0.25,50
coco,prop1&prop2,dog&person,400,clip,clip,0.0,0.0,0.0,0.0,0.24,0.3,0.25,50
coco,prop1&prop2,bus&person,375,clip,clip,0.0,0.0,0.0,0.0,0.24,0.3,0.25,50
coco,prop1&prop2,person&skis,375,clip,clip,0.0,0.0,0.0,0.0,0.24,0.3,0.25,50
coco,prop1&prop2,mouse&laptop,500,clip,clip,1.0,1.0,0.5,0.6667,0.24,0.3,0.25,50
coco,prop1&prop2,zebra&giraffe,225,clip,clip,0.973,0.973,0.9231,0.9474,0.24,0.3,0.25,50
coco,prop1&prop2,person&sink,50,clip,clip,0.0,0.0,0.0,0.0,0.24,0.3,0.25,50
coco,prop1&prop2,chair&bird,250,clip,clip,0.0,0.0,0.0,0.0,0.24,0.3,0.25,50
coco,prop1&prop2,person&tie,150,clip,clip,0.0,0.0,0.0,0.0,0.24,0.3,0.25,50
coco,prop1&prop2,cat&remote,125,clip,clip,0.0,0.0,0.0,0.0,0.24,0.3,0.25,50
coco,prop1&prop2,train&person,175,clip,clip,0.0,0.0,0.0,0.0,0.24,0.3,0.25,50
coco,prop1&prop2,car&train,450,clip,clip,0.0,0.0,0.0,0.0,0.24,0.3,0.25,50
coco,prop1&prop2,person&sheep,375,clip,clip,0.0,0.0,0.0,0.0,0.24,0.3,0.25,50
coco,prop1&prop2,frisbee&person,75,clip,clip,0.0,0.0,0.0,0.0,0.24,0.3,0.25,50
coco,prop1&prop2,oven&spoon,100,clip,clip,0.0,0.0,0.0,0.0,0.24,0.3,0.25,50
coco,prop1&prop2,skateboard&truck,350,clip,clip,0.0,0.0,0.0,0.0,0.24,0.3,0.25,50
coco,prop1&prop2,bench&train,275,clip,clip,0.913,0.913,0.4118,0.5676,0.24,0.3,0.25,50
coco,prop1&prop2,skis&person,375,clip,clip,0.0,0.0,0.0,0.0,0.24,0.3,0.25,50
coco,prop1&prop2,bicycle&person,350,clip,clip,0.0,0.0,0.0,0.0,0.24,0.3,0.25,50
coco,prop1&prop2,donut&bowl,400,clip,clip,0.6429,0.6429,0.2466,0.3564,0.24,0.3,0.25,50
coco,prop1&prop2,person&couch,500,clip,clip,0.0,0.0,0.0,0.0,0.24,0.3,0.25,50
coco,prop1&prop2,toilet&bottle,475,clip,clip,0.0,0.0,0.0,0.0,0.24,0.3,0.25,50
coco,prop1&prop2,elephant&car,250,clip,clip,0.0,0.0,0.0,0.0,0.24,0.3,0.25,50
coco,prop1&prop2,person&skis,200,clip,clip,0.0,0.0,0.0,0.0,0.24,0.3,0.25,50
coco,prop1&prop2,cat&refrigerator,275,clip,clip,0.8571,0.8571,0.4898,0.6234,0.24,0.3,0.25,50
coco,prop1&prop2,mouse&laptop,450,clip,clip,0.963,0.963,0.3171,0.4771,0.24,0.3,0.25,50
coco,prop1&prop2,tv&remote,50,clip,clip,1.0,1.0,0.3333,0.5,0.24,0.3,0.25,50
coco,prop1&prop2,laptop&book,350,clip,clip,0.0,0.0,0.0,0.0,0.24,0.3,0.25,50
coco,prop1&prop2,person&tv,250,clip,clip,0.0,0.0,0.0,0.0,0.24,0.3,0.25,50
coco,prop1&prop2,donut&spoon,175,clip,clip,0.0,0.0,0.0,0.0,0.24,0.3,0.25,50
coco,prop1&prop2,backpack&snowboard,500,clip,clip,0.0,0.0,0.0,0.0,0.24,0.3,0.25,50
coco,prop1&prop2,person&pizza,400,clip,clip,0.0,0.0,0.0,0.0,0.24,0.3,0.25,50
coco,prop1&prop2,bus&person,300,clip,clip,0.0,0.0,0.0,0.0,0.24,0.3,0.25,50
coco,prop1&prop2,airplane&bicycle,300,clip,clip,0.0,0.0,0.0,0.0,0.24,0.3,0.25,50
coco,prop1&prop2,book&bottle,300,clip,clip,0.0,0.0,0.0,0.0,0.24,0.3,0.25,50
coco,prop1&prop2,car&kite,225,clip,clip,0.0,0.0,0.0,0.0,0.24,0.3,0.25,50
coco,prop1&prop2,clock&person,225,clip,clip,0.0,0.0,0.0,0.0,0.24,0.3,0.25,50
coco,prop1&prop2,laptop&person,100,clip,clip,0.0,0.0,0.0,0.0,0.24,0.3,0.25,50
coco,prop1&prop2,person&bus,275,clip,clip,0.0,0.0,0.0,0.0,0.24,0.3,0.25,50
coco,prop1&prop2,remote&person,100,clip,clip,0.0,0.0,0.0,0.0,0.24,0.3,0.25,50
coco,prop1&prop2,handbag&person,25,clip,clip,0.0,0.0,0.0,0.0,0.24,0.3,0.25,50
coco,prop1&prop2,cake&spoon,225,clip,clip,0.0,0.0,0.0,0.0,0.24,0.3,0.25,50
coco,prop1&prop2,bus&car,125,clip,clip,0.0,0.0,0.0,0.0,0.24,0.3,0.25,50
coco,prop1&prop2,tv&bed,50,clip,clip,0.8,0.8,0.4444,0.5714,0.24,0.3,0.25,50
coco,prop1&prop2,backpack&snowboard,225,clip,clip,0.0,0.0,0.0,0.0,0.24,0.3,0.25,50
coco,prop1&prop2,car&person,200,clip,clip,0.0,0.0,0.0,0.0,0.24,0.3,0.25,50
coco,prop1&prop2,bench&person,250,clip,clip,1.0,1.0,0.1522,0.2642,0.24,0.3,0.25,50
coco,prop1&prop2,cat&keyboard,50,clip,clip,1.0,1.0,1.0,1.0,0.24,0.3,0.25,50
coco,prop1&prop2,tie&person,200,clip,clip,0.0,0.0,0.0,0.0,0.24,0.3,0.25,50
coco,prop1&prop2,handbag&elephant,125,clip,clip,0.0,0.0,0.0,0.0,0.24,0.3,0.25,50
coco,prop1&prop2,person&kite,75,clip,clip,0.0,0.0,0.0,0.0,0.24,0.3,0.25,50
coco,prop1&prop2,banana&chair,100,clip,clip,0.9375,0.9375,0.8333,0.8824,0.24,0.3,0.25,50
coco,prop1&prop2,person&skis,200,clip,clip,0.0,0.0,0.0,0.0,0.24,0.3,0.25,50
coco,prop1&prop2,boat&person,125,clip,clip,0.0,0.0,0.0,0.0,0.24,0.3,0.25,50
coco,prop1&prop2,motorcycle&truck,75,clip,clip,0.0,0.0,0.0,0.0,0.24,0.3,0.25,50
coco,prop1&prop2,motorcycle&truck,450,clip,clip,0.0,0.0,0.0,0.0,0.24,0.3,0.25,50
coco,prop1&prop2,skis&person,200,clip,clip,0.0,0.0,0.0,0.0,0.24,0.3,0.25,50
coco,prop1&prop2,chair&cat,275,clip,clip,0.8718,0.8718,0.6538,0.7473,0.24,0.3,0.25,50
coco,prop1&prop2,book&mouse,300,clip,clip,0.0,0.0,0.0,0.0,0.24,0.3,0.25,50
coco,prop1&prop2,suitcase&book,25,clip,clip,0.0,0.0,0.0,0.0,0.24,0.3,0.25,50
coco,prop1&prop2,person&umbrella,75,clip,clip,0.0,0.0,0.0,0.0,0.24,0.3,0.25,50
coco,prop1&prop2,toilet&cat,400,clip,clip,0.9865,0.9865,1.0,0.9932,0.24,0.3,0.25,50
coco,prop1&prop2,cup&knife,375,clip,clip,0.0,0.0,0.0,0.0,0.24,0.3,0.25,50
coco,prop1&prop2,bed&bottle,25,clip,clip,0.0,0.0,0.0,0.0,0.24,0.3,0.25,50
coco,prop1&prop2,person&skateboard,500,clip,clip,0.0,0.0,0.0,0.0,0.24,0.3,0.25,50
coco,prop1&prop2,umbrella&tie,275,clip,clip,0.0,0.0,0.0,0.0,0.24,0.3,0.25,50
coco,prop1&prop2,person&car,100,clip,clip,0.0,0.0,0.0,0.0,0.24,0.3,0.25,50
coco,prop1&prop2,car&boat,50,clip,clip,0.0,0.0,0.0,0.0,0.24,0.3,0.25,50
coco,prop1&prop2,bowl&person,175,clip,clip,0.0,0.0,0.0,0.0,0.24,0.3,0.25,50
coco,prop1&prop2,elephant&person,350,clip,clip,0.0,0.0,0.0,0.0,0.24,0.3,0.25,50
coco,prop1&prop2,book&laptop,250,clip,clip,0.0,0.0,0.0,0.0,0.24,0.3,0.25,50
coco,prop1&prop2,person&kite,425,clip,clip,0.0,0.0,0.0,0.0,0.24,0.3,0.25,50
coco,prop1&prop2,couch&chair,475,clip,clip,0.9032,0.9032,0.3182,0.4706,0.24,0.3,0.25,50
coco,prop1&prop2,remote&couch,325,clip,clip,1.0,1.0,0.0847,0.1562,0.24,0.3,0.25,50
coco,prop1&prop2,oven&person,175,clip,clip,0.0,0.0,0.0,0.0,0.24,0.3,0.25,50
coco,prop1&prop2,motorcycle&bird,500,clip,clip,0.0,0.0,0.0,0.0,0.24,0.3,0.25,50
coco,prop1&prop2,skis&person,400,clip,clip,0.0,0.0,0.0,0.0,0.24,0.3,0.25,50
coco,prop1&prop2,vase&oven,225,clip,clip,0.0,0.0,0.0,0.0,0.24,0.3,0.25,50
coco,prop1&prop2,scissors&kite,450,clip,clip,0.0,0.0,0.0,0.0,0.24,0.3,0.25,50
coco,prop1&prop2,mouse&tv,325,clip,clip,0.0,0.0,0.0,0.0,0.24,0.3,0.25,50
coco,prop1&prop2,dog&boat,450,clip,clip,0.0,0.0,0.0,0.0,0.24,0.3,0.25,50
coco,prop1&prop2,couch&cup,150,clip,clip,0.0,0.0,0.0,0.0,0.24,0.3,0.25,50
coco,prop1&prop2,couch&person,300,clip,clip,0.0,0.0,0.0,0.0,0.24,0.3,0.25,50
coco,prop1&prop2,chair&toilet,500,clip,clip,0.7959,0.7959,0.4194,0.5493,0.24,0.3,0.25,50
coco,prop1&prop2,bicycle&motorcycle,200,clip,clip,1.0,1.0,0.4286,0.6,0.24,0.3,0.25,50
coco,prop1&prop2,tie&person,150,clip,clip,0.0,0.0,0.0,0.0,0.24,0.3,0.25,50
coco,prop1&prop2,oven&cake,175,clip,clip,0.0,0.0,0.0,0.0,0.24,0.3,0.25,50
coco,prop1&prop2,skateboard&person,475,clip,clip,0.0,0.0,0.0,0.0,0.24,0.3,0.25,50
imagenet,prop1Uprop2,horseUmicrowave,150,clip,clip,0.8125,0.8125,0.4333,0.5652,0.24,0.3,0.25,50
imagenet,prop1Uprop2,remoteUbackpack,300,clip,clip,0.9048,0.9048,0.95,0.9268,0.24,0.3,0.25,50
imagenet,prop1Uprop2,bottleUdog,175,clip,clip,0.9474,0.9474,0.5294,0.6792,0.24,0.3,0.25,50
imagenet,prop1Uprop2,sports_ballUumbrella,75,clip,clip,1.0,1.0,0.4286,0.6,0.24,0.3,0.25,50
imagenet,prop1Uprop2,tieUtruck,200,clip,clip,0.7692,0.7692,0.75,0.7595,0.24,0.3,0.25,50
imagenet,prop1Uprop2,chairUapple,500,clip,clip,0.8889,0.8889,0.88,0.8844,0.24,0.3,0.25,50
imagenet,prop1Uprop2,birdUbottle,350,clip,clip,0.7917,0.7917,0.5429,0.6441,0.24,0.3,0.25,50
imagenet,prop1Uprop2,parking_meterUtoaster,250,clip,clip,0.8776,0.8776,0.86,0.8687,0.24,0.3,0.25,50
imagenet,prop1Uprop2,teddy_bearUkeyboard,375,clip,clip,0.8649,0.8649,0.8649,0.8649,0.24,0.3,0.25,50
imagenet,prop1Uprop2,catUstop_sign,75,clip,clip,0.875,0.875,0.5,0.6364,0.24,0.3,0.25,50
imagenet,prop1Uprop2,remoteUbroccoli,400,clip,clip,0.9351,0.9351,0.9,0.9172,0.24,0.3,0.25,50
imagenet,prop1Uprop2,pizzaUorange,100,clip,clip,0.95,0.95,0.95,0.95,0.24,0.3,0.25,50
imagenet,prop1Uprop2,vaseUtie,325,clip,clip,0.9206,0.9206,0.9062,0.9134,0.24,0.3,0.25,50
imagenet,prop1Uprop2,orangeUbackpack,25,clip,clip,1.0,1.0,1.0,1.0,0.24,0.3,0.25,50
imagenet,prop1Uprop2,broccoliUbook,250,clip,clip,1.0,1.0,0.42,0.5915,0.24,0.3,0.25,50
imagenet,prop1Uprop2,bottleUmouse,125,clip,clip,0.9091,0.9091,0.8333,0.8696,0.24,0.3,0.25,50
imagenet,prop1Uprop2,boatUbench,325,clip,clip,0.8727,0.8727,0.75,0.8067,0.24,0.3,0.25,50
imagenet,prop1Uprop2,sheepUbook,500,clip,clip,0.95,0.95,0.19,0.3167,0.24,0.3,0.25,50
imagenet,prop1Uprop2,airplaneUbench,450,clip,clip,0.875,0.875,0.5444,0.6712,0.24,0.3,0.25,50
imagenet,prop1Uprop2,bowlUsports_ball,75,clip,clip,0.6154,0.6154,0.5714,0.5926,0.24,0.3,0.25,50
imagenet,prop1Uprop2,refrigeratorUtraffic_light,250,clip,clip,0.7925,0.7925,0.84,0.8155,0.24,0.3,0.25,50
imagenet,prop1Uprop2,tvUbicycle,275,clip,clip,0.8611,0.8611,0.5741,0.6889,0.24,0.3,0.25,50
imagenet,prop1Uprop2,traffic_lightUbackpack,300,clip,clip,0.9804,0.9804,0.8333,0.9009,0.24,0.3,0.25,50
imagenet,prop1Uprop2,toiletUbicycle,400,clip,clip,1.0,1.0,0.7125,0.8321,0.24,0.3,0.25,50
imagenet,prop1Uprop2,mouseUtoaster,100,clip,clip,0.8667,0.8667,0.65,0.7429,0.24,0.3,0.25,50
imagenet,prop1Uprop2,toasterUclock,200,clip,clip,0.9714,0.9714,0.85,0.9067,0.24,0.3,0.25,50
imagenet,prop1Uprop2,bearUstop_sign,475,clip,clip,0.8923,0.8923,0.617,0.7296,0.24,0.3,0.25,50
imagenet,prop1Uprop2,bottleUmouse,125,clip,clip,0.9474,0.9474,0.75,0.8372,0.24,0.3,0.25,50
imagenet,prop1Uprop2,cupUtraffic_light,200,clip,clip,0.9231,0.9231,0.9,0.9114,0.24,0.3,0.25,50
imagenet,prop1Uprop2,refrigeratorUperson,350,clip,clip,0.7059,0.7059,0.3429,0.4615,0.24,0.3,0.25,50
imagenet,prop1Uprop2,horseUteddy_bear,350,clip,clip,0.8,0.8,0.6857,0.7385,0.24,0.3,0.25,50
imagenet,prop1Uprop2,benchUdog,150,clip,clip,0.9231,0.9231,0.8,0.8571,0.24,0.3,0.25,50
imagenet,prop1Uprop2,dogUstop_sign,125,clip,clip,0.75,0.75,0.5,0.6,0.24,0.3,0.25,50
imagenet,prop1Uprop2,bedUapple,225,clip,clip,0.9512,0.9512,0.8864,0.9176,0.24,0.3,0.25,50
imagenet,prop1Uprop2,bookUdining_table,425,clip,clip,0.8519,0.8519,0.5476,0.6667,0.24,0.3,0.25,50
imagenet,prop1Uprop2,catUzebra,425,clip,clip,0.9231,0.9231,0.8571,0.8889,0.24,0.3,0.25,50
imagenet,prop1Uprop2,hot_dogUkite,500,clip,clip,0.7632,0.7632,0.87,0.8131,0.24,0.3,0.25,50
imagenet,prop1Uprop2,catUbowl,450,clip,clip,0.8289,0.8289,0.7,0.759,0.24,0.3,0.25,50
imagenet,prop1Uprop2,clockUkeyboard,475,clip,clip,0.8913,0.8913,0.8723,0.8817,0.24,0.3,0.25,50
imagenet,prop1Uprop2,vaseUsports_ball,400,clip,clip,0.8955,0.8955,0.75,0.8163,0.24,0.3,0.25,50
imagenet,prop1Uprop2,dining_tableUbicycle,50,clip,clip,1.0,1.0,0.5,0.6667,0.24,0.3,0.25,50
imagenet,prop1Uprop2,tieUkite,100,clip,clip,0.9333,0.9333,0.7,0.8,0.24,0.3,0.25,50
imagenet,prop1Uprop2,vaseUkite,425,clip,clip,0.7738,0.7738,0.7738,0.7738,0.24,0.3,0.25,50
imagenet,prop1Uprop2,truckUtoaster,375,clip,clip,0.8387,0.8387,0.7027,0.7647,0.24,0.3,0.25,50
imagenet,prop1Uprop2,clockUboat,50,clip,clip,0.8571,0.8571,0.6,0.7059,0.24,0.3,0.25,50
imagenet,prop1Uprop2,cowUtruck,225,clip,clip,0.6939,0.6939,0.7727,0.7312,0.24,0.3,0.25,50
imagenet,prop1Uprop2,backpackUboat,25,clip,clip,0.8,0.8,1.0,0.8889,0.24,0.3,0.25,50
imagenet,prop1Uprop2,cowUsheep,50,clip,clip,0.8571,0.8571,0.6,0.7059,0.24,0.3,0.25,50
imagenet,prop1Uprop2,bearUtruck,175,clip,clip,0.7778,0.7778,0.6176,0.6885,0.24,0.3,0.25,50
imagenet,prop1Uprop2,elephantUkite,150,clip,clip,0.8621,0.8621,0.8333,0.8475,0.24,0.3,0.25,50
imagenet,prop1Uprop2,toiletUmicrowave,300,clip,clip,0.8846,0.8846,0.7667,0.8214,0.24,0.3,0.25,50
imagenet,prop1Uprop2,broccoliUparking_meter,275,clip,clip,0.8947,0.8947,0.9444,0.9189,0.24,0.3,0.25,50
imagenet,prop1Uprop2,vaseUumbrella,375,clip,clip,0.9851,0.9851,0.8919,0.9362,0.24,0.3,0.25,50
imagenet,prop1Uprop2,bowlUlaptop,475,clip,clip,0.8488,0.8488,0.7766,0.8111,0.24,0.3,0.25,50
imagenet,prop1Uprop2,bicycleUelephant,225,clip,clip,0.9231,0.9231,0.8182,0.8675,0.24,0.3,0.25,50
imagenet,prop1Uprop2,elephantUbicycle,25,clip,clip,1.0,1.0,0.8,0.8889,0.24,0.3,0.25,50
imagenet,prop1Uprop2,trainUdog,450,clip,clip,0.9437,0.9437,0.7444,0.8323,0.24,0.3,0.25,50
imagenet,prop1Uprop2,backpackUtraffic_light,175,clip,clip,0.9677,0.9677,0.8824,0.9231,0.24,0.3,0.25,50
imagenet,prop1Uprop2,mouseUsheep,275,clip,clip,0.8667,0.8667,0.4815,0.619,0.24,0.3,0.25,50
imagenet,prop1Uprop2,chairUmouse,325,clip,clip,0.8167,0.8167,0.7656,0.7903,0.24,0.3,0.25,50
imagenet,Gprop1,Gtv,275,clip,clip,1.0,1.0,0.705,0.827,0.24,0.3,0.25,50
imagenet,Gprop1,Gtraffic_light,200,clip,clip,1.0,1.0,0.8415,0.9139,0.24,0.3,0.25,50
imagenet,Gprop1,Gcat,100,clip,clip,1.0,1.0,0.7778,0.875,0.24,0.3,0.25,50
imagenet,Gprop1,Gstop_sign,300,clip,clip,1.0,1.0,0.3083,0.4713,0.24,0.3,0.25,50
imagenet,Gprop1,Gorange,450,clip,clip,1.0,1.0,0.877,0.9345,0.24,0.3,0.25,50
imagenet,Gprop1,Gbanana,50,clip,clip,0.9474,0.9474,0.8571,0.9,0.24,0.3,0.25,50
imagenet,Gprop1,Gtoaster,400,clip,clip,1.0,1.0,0.7513,0.858,0.24,0.3,0.25,50
imagenet,Gprop1,Gkite,275,clip,clip,0.9937,0.9937,0.6781,0.8061,0.24,0.3,0.25,50
imagenet,Gprop1,Grefrigerator,25,clip,clip,0.5714,0.5714,1.0,0.7273,0.24,0.3,0.25,50
imagenet,Gprop1,Gbook,100,clip,clip,1.0,1.0,0.1373,0.2414,0.24,0.3,0.25,50
imagenet,Gprop1,Gtruck,350,clip,clip,1.0,1.0,0.6103,0.758,0.24,0.3,0.25,50
imagenet,Gprop1,Glaptop,175,clip,clip,1.0,1.0,0.8714,0.9313,0.24,0.3,0.25,50
imagenet,Gprop1,Gparking_meter,400,clip,clip,1.0,1.0,0.9703,0.9849,0.24,0.3,0.25,50
imagenet,Gprop1,Gtruck,150,clip,clip,0.973,0.973,0.699,0.8136,0.24,0.3,0.25,50
imagenet,Gprop1,Gcat,50,clip,clip,0.8,0.8,0.4444,0.5714,0.24,0.3,0.25,50
imagenet,Gprop1,Gbowl,250,clip,clip,0.987,0.987,0.7308,0.8398,0.24,0.3,0.25,50
imagenet,Gprop1,Gchair,50,clip,clip,0.9474,0.9474,0.9474,0.9474,0.24,0.3,0.25,50
imagenet,Gprop1,Ghot_dog,250,clip,clip,0.9955,0.9955,0.9526,0.9736,0.24,0.3,0.25,50
imagenet,Gprop1,Gsheep,225,clip,clip,1.0,1.0,0.2557,0.4073,0.24,0.3,0.25,50
imagenet,Gprop1,Gpizza,425,clip,clip,1.0,1.0,0.9564,0.9777,0.24,0.3,0.25,50
imagenet,Gprop1,Gcow,75,clip,clip,0.931,0.931,0.7105,0.806,0.24,0.3,0.25,50
imagenet,Gprop1,Gtruck,275,clip,clip,1.0,1.0,0.6861,0.8139,0.24,0.3,0.25,50
imagenet,Gprop1,Gtrain,225,clip,clip,1.0,1.0,0.961,0.9801,0.24,0.3,0.25,50
imagenet,Gprop1,Gbus,325,clip,clip,0.9967,0.9967,0.9524,0.974,0.24,0.3,0.25,50
imagenet,Gprop1,Gcell_phone,375,clip,clip,1.0,1.0,0.8333,0.9091,0.24,0.3,0.25,50
imagenet,Gprop1,Gcow,300,clip,clip,1.0,1.0,0.678,0.8081,0.24,0.3,0.25,50
imagenet,Gprop1,Gcow,250,clip,clip,0.9933,0.9933,0.6208,0.7641,0.24,0.3,0.25,50
imagenet,Gprop1,Gbird,375,clip,clip,1.0,1.0,0.6045,0.7535,0.24,0.3,0.25,50
imagenet,Gprop1,Gparking_meter,300,clip,clip,0.9894,0.9894,0.9859,0.9877,0.24,0.3,0.25,50
imagenet,Gprop1,Gbear,75,clip,clip,0.9688,0.9688,0.9394,0.9538,0.24,0.3,0.25,50
imagenet,Gprop1,Gbackpack,425,clip,clip,1.0,1.0,0.9125,0.9543,0.24,0.3,0.25,50
imagenet,Gprop1,Gtoilet,150,clip,clip,1.0,1.0,0.8244,0.9038,0.24,0.3,0.25,50
imagenet,Gprop1,Gboat,475,clip,clip,1.0,1.0,0.6346,0.7764,0.24,0.3,0.25,50
imagenet,Gprop1,Gcar,450,clip,clip,1.0,1.0,0.447,0.6178,0.24,0.3,0.25,50
imagenet,Gprop1,Gbook,100,clip,clip,1.0,1.0,0.1053,0.1905,0.24,0.3,0.25,50
imagenet,Gprop1,Gclock,425,clip,clip,1.0,1.0,0.8304,0.9074,0.24,0.3,0.25,50
imagenet,Gprop1,Gelephant,175,clip,clip,0.9921,0.9921,0.9618,0.9767,0.24,0.3,0.25,50
imagenet,Gprop1,Gbanana,500,clip,clip,0.9977,0.9977,0.8857,0.9384,0.24,0.3,0.25,50
imagenet,Gprop1,Gbook,325,clip,clip,0.9697,0.9697,0.1013,0.1834,0.24,0.3,0.25,50
imagenet,Gprop1,Gbed,500,clip,clip,1.0,1.0,0.8763,0.9341,0.24,0.3,0.25,50
imagenet,Gprop1,Gtrain,125,clip,clip,1.0,1.0,0.9425,0.9704,0.24,0.3,0.25,50
imagenet,Gprop1,Gvase,350,clip,clip,1.0,1.0,0.9215,0.9592,0.24,0.3,0.25,50
imagenet,Gprop1,Gcat,200,clip,clip,1.0,1.0,0.7172,0.8353,0.24,0.3,0.25,50
imagenet,Gprop1,Gelephant,350,clip,clip,0.9934,0.9934,0.974,0.9836,0.24,0.3,0.25,50
imagenet,Gprop1,Gdining_table,200,clip,clip,1.0,1.0,0.9695,0.9845,0.24,0.3,0.25,50
imagenet,Gprop1,Gboat,25,clip,clip,1.0,1.0,0.75,0.8571,0.24,0.3,0.25,50
imagenet,Gprop1,Gtrain,325,clip,clip,1.0,1.0,0.9504,0.9745,0.24,0.3,0.25,50
imagenet,Gprop1,Gtoaster,125,clip,clip,1.0,1.0,0.7333,0.8462,0.24,0.3,0.25,50
imagenet,Gprop1,Gbicycle,475,clip,clip,1.0,1.0,0.5138,0.6788,0.24,0.3,0.25,50
imagenet,Gprop1,Gkeyboard,475,clip,clip,1.0,1.0,0.8855,0.9393,0.24,0.3,0.25,50
imagenet,Gprop1,Gkite,375,clip,clip,1.0,1.0,0.6685,0.8013,0.24,0.3,0.25,50
imagenet,Gprop1,Gtraffic_light,125,clip,clip,1.0,1.0,0.908,0.9518,0.24,0.3,0.25,50
imagenet,Gprop1,Gbed,450,clip,clip,1.0,1.0,0.8946,0.9444,0.24,0.3,0.25,50
imagenet,Gprop1,Gbus,400,clip,clip,1.0,1.0,0.9463,0.9724,0.24,0.3,0.25,50
imagenet,Gprop1,Gbench,175,clip,clip,0.9913,0.9913,0.9661,0.9785,0.24,0.3,0.25,50
imagenet,Gprop1,Gmouse,150,clip,clip,1.0,1.0,0.6423,0.7822,0.24,0.3,0.25,50
imagenet,Gprop1,Gumbrella,75,clip,clip,1.0,1.0,0.9211,0.9589,0.24,0.3,0.25,50
imagenet,Gprop1,Gboat,225,clip,clip,1.0,1.0,0.5918,0.7436,0.24,0.3,0.25,50
imagenet,Gprop1,Gbed,500,clip,clip,1.0,1.0,0.874,0.9328,0.24,0.3,0.25,50
imagenet,Gprop1,Gtv,25,clip,clip,1.0,1.0,1.0,1.0,0.24,0.3,0.25,50
imagenet,Fprop1,Fremote,100,clip,clip,0.9474,0.9474,0.9474,0.9474,0.24,0.3,0.25,50
imagenet,Fprop1,Fbanana,50,clip,clip,0.875,0.875,0.7778,0.8235,0.24,0.3,0.25,50
imagenet,Fprop1,Fbackpack,350,clip,clip,0.9683,0.9683,0.9104,0.9385,0.24,0.3,0.25,50
imagenet,Fprop1,Fpizza,125,clip,clip,1.0,1.0,1.0,1.0,0.24,0.3,0.25,50
imagenet,Fprop1,Flaptop,350,clip,clip,0.9333,0.9333,0.875,0.9032,0.24,0.3,0.25,50
imagenet,Fprop1,Fstop_sign,200,clip,clip,0.8235,0.8235,0.359,0.5,0.24,0.3,0.25,50
imagenet,Fprop1,Fbird,325,clip,clip,0.9444,0.9444,0.5763,0.7158,0.24,0.3,0.25,50
imagenet,Fprop1,Ftie,400,clip,clip,0.9672,0.9672,0.7973,0.8741,0.24,0.3,0.25,50
imagenet,Fprop1,Fboat,350,clip,clip,0.9167,0.9167,0.6471,0.7586,0.24,0.3,0.25,50
imagenet,Fprop1,Fpizza,450,clip,clip,1.0,1.0,0.9878,0.9939,0.24,0.3,0.25,50
imagenet,Fprop1,Fsports_ball,275,clip,clip,0.973,0.973,0.7059,0.8182,0.24,0.3,0.25,50
imagenet,Fprop1,Fclock,300,clip,clip,0.9118,0.9118,0.6889,0.7848,0.24,0.3,0.25,50
imagenet,Fprop1,Fairplane,175,clip,clip,1.0,1.0,0.25,0.4,0.24,0.3,0.25,50
imagenet,Fprop1,Ftraffic_light,325,clip,clip,1.0,1.0,0.8136,0.8972,0.24,0.3,0.25,50
imagenet,Fprop1,Frefrigerator,175,clip,clip,0.9032,0.9032,1.0,0.9492,0.24,0.3,0.25,50
imagenet,Fprop1,Fbed,425,clip,clip,0.9545,0.9545,0.8289,0.8873,0.24,0.3,0.25,50
imagenet,Fprop1,Fdog,475,clip,clip,0.9273,0.9273,0.5862,0.7183,0.24,0.3,0.25,50
imagenet,Fprop1,Fremote,225,clip,clip,0.878,0.878,0.9,0.8889,0.24,0.3,0.25,50
imagenet,Fprop1,Fbackpack,75,clip,clip,1.0,1.0,1.0,1.0,0.24,0.3,0.25,50
imagenet,Fprop1,Fcell_phone,450,clip,clip,0.9444,0.9444,0.8395,0.8889,0.24,0.3,0.25,50
imagenet,Fprop1,Flaptop,425,clip,clip,0.9104,0.9104,0.8026,0.8531,0.24,0.3,0.25,50
imagenet,Fprop1,Fstop_sign,100,clip,clip,0.8,0.8,0.2353,0.3636,0.24,0.3,0.25,50
imagenet,Fprop1,Fsheep,200,clip,clip,1.0,1.0,0.3714,0.5417,0.24,0.3,0.25,50
imagenet,Fprop1,Ftv,425,clip,clip,0.9474,0.9474,0.7105,0.812,0.24,0.3,0.25,50
imagenet,Fprop1,Forange,275,clip,clip,0.8846,0.8846,0.9583,0.92,0.24,0.3,0.25,50
imagenet,Fprop1,Fbowl,100,clip,clip,0.8824,0.8824,0.8333,0.8571,0.24,0.3,0.25,50
imagenet,Fprop1,Fdining_table,125,clip,clip,0.92,0.92,1.0,0.9583,0.24,0.3,0.25,50
imagenet,Fprop1,Fcar,250,clip,clip,0.9286,0.9286,0.2889,0.4407,0.24,0.3,0.25,50
imagenet,Fprop1,Fbanana,25,clip,clip,1.0,1.0,1.0,1.0,0.24,0.3,0.25,50
imagenet,Fprop1,Fapple,450,clip,clip,0.9589,0.9589,0.8434,0.8974,0.24,0.3,0.25,50
imagenet,Fprop1,Fcell_phone,250,clip,clip,0.9459,0.9459,0.7955,0.8642,0.24,0.3,0.25,50
imagenet,Fprop1,Fdining_table,275,clip,clip,0.8393,0.8393,1.0,0.9126,0.24,0.3,0.25,50
imagenet,Fprop1,Ftoaster,225,clip,clip,0.9655,0.9655,0.7,0.8116,0.24,0.3,0.25,50
imagenet,Fprop1,Fcar,500,clip,clip,0.8542,0.8542,0.4409,0.5816,0.24,0.3,0.25,50
imagenet,Fprop1,Fcar,300,clip,clip,0.8148,0.8148,0.4151,0.55,0.24,0.3,0.25,50
imagenet,Fprop1,Fapple,250,clip,clip,1.0,1.0,0.881,0.9367,0.24,0.3,0.25,50
imagenet,Fprop1,Fbroccoli,25,clip,clip,1.0,1.0,0.8,0.8889,0.24,0.3,0.25,50
imagenet,Fprop1,Fbroccoli,25,clip,clip,1.0,1.0,1.0,1.0,0.24,0.3,0.25,50
imagenet,Fprop1,Fhot_dog,125,clip,clip,0.9,0.9,0.8182,0.8571,0.24,0.3,0.25,50
imagenet,Fprop1,Fzebra,150,clip,clip,0.8966,0.8966,0.963,0.9286,0.24,0.3,0.25,50
imagenet,Fprop1,Fbottle,400,clip,clip,0.9464,0.9464,0.7067,0.8092,0.24,0.3,0.25,50
imagenet,Fprop1,Flaptop,375,clip,clip,0.9524,0.9524,0.8696,0.9091,0.24,0.3,0.25,50
imagenet,Fprop1,Fbus,75,clip,clip,1.0,1.0,1.0,1.0,0.24,0.3,0.25,50
imagenet,Fprop1,Ftoilet,475,clip,clip,0.987,0.987,0.8736,0.9268,0.24,0.3,0.25,50
imagenet,Fprop1,Flaptop,325,clip,clip,0.9623,0.9623,0.8644,0.9107,0.24,0.3,0.25,50
imagenet,Fprop1,Fcar,500,clip,clip,0.8511,0.8511,0.4396,0.5797,0.24,0.3,0.25,50
imagenet,Fprop1,Fmouse,375,clip,clip,0.9333,0.9333,0.6364,0.7568,0.24,0.3,0.25,50
imagenet,Fprop1,Fumbrella,400,clip,clip,0.9516,0.9516,0.831,0.8872,0.24,0.3,0.25,50
imagenet,Fprop1,Fbroccoli,150,clip,clip,1.0,1.0,0.9259,0.9615,0.24,0.3,0.25,50
imagenet,Fprop1,Ftoaster,150,clip,clip,0.9412,0.9412,0.5926,0.7273,0.24,0.3,0.25,50
imagenet,Fprop1,Fbanana,75,clip,clip,1.0,1.0,0.7857,0.88,0.24,0.3,0.25,50
imagenet,Fprop1,Fapple,200,clip,clip,0.9375,0.9375,0.8333,0.8824,0.24,0.3,0.25,50
imagenet,Fprop1,Fbench,175,clip,clip,0.9062,0.9062,0.9062,0.9062,0.24,0.3,0.25,50
imagenet,Fprop1,Fbook,375,clip,clip,1.0,1.0,0.0448,0.0857,0.24,0.3,0.25,50
imagenet,Fprop1,Fmouse,50,clip,clip,1.0,1.0,0.625,0.7692,0.24,0.3,0.25,50
imagenet,Fprop1,Fvase,50,clip,clip,1.0,1.0,1.0,1.0,0.24,0.3,0.25,50
imagenet,Fprop1,Fbicycle,300,clip,clip,1.0,1.0,0.4528,0.6234,0.24,0.3,0.25,50
imagenet,Fprop1,Fcup,500,clip,clip,0.8977,0.8977,0.8681,0.8827,0.24,0.3,0.25,50
imagenet,Fprop1,Fdining_table,225,clip,clip,0.8511,0.8511,1.0,0.9195,0.24,0.3,0.25,50
imagenet,Fprop1,Fstop_sign,475,clip,clip,0.92,0.92,0.2614,0.4071,0.24,0.3,0.25,50
