coco,prop1Uprop2,snowboardUapple,500,dino,dino,0.5,0.2061,0.5,0.2919,0.57,0.8,0.4,15
coco,prop1Uprop2,clockUgiraffe,400,dino,dino,0.2958,0.1438,0.2958,0.1935,0.57,0.8,0.4,15
coco,prop1Uprop2,tieUbanana,300,dino,dino,0.7414,0.256,0.7414,0.3805,0.57,0.8,0.4,15
coco,prop1Uprop2,sandwichUkeyboard,300,dino,dino,0.3051,0.18,0.3051,0.2264,0.57,0.8,0.4,15
coco,prop1Uprop2,donutUperson,75,dino,dino,0.2941,0.1471,0.2941,0.1961,0.57,0.8,0.4,15
coco,prop1Uprop2,bananaUbed,125,dino,dino,0.5,0.2121,0.5,0.2979,0.57,0.8,0.4,15
coco,prop1Uprop2,appleUbowl,500,dino,dino,0.4333,0.1902,0.4333,0.2644,0.57,0.8,0.4,15
coco,prop1Uprop2,bananaUbowl,400,dino,dino,0.3947,0.1744,0.3947,0.2419,0.57,0.8,0.4,15
coco,prop1Uprop2,refrigeratorUkite,425,dino,dino,0.7108,0.2796,0.7108,0.4014,0.57,0.8,0.4,15
coco,prop1Uprop2,dogUtv,25,dino,dino,0.3333,0.2,0.3333,0.25,0.57,0.8,0.4,15
coco,prop1Uprop2,snowboardUcup,300,dino,dino,0.2787,0.2394,0.2787,0.2576,0.57,0.8,0.4,15
coco,prop1Uprop2,snowboardUtoothbrush,25,dino,dino,0.25,0.25,0.25,0.25,0.57,0.8,0.4,15
coco,prop1Uprop2,benchUtoilet,475,dino,dino,0.5795,0.3187,0.5795,0.4113,0.57,0.8,0.4,15
coco,prop1Uprop2,truckUdonut,500,dino,dino,0.3913,0.2222,0.3913,0.2835,0.57,0.8,0.4,15
coco,prop1Uprop2,forkUsink,275,dino,dino,0.4082,0.2632,0.4082,0.32,0.57,0.8,0.4,15
coco,prop1Uprop2,backpackUbird,250,dino,dino,0.3125,0.1807,0.3125,0.229,0.57,0.8,0.4,15
coco,prop1Uprop2,kiteUtie,450,dino,dino,0.4333,0.1765,0.4333,0.2508,0.57,0.8,0.4,15
coco,prop1Uprop2,tieUbook,325,dino,dino,0.4462,0.2214,0.4462,0.2959,0.57,0.8,0.4,15
coco,prop1Uprop2,motorcycleUsheep,150,dino,dino,0.5667,0.2881,0.5667,0.382,0.57,0.8,0.4,15
coco,prop1Uprop2,bowlUtoilet,200,dino,dino,0.2432,0.1579,0.2432,0.1915,0.57,0.8,0.4,15
coco,prop1Uprop2,knifeUdonut,225,dino,dino,0.1429,0.0896,0.1429,0.1101,0.57,0.8,0.4,15
coco,prop1Uprop2,cowUdonut,175,dino,dino,0.3889,0.2258,0.3889,0.2857,0.57,0.8,0.4,15
coco,prop1Uprop2,sinkUbird,350,dino,dino,0.194,0.1204,0.194,0.1486,0.57,0.8,0.4,15
coco,prop1Uprop2,sandwichUsheep,450,dino,dino,0.2471,0.1329,0.2471,0.1728,0.57,0.8,0.4,15
coco,prop1Uprop2,toasterUtruck,100,dino,dino,0.2174,0.1471,0.2174,0.1754,0.57,0.8,0.4,15
coco,prop1Uprop2,boatUapple,125,dino,dino,0.2692,0.1667,0.2692,0.2059,0.57,0.8,0.4,15
coco,prop1Uprop2,motorcycleUtrain,125,dino,dino,0.6154,0.3404,0.6154,0.4384,0.57,0.8,0.4,15
coco,prop1Uprop2,toothbrushUvase,225,dino,dino,0.2444,0.1358,0.2444,0.1746,0.57,0.8,0.4,15
coco,prop1Uprop2,benchUpizza,150,dino,dino,0.5667,0.34,0.5667,0.425,0.57,0.8,0.4,15
coco,prop1Uprop2,toiletUbed,350,dino,dino,0.4925,0.2292,0.4925,0.3128,0.57,0.8,0.4,15
coco,prop1Uprop2,pizzaUbicycle,175,dino,dino,0.5588,0.25,0.5588,0.3455,0.57,0.8,0.4,15
coco,prop1Uprop2,motorcycleUdog,100,dino,dino,0.381,0.1951,0.381,0.2581,0.57,0.8,0.4,15
coco,prop1Uprop2,dogUbanana,275,dino,dino,0.6731,0.2966,0.6731,0.4118,0.57,0.8,0.4,15
coco,prop1Uprop2,toiletUrefrigerator,275,dino,dino,0.5882,0.283,0.5882,0.3822,0.57,0.8,0.4,15
coco,prop1Uprop2,mouseUbed,75,dino,dino,0.2857,0.1538,0.2857,0.2,0.57,0.8,0.4,15
coco,prop1Uprop2,zebraUcow,325,dino,dino,0.3077,0.1869,0.3077,0.2326,0.57,0.8,0.4,15
coco,prop1Uprop2,birdUscissors,25,dino,dino,0.625,0.4545,0.625,0.5263,0.57,0.8,0.4,15
coco,prop1Uprop2,clockUgiraffe,175,dino,dino,0.3235,0.2115,0.3235,0.2558,0.57,0.8,0.4,15
coco,prop1Uprop2,chairUtoilet,250,dino,dino,0.2979,0.1538,0.2979,0.2029,0.57,0.8,0.4,15
coco,prop1Uprop2,bowlUsurfboard,375,dino,dino,0.2877,0.2,0.2877,0.236,0.57,0.8,0.4,15
coco,prop1Uprop2,donutUperson,150,dino,dino,0.3667,0.193,0.3667,0.2529,0.57,0.8,0.4,15
coco,prop1Uprop2,remoteUoven,350,dino,dino,0.3472,0.1534,0.3472,0.2128,0.57,0.8,0.4,15
coco,prop1Uprop2,bearUtrain,225,dino,dino,0.6122,0.2857,0.6122,0.3896,0.57,0.8,0.4,15
coco,prop1Uprop2,personUboat,450,dino,dino,0.4198,0.1838,0.4198,0.2556,0.57,0.8,0.4,15
coco,prop1Uprop2,toasterUhandbag,400,dino,dino,0.0,0.0,0.0,0.0,0.57,0.8,0.4,15
coco,prop1Uprop2,chairUmotorcycle,100,dino,dino,0.2632,0.1163,0.2632,0.1613,0.57,0.8,0.4,15
coco,prop1Uprop2,truckUmicrowave,50,dino,dino,0.4545,0.25,0.4545,0.3226,0.57,0.8,0.4,15
coco,prop1Uprop2,elephantUchair,50,dino,dino,0.3636,0.2222,0.3636,0.2759,0.57,0.8,0.4,15
coco,prop1Uprop2,truckUsandwich,425,dino,dino,0.4872,0.2568,0.4872,0.3363,0.57,0.8,0.4,15
coco,prop1Uprop2,mouseUcow,375,dino,dino,0.2836,0.1348,0.2836,0.1827,0.57,0.8,0.4,15
coco,prop1Uprop2,giraffeUcar,200,dino,dino,0.5,0.2381,0.5,0.3226,0.57,0.8,0.4,15
coco,prop1Uprop2,benchUknife,475,dino,dino,0.5506,0.2988,0.5506,0.3874,0.57,0.8,0.4,15
coco,prop1Uprop2,tvUhorse,75,dino,dino,0.4667,0.2692,0.4667,0.3415,0.57,0.8,0.4,15
coco,prop1Uprop2,mouseUbook,325,dino,dino,0.1613,0.1075,0.1613,0.129,0.57,0.8,0.4,15
coco,prop1Uprop2,donutUmicrowave,425,dino,dino,0.3718,0.1921,0.3718,0.2533,0.57,0.8,0.4,15
coco,prop1Uprop2,tvUtoilet,200,dino,dino,0.5,0.2817,0.5,0.3604,0.57,0.8,0.4,15
coco,prop1Uprop2,forkUclock,250,dino,dino,0.36,0.2195,0.36,0.2727,0.57,0.8,0.4,15
coco,prop1Uprop2,pizzaUzebra,475,dino,dino,0.2989,0.1595,0.2989,0.208,0.57,0.8,0.4,15
coco,prop1Uprop2,couchUsurfboard,375,dino,dino,0.56,0.2857,0.56,0.3784,0.57,0.8,0.4,15
coco,prop1Uprop2,motorcycleUkeyboard,50,dino,dino,0.5,0.3,0.5,0.375,0.57,0.8,0.4,15
coco,Gprop1,Gbanana,400,dino,dino,0.3863,0.9216,0.3863,0.5444,0.57,0.8,0.4,15
coco,Gprop1,Gbench,75,dino,dino,0.4,0.5926,0.4,0.4776,0.57,0.8,0.4,15
coco,Gprop1,Gchair,275,dino,dino,0.2258,0.7656,0.2258,0.3488,0.57,0.8,0.4,15
coco,Gprop1,Gchair,450,dino,dino,0.2511,0.9652,0.2511,0.3986,0.57,0.8,0.4,15
coco,Gprop1,Gmouse,300,dino,dino,0.0919,0.7879,0.0919,0.1646,0.57,0.8,0.4,15
coco,Gprop1,Gfrisbee,225,dino,dino,0.0694,0.48,0.0694,0.1212,0.57,0.8,0.4,15
coco,Gprop1,Gbanana,200,dino,dino,0.3446,0.9242,0.3446,0.5021,0.57,0.8,0.4,15
coco,Gprop1,Gdog,50,dino,dino,0.5238,0.44,0.5238,0.4783,0.57,0.8,0.4,15
coco,Gprop1,Gkeyboard,175,dino,dino,0.3497,0.8772,0.3497,0.5,0.57,0.8,0.4,15
coco,Gprop1,Gfrisbee,200,dino,dino,0.052,0.6,0.052,0.0957,0.57,0.8,0.4,15
coco,Gprop1,Gairplane,150,dino,dino,0.704,0.9263,0.704,0.8,0.57,0.8,0.4,15
coco,Gprop1,Gcar,425,dino,dino,0.23,0.9388,0.23,0.3695,0.57,0.8,0.4,15
coco,Gprop1,Gbackpack,300,dino,dino,0.0678,0.9524,0.0678,0.1266,0.57,0.8,0.4,15
coco,Gprop1,Gsurfboard,200,dino,dino,0.1,0.7083,0.1,0.1753,0.57,0.8,0.4,15
coco,Gprop1,Gzebra,175,dino,dino,0.2945,0.8958,0.2945,0.4433,0.57,0.8,0.4,15
coco,Gprop1,Gfork,400,dino,dino,0.1811,0.8816,0.1811,0.3004,0.57,0.8,0.4,15
coco,Gprop1,Gboat,25,dino,dino,0.5,0.2222,0.5,0.3077,0.57,0.8,0.4,15
coco,Gprop1,Gclock,225,dino,dino,0.1466,0.8485,0.1466,0.25,0.57,0.8,0.4,15
coco,Gprop1,Gclock,75,dino,dino,0.1515,0.3125,0.1515,0.2041,0.57,0.8,0.4,15
coco,Gprop1,Gorange,350,dino,dino,0.1288,0.84,0.1288,0.2234,0.57,0.8,0.4,15
coco,Gprop1,Gorange,125,dino,dino,0.1531,0.6522,0.1531,0.2479,0.57,0.8,0.4,15
coco,Gprop1,Gkite,475,dino,dino,0.2587,0.952,0.2587,0.4068,0.57,0.8,0.4,15
coco,Gprop1,Glaptop,475,dino,dino,0.4838,0.9912,0.4838,0.6502,0.57,0.8,0.4,15
coco,Gprop1,Gtoilet,150,dino,dino,0.3861,0.75,0.3861,0.5098,0.57,0.8,0.4,15
coco,Gprop1,Ghorse,500,dino,dino,0.507,1.0,0.507,0.6729,0.57,0.8,0.4,15
coco,Gprop1,Gcat,100,dino,dino,0.6029,0.82,0.6029,0.6949,0.57,0.8,0.4,15
coco,Gprop1,Gpizza,75,dino,dino,0.4688,0.4688,0.4688,0.4688,0.57,0.8,0.4,15
coco,Gprop1,Gskateboard,375,dino,dino,0.3819,0.9789,0.3819,0.5494,0.57,0.8,0.4,15
coco,Gprop1,Gperson,225,dino,dino,0.4265,0.9574,0.4265,0.5902,0.57,0.8,0.4,15
coco,Gprop1,Gbottle,325,dino,dino,0.0592,0.68,0.0592,0.109,0.57,0.8,0.4,15
coco,Gprop1,Gsurfboard,375,dino,dino,0.1057,1.0,0.1057,0.1912,0.57,0.8,0.4,15
coco,Gprop1,Ghorse,125,dino,dino,0.4353,0.6981,0.4353,0.5362,0.57,0.8,0.4,15
coco,Gprop1,Gtoaster,500,dino,dino,0.0,0.0,0.0,0.0,0.57,0.8,0.4,15
coco,Gprop1,Gcarrot,500,dino,dino,0.2339,0.9748,0.2339,0.3772,0.57,0.8,0.4,15
coco,Gprop1,Gtoothbrush,300,dino,dino,0.1294,0.925,0.1294,0.227,0.57,0.8,0.4,15
coco,Gprop1,Gcup,25,dino,dino,0.25,1.0,0.25,0.4,0.57,0.8,0.4,15
coco,Gprop1,Glaptop,450,dino,dino,0.4586,0.9749,0.4586,0.6238,0.57,0.8,0.4,15
coco,Gprop1,Gbird,100,dino,dino,0.3906,0.6757,0.3906,0.495,0.57,0.8,0.4,15
coco,Gprop1,Gtruck,375,dino,dino,0.273,0.95,0.273,0.4241,0.57,0.8,0.4,15
coco,Gprop1,Gchair,325,dino,dino,0.2549,0.9873,0.2549,0.4052,0.57,0.8,0.4,15
coco,Gprop1,Gsnowboard,275,dino,dino,0.0613,1.0,0.0613,0.1155,0.57,0.8,0.4,15
coco,Gprop1,Glaptop,450,dino,dino,0.4943,0.9819,0.4943,0.6576,0.57,0.8,0.4,15
coco,Gprop1,Gtruck,50,dino,dino,0.1875,0.375,0.1875,0.25,0.57,0.8,0.4,15
coco,Gprop1,Gbear,350,dino,dino,0.5271,0.9722,0.5271,0.6836,0.57,0.8,0.4,15
coco,Gprop1,Gbed,150,dino,dino,0.4653,0.7344,0.4653,0.5697,0.57,0.8,0.4,15
coco,Gprop1,Gfrisbee,350,dino,dino,0.0769,0.7059,0.0769,0.1387,0.57,0.8,0.4,15
coco,Gprop1,Gbird,50,dino,dino,0.4286,0.6429,0.4286,0.5143,0.57,0.8,0.4,15
coco,Gprop1,Gbed,275,dino,dino,0.4094,0.9541,0.4094,0.573,0.57,0.8,0.4,15
coco,Gprop1,Gperson,175,dino,dino,0.406,0.8308,0.406,0.5455,0.57,0.8,0.4,15
coco,Gprop1,Gsandwich,125,dino,dino,0.2152,0.7391,0.2152,0.3333,0.57,0.8,0.4,15
coco,Gprop1,Gremote,475,dino,dino,0.1779,0.9762,0.1779,0.3009,0.57,0.8,0.4,15
coco,Gprop1,Gbook,400,dino,dino,0.084,0.8889,0.084,0.1535,0.57,0.8,0.4,15
coco,Gprop1,Gbird,100,dino,dino,0.383,0.5806,0.383,0.4615,0.57,0.8,0.4,15
coco,Gprop1,Gsandwich,250,dino,dino,0.2078,0.9057,0.2078,0.338,0.57,0.8,0.4,15
coco,Gprop1,Ghandbag,425,dino,dino,0.1274,0.9138,0.1274,0.2236,0.57,0.8,0.4,15
coco,Gprop1,Gspoon,425,dino,dino,0.0577,0.8571,0.0577,0.1081,0.57,0.8,0.4,15
coco,Gprop1,Gbench,250,dino,dino,0.4148,0.9694,0.4148,0.581,0.57,0.8,0.4,15
coco,Gprop1,Gtie,25,dino,dino,0.25,0.0769,0.25,0.1176,0.57,0.8,0.4,15
coco,Gprop1,Gknife,325,dino,dino,0.0409,0.9286,0.0409,0.0783,0.57,0.8,0.4,15
coco,Gprop1,Ggiraffe,250,dino,dino,0.441,0.9712,0.441,0.6066,0.57,0.8,0.4,15
coco,Fprop1,Fboat,100,dino,dino,0.1579,0.25,0.1579,0.1935,0.57,0.8,0.4,15
coco,Fprop1,Fbench,425,dino,dino,0.4557,0.4045,0.4557,0.4286,0.57,0.8,0.4,15
coco,Fprop1,Fknife,175,dino,dino,0.0938,0.0682,0.0938,0.0789,0.57,0.8,0.4,15
coco,Fprop1,Fbottle,400,dino,dino,0.04,0.0517,0.04,0.0451,0.57,0.8,0.4,15
coco,Fprop1,Fhorse,50,dino,dino,0.75,0.3333,0.75,0.4615,0.57,0.8,0.4,15
coco,Fprop1,Fclock,400,dino,dino,0.1111,0.086,0.1111,0.097,0.57,0.8,0.4,15
coco,Fprop1,Fdonut,175,dino,dino,0.1875,0.15,0.1875,0.1667,0.57,0.8,0.4,15
coco,Fprop1,Fclock,450,dino,dino,0.1059,0.0947,0.1059,0.1,0.57,0.8,0.4,15
coco,Fprop1,Fapple,500,dino,dino,0.1758,0.0856,0.1758,0.1151,0.57,0.8,0.4,15
coco,Fprop1,Fbottle,475,dino,dino,0.0674,0.0706,0.0674,0.069,0.57,0.8,0.4,15
coco,Fprop1,Fapple,100,dino,dino,0.1111,0.0645,0.1111,0.0816,0.57,0.8,0.4,15
coco,Fprop1,Flaptop,325,dino,dino,0.6071,0.2982,0.6071,0.4,0.57,0.8,0.4,15
coco,Fprop1,Ftrain,450,dino,dino,0.65,0.416,0.65,0.5073,0.57,0.8,0.4,15
coco,Fprop1,Fhandbag,450,dino,dino,0.0976,0.0825,0.0976,0.0894,0.57,0.8,0.4,15
coco,Fprop1,Fsink,75,dino,dino,0.0,0.0,0.0,0.0,0.57,0.8,0.4,15
coco,Fprop1,Fbear,100,dino,dino,0.4737,0.2432,0.4737,0.3214,0.57,0.8,0.4,15
coco,Fprop1,Fsink,275,dino,dino,0.0426,0.125,0.0426,0.0635,0.57,0.8,0.4,15
coco,Fprop1,Ftrain,25,dino,dino,0.8,0.4444,0.8,0.5714,0.57,0.8,0.4,15
coco,Fprop1,Fsink,375,dino,dino,0.0154,0.037,0.0154,0.0217,0.57,0.8,0.4,15
coco,Fprop1,Fdog,125,dino,dino,0.5,0.2444,0.5,0.3284,0.57,0.8,0.4,15
coco,Fprop1,Fbus,475,dino,dino,0.8276,0.3429,0.8276,0.4848,0.57,0.8,0.4,15
coco,Fprop1,Fscissors,75,dino,dino,0.5333,0.2857,0.5333,0.3721,0.57,0.8,0.4,15
coco,Fprop1,Felephant,325,dino,dino,0.4138,0.2182,0.4138,0.2857,0.57,0.8,0.4,15
coco,Fprop1,Frefrigerator,125,dino,dino,0.5652,0.3939,0.5652,0.4643,0.57,0.8,0.4,15
coco,Fprop1,Fmotorcycle,225,dino,dino,0.45,0.2571,0.45,0.3273,0.57,0.8,0.4,15
coco,Fprop1,Fcake,250,dino,dino,0.4444,0.2353,0.4444,0.3077,0.57,0.8,0.4,15
coco,Fprop1,Ftv,200,dino,dino,0.4359,0.3469,0.4359,0.3864,0.57,0.8,0.4,15
coco,Fprop1,Fumbrella,50,dino,dino,0.2,0.125,0.2,0.1538,0.57,0.8,0.4,15
coco,Fprop1,Fapple,325,dino,dino,0.1475,0.0783,0.1475,0.1023,0.57,0.8,0.4,15
coco,Fprop1,Fzebra,475,dino,dino,0.2738,0.2371,0.2738,0.2541,0.57,0.8,0.4,15
coco,Fprop1,Fscissors,300,dino,dino,0.537,0.271,0.537,0.3602,0.57,0.8,0.4,15
coco,Fprop1,Fsnowboard,175,dino,dino,0.0909,0.0968,0.0909,0.0938,0.57,0.8,0.4,15
coco,Fprop1,Fbackpack,200,dino,dino,0.0769,0.0882,0.0769,0.0822,0.57,0.8,0.4,15
coco,Fprop1,Fvase,375,dino,dino,0.1471,0.1299,0.1471,0.1379,0.57,0.8,0.4,15
coco,Fprop1,Fbus,300,dino,dino,0.8214,0.3622,0.8214,0.5027,0.57,0.8,0.4,15
coco,Fprop1,Fcar,150,dino,dino,0.1852,0.1515,0.1852,0.1667,0.57,0.8,0.4,15
coco,Fprop1,Fbed,200,dino,dino,0.4211,0.2319,0.4211,0.2991,0.57,0.8,0.4,15
coco,Fprop1,Fbus,425,dino,dino,0.775,0.3647,0.775,0.496,0.57,0.8,0.4,15
coco,Fprop1,Ftoothbrush,400,dino,dino,0.1268,0.0804,0.1268,0.0984,0.57,0.8,0.4,15
coco,Fprop1,Fbus,250,dino,dino,0.7442,0.3265,0.7442,0.4539,0.57,0.8,0.4,15
coco,Fprop1,Fbackpack,150,dino,dino,0.0345,0.0435,0.0345,0.0385,0.57,0.8,0.4,15
coco,Fprop1,Ftruck,25,dino,dino,0.2,0.2,0.2,0.2,0.57,0.8,0.4,15
coco,Fprop1,Ftoilet,350,dino,dino,0.5781,0.319,0.5781,0.4111,0.57,0.8,0.4,15
coco,Fprop1,Fsheep,500,dino,dino,0.1702,0.128,0.1702,0.1461,0.57,0.8,0.4,15
coco,Fprop1,Felephant,500,dino,dino,0.4382,0.2108,0.4382,0.2847,0.57,0.8,0.4,15
coco,Fprop1,Fboat,275,dino,dino,0.2128,0.1667,0.2128,0.1869,0.57,0.8,0.4,15
coco,Fprop1,Fperson,50,dino,dino,0.5556,0.3846,0.5556,0.4545,0.57,0.8,0.4,15
coco,Fprop1,Ftrain,250,dino,dino,0.6,0.3803,0.6,0.4655,0.57,0.8,0.4,15
coco,Fprop1,Ftie,275,dino,dino,0.4259,0.215,0.4259,0.2857,0.57,0.8,0.4,15
coco,Fprop1,Fbird,25,dino,dino,0.6,0.2727,0.6,0.375,0.57,0.8,0.4,15
coco,Fprop1,Fbird,150,dino,dino,0.28,0.2059,0.28,0.2373,0.57,0.8,0.4,15
coco,Fprop1,Fboat,300,dino,dino,0.1964,0.1667,0.1964,0.1803,0.57,0.8,0.4,15
coco,Fprop1,Fboat,75,dino,dino,0.1333,0.1176,0.1333,0.125,0.57,0.8,0.4,15
coco,Fprop1,Fsnowboard,225,dino,dino,0.1667,0.1591,0.1667,0.1628,0.57,0.8,0.4,15
coco,Fprop1,Fcat,125,dino,dino,0.4286,0.2903,0.4286,0.3462,0.57,0.8,0.4,15
coco,Fprop1,Fbus,225,dino,dino,0.9302,0.3738,0.9302,0.5333,0.57,0.8,0.4,15
coco,Fprop1,Fgiraffe,375,dino,dino,0.3824,0.2261,0.3824,0.2842,0.57,0.8,0.4,15
coco,Fprop1,Frefrigerator,350,dino,dino,0.7344,0.4052,0.7344,0.5222,0.57,0.8,0.4,15
coco,Fprop1,Fperson,425,dino,dino,0.4384,0.2177,0.4384,0.2909,0.57,0.8,0.4,15
coco,Fprop1,Fpizza,350,dino,dino,0.4462,0.2959,0.4462,0.3558,0.57,0.8,0.4,15
coco,(prop1&prop2)Uprop3,(car&person)Usuitcase,500,dino,dino,0.4681,0.1913,0.4681,0.2716,0.57,0.8,0.4,15
coco,(prop1&prop2)Uprop3,(handbag&person)Ubottle,200,dino,dino,0.3902,0.1818,0.3902,0.2481,0.57,0.8,0.4,15
coco,(prop1&prop2)Uprop3,(cow&person)Uairplane,425,dino,dino,0.6747,0.2759,0.6747,0.3916,0.57,0.8,0.4,15
coco,(prop1&prop2)Uprop3,(frisbee&dog)Uoven,400,dino,dino,0.7308,0.2579,0.7308,0.3813,0.57,0.8,0.4,15
coco,(prop1&prop2)Uprop3,(bed&book)Uskateboard,100,dino,dino,0.4348,0.2703,0.4348,0.3333,0.57,0.8,0.4,15
coco,(prop1&prop2)Uprop3,(car&train)Uskis,100,dino,dino,0.5882,0.2,0.5882,0.2985,0.57,0.8,0.4,15
coco,(prop1&prop2)Uprop3,(refrigerator&bottle)Ucarrot,425,dino,dino,0.7821,0.2664,0.7821,0.3974,0.57,0.8,0.4,15
coco,(prop1&prop2)Uprop3,(person&cow)Utruck,275,dino,dino,0.44,0.1705,0.44,0.2458,0.57,0.8,0.4,15
coco,(prop1&prop2)Uprop3,(bed&cat)Uchair,325,dino,dino,0.8525,0.3133,0.8525,0.4581,0.57,0.8,0.4,15
coco,(prop1&prop2)Uprop3,(person&car)Ucow,50,dino,dino,0.4167,0.1923,0.4167,0.2632,0.57,0.8,0.4,15
coco,(prop1&prop2)Uprop3,(person&surfboard)Uhorse,500,dino,dino,0.6316,0.2521,0.6316,0.3604,0.57,0.8,0.4,15
coco,(prop1&prop2)Uprop3,(airplane&car)Ucup,275,dino,dino,0.6667,0.3119,0.6667,0.425,0.57,0.8,0.4,15
coco,(prop1&prop2)Uprop3,(person&tv)Uskis,175,dino,dino,0.6286,0.2245,0.6286,0.3308,0.57,0.8,0.4,15
coco,(prop1&prop2)Uprop3,(tv&cake)Uboat,150,dino,dino,0.9677,0.4,0.9677,0.566,0.57,0.8,0.4,15
coco,(prop1&prop2)Uprop3,(tie&person)Ubowl,375,dino,dino,0.6957,0.2449,0.6957,0.3623,0.57,0.8,0.4,15
coco,(prop1&prop2)Uprop3,(bench&person)Uclock,125,dino,dino,0.6552,0.2879,0.6552,0.4,0.57,0.8,0.4,15
coco,(prop1&prop2)Uprop3,(bed&couch)Ubicycle,300,dino,dino,0.5965,0.2394,0.5965,0.3417,0.57,0.8,0.4,15
coco,(prop1&prop2)Uprop3,(person&skis)Uclock,75,dino,dino,0.5294,0.225,0.5294,0.3158,0.57,0.8,0.4,15
coco,(prop1&prop2)Uprop3,(mouse&laptop)Uapple,300,dino,dino,0.5192,0.1985,0.5192,0.2872,0.57,0.8,0.4,15
coco,(prop1&prop2)Uprop3,(person&sheep)Ulaptop,125,dino,dino,0.4138,0.2069,0.4138,0.2759,0.57,0.8,0.4,15
coco,(prop1&prop2)Uprop3,(laptop&dog)Udonut,325,dino,dino,0.9836,0.3529,0.9836,0.5195,0.57,0.8,0.4,15
coco,(prop1&prop2)Uprop3,(umbrella&person)Uknife,350,dino,dino,0.431,0.1497,0.431,0.2222,0.57,0.8,0.4,15
coco,(prop1&prop2)Uprop3,(car&elephant)Ubanana,375,dino,dino,0.9589,0.3302,0.9589,0.4912,0.57,0.8,0.4,15
coco,(prop1&prop2)Uprop3,(surfboard&person)Utoothbrush,400,dino,dino,0.6,0.2419,0.6,0.3448,0.57,0.8,0.4,15
coco,(prop1&prop2)Uprop3,(frisbee&person)Uhorse,325,dino,dino,0.5167,0.2214,0.5167,0.31,0.57,0.8,0.4,15
coco,(prop1&prop2)Uprop3,(skateboard&person)Usandwich,300,dino,dino,0.7288,0.2925,0.7288,0.4175,0.57,0.8,0.4,15
coco,(prop1&prop2)Uprop3,(orange&person)Uhorse,350,dino,dino,0.625,0.2439,0.625,0.3509,0.57,0.8,0.4,15
coco,(prop1&prop2)Uprop3,(bed&dog)Ucat,225,dino,dino,0.7674,0.3143,0.7674,0.4459,0.57,0.8,0.4,15
coco,(prop1&prop2)Uprop3,(person&airplane)Ucarrot,225,dino,dino,0.7907,0.272,0.7907,0.4048,0.57,0.8,0.4,15
coco,(prop1&prop2)Uprop3,(frisbee&bench)Uzebra,425,dino,dino,0.5682,0.3125,0.5682,0.4032,0.57,0.8,0.4,15
coco,(prop1&prop2)Uprop3,(cup&umbrella)Utoothbrush,325,dino,dino,0.0,0.0,0.0,0.0,0.57,0.8,0.4,15
coco,(prop1&prop2)Uprop3,(pizza&person)Usheep,175,dino,dino,0.7576,0.2632,0.7576,0.3906,0.57,0.8,0.4,15
coco,(prop1&prop2)Uprop3,(mouse&laptop)Ubackpack,100,dino,dino,0.4762,0.2174,0.4762,0.2985,0.57,0.8,0.4,15
coco,(prop1&prop2)Uprop3,(cat&keyboard)Umouse,275,dino,dino,0.84,0.3066,0.84,0.4492,0.57,0.8,0.4,15
coco,(prop1&prop2)Uprop3,(person&bus)Udonut,125,dino,dino,0.8333,0.2899,0.8333,0.4301,0.57,0.8,0.4,15
coco,(prop1&prop2)Uprop3,(person&skateboard)Utoilet,350,dino,dino,0.7681,0.3155,0.7681,0.4473,0.57,0.8,0.4,15
coco,(prop1&prop2)Uprop3,(bottle&toilet)Uoven,250,dino,dino,0.54,0.2308,0.54,0.3234,0.57,0.8,0.4,15
coco,(prop1&prop2)Uprop3,(sink&toilet)Ubowl,200,dino,dino,0.3902,0.2581,0.3902,0.3107,0.57,0.8,0.4,15
coco,(prop1&prop2)Uprop3,(couch&laptop)Udonut,500,dino,dino,0.6733,0.2996,0.6733,0.4146,0.57,0.8,0.4,15
coco,(prop1&prop2)Uprop3,(bottle&person)Udonut,125,dino,dino,0.5,0.2727,0.5,0.3529,0.57,0.8,0.4,15
coco,(prop1&prop2)Uprop3,(person&bench)Uknife,75,dino,dino,0.4667,0.2121,0.4667,0.2917,0.57,0.8,0.4,15
coco,(prop1&prop2)Uprop3,(truck&person)Ubear,375,dino,dino,0.5362,0.2044,0.5362,0.296,0.57,0.8,0.4,15
coco,(prop1&prop2)Uprop3,(surfboard&person)Urefrigerator,450,dino,dino,0.6552,0.2579,0.6552,0.3701,0.57,0.8,0.4,15
coco,(prop1&prop2)Uprop3,(person&motorcycle)Ubackpack,150,dino,dino,0.5161,0.1975,0.5161,0.2857,0.57,0.8,0.4,15
coco,(prop1&prop2)Uprop3,(person&backpack)Upizza,150,dino,dino,0.4,0.2069,0.4,0.2727,0.57,0.8,0.4,15
coco,(prop1&prop2)Uprop3,(person&bench)Ubowl,200,dino,dino,0.5405,0.2353,0.5405,0.3279,0.57,0.8,0.4,15
coco,(prop1&prop2)Uprop3,(person&surfboard)Uvase,100,dino,dino,0.5556,0.1923,0.5556,0.2857,0.57,0.8,0.4,15
coco,(prop1&prop2)Uprop3,(couch&chair)Uskateboard,225,dino,dino,0.5227,0.2447,0.5227,0.3333,0.57,0.8,0.4,15
coco,(prop1&prop2)Uprop3,(bed&cat)Uchair,175,dino,dino,0.7353,0.3012,0.7353,0.4274,0.57,0.8,0.4,15
coco,(prop1&prop2)Uprop3,(bottle&sink)Ubackpack,450,dino,dino,0.2093,0.1406,0.2093,0.1682,0.57,0.8,0.4,15
coco,(prop1&prop2)Uprop3,(bird&book)Uorange,250,dino,dino,0.9608,0.3657,0.9608,0.5297,0.57,0.8,0.4,15
coco,(prop1&prop2)Uprop3,(skis&backpack)Ucarrot,500,dino,dino,0.2632,0.1068,0.2632,0.152,0.57,0.8,0.4,15
coco,(prop1&prop2)Uprop3,(bus&person)Uzebra,25,dino,dino,0.8333,0.2941,0.8333,0.4348,0.57,0.8,0.4,15
coco,(prop1&prop2)Uprop3,(vase&horse)Usurfboard,375,dino,dino,0.9577,0.3598,0.9577,0.5231,0.57,0.8,0.4,15
coco,(prop1&prop2)Uprop3,(oven&refrigerator)Ubanana,275,dino,dino,0.8148,0.2651,0.8148,0.4,0.57,0.8,0.4,15
coco,(prop1&prop2)Uprop3,(person&giraffe)Ubicycle,275,dino,dino,0.5962,0.2562,0.5962,0.3584,0.57,0.8,0.4,15
coco,(prop1&prop2)Uprop3,(bench&person)Usnowboard,375,dino,dino,0.5211,0.2139,0.5211,0.3033,0.57,0.8,0.4,15
coco,(prop1&prop2)Uprop3,(person&airplane)Uchair,375,dino,dino,0.7606,0.2727,0.7606,0.4015,0.57,0.8,0.4,15
coco,(prop1&prop2)Uprop3,(tv&cup)Uoven,500,dino,dino,0.5263,0.2222,0.5263,0.3125,0.57,0.8,0.4,15
coco,(prop1&prop2)Uprop3,(person&truck)Ucup,225,dino,dino,0.3864,0.1954,0.3864,0.2595,0.57,0.8,0.4,15
coco,(prop1&prop2)Uprop3,(sheep&person)Uelephant,50,dino,dino,0.2727,0.1765,0.2727,0.2143,0.57,0.8,0.4,15
coco,(prop1&prop2)Uprop3,(person&tie)Ubus,100,dino,dino,0.619,0.2453,0.619,0.3514,0.57,0.8,0.4,15
coco,(prop1&prop2)Uprop3,(person&suitcase)Utv,150,dino,dino,0.4483,0.2031,0.4483,0.2796,0.57,0.8,0.4,15
coco,(prop1&prop2)Uprop3,(sink&toilet)Ubird,25,dino,dino,0.8333,0.4545,0.8333,0.5882,0.57,0.8,0.4,15
coco,(prop1&prop2)Uprop3,(surfboard&person)Udog,475,dino,dino,0.5977,0.2321,0.5977,0.3344,0.57,0.8,0.4,15
coco,(prop1&prop2)Uprop3,(truck&car)Utoilet,500,dino,dino,0.3438,0.1976,0.3438,0.251,0.57,0.8,0.4,15
coco,(prop1&prop2)Uprop3,(surfboard&person)Ubear,475,dino,dino,0.5227,0.2026,0.5227,0.2921,0.57,0.8,0.4,15
coco,(prop1&prop2)Uprop3,(sink&toilet)Uperson,425,dino,dino,0.6582,0.2488,0.6582,0.3611,0.57,0.8,0.4,15
coco,(prop1&prop2)Uprop3,(motorcycle&person)Ubench,325,dino,dino,0.5833,0.2215,0.5833,0.3211,0.57,0.8,0.4,15
coco,(prop1&prop2)Uprop3,(person&horse)Ugiraffe,150,dino,dino,0.6667,0.274,0.6667,0.3883,0.57,0.8,0.4,15
coco,(prop1&prop2)Uprop3,(couch&cat)Uspoon,275,dino,dino,0.6481,0.2414,0.6481,0.3518,0.57,0.8,0.4,15
coco,(prop1&prop2)Uprop3,(bicycle&person)Usandwich,25,dino,dino,0.375,0.2727,0.375,0.3158,0.57,0.8,0.4,15
coco,(prop1&prop2)Uprop3,(surfboard&person)Utie,300,dino,dino,0.5769,0.1961,0.5769,0.2927,0.57,0.8,0.4,15
coco,(prop1&prop2)Uprop3,(person&frisbee)Uboat,25,dino,dino,0.2857,0.1818,0.2857,0.2222,0.57,0.8,0.4,15
coco,(prop1&prop2)Uprop3,(person&train)Ubowl,400,dino,dino,0.7105,0.2888,0.7105,0.4106,0.57,0.8,0.4,15
coco,(prop1&prop2)Uprop3,(keyboard&laptop)Uchair,400,dino,dino,0.5455,0.2763,0.5455,0.3668,0.57,0.8,0.4,15
coco,(prop1&prop2)Uprop3,(person&bench)Umouse,450,dino,dino,0.6471,0.2434,0.6471,0.3537,0.57,0.8,0.4,15
coco,(prop1&prop2)Uprop3,(person&car)Uoven,75,dino,dino,0.6471,0.2973,0.6471,0.4074,0.57,0.8,0.4,15
coco,(prop1&prop2)Uprop3,(banana&chair)Uknife,200,dino,dino,0.9268,0.3333,0.9268,0.4903,0.57,0.8,0.4,15
coco,(prop1&prop2)Uprop3,(person&cow)Ufrisbee,325,dino,dino,0.5,0.2014,0.5,0.2871,0.57,0.8,0.4,15
coco,(prop1&prop2)Uprop3,(person&bus)Uelephant,25,dino,dino,0.625,0.3846,0.625,0.4762,0.57,0.8,0.4,15
coco,(prop1&prop2)Uprop3,(bench&person)Uvase,50,dino,dino,0.4167,0.2941,0.4167,0.3448,0.57,0.8,0.4,15
coco,(prop1&prop2)Uprop3,(surfboard&boat)Utie,475,dino,dino,0.1758,0.0762,0.1758,0.1063,0.57,0.8,0.4,15
coco,(prop1&prop2)Uprop3,(elephant&person)Ubed,175,dino,dino,0.6389,0.2421,0.6389,0.3511,0.57,0.8,0.4,15
coco,(prop1&prop2)Uprop3,(bed&couch)Usuitcase,75,dino,dino,0.25,0.1333,0.25,0.1739,0.57,0.8,0.4,15
coco,(prop1&prop2)Uprop3,(person&car)Usnowboard,250,dino,dino,0.5625,0.2109,0.5625,0.3068,0.57,0.8,0.4,15
coco,(prop1&prop2)Uprop3,(kite&person)Ucarrot,150,dino,dino,0.4688,0.1974,0.4688,0.2778,0.57,0.8,0.4,15
coco,(prop1&prop2)Uprop3,(car&donut)Ubroccoli,125,dino,dino,0.0714,0.0444,0.0714,0.0548,0.57,0.8,0.4,15
coco,(prop1&prop2)Uprop3,(oven&sink)Upizza,100,dino,dino,0.5909,0.2889,0.5909,0.3881,0.57,0.8,0.4,15
coco,(prop1&prop2)Uprop3,(backpack&person)Uelephant,450,dino,dino,0.5765,0.2333,0.5765,0.3322,0.57,0.8,0.4,15
coco,(prop1&prop2)Uprop3,(skis&backpack)Utrain,250,dino,dino,0.2292,0.1089,0.2292,0.1477,0.57,0.8,0.4,15
coco,(prop1&prop2)Uprop3,(person&backpack)Utruck,450,dino,dino,0.3837,0.1886,0.3837,0.2529,0.57,0.8,0.4,15
coco,(prop1&prop2)Uprop3,(toilet&sink)Udonut,125,dino,dino,0.2593,0.2,0.2593,0.2258,0.57,0.8,0.4,15
coco,(prop1&prop2)Uprop3,(sheep&person)Ubear,475,dino,dino,0.3294,0.1474,0.3294,0.2036,0.57,0.8,0.4,15
coco,(prop1&prop2)Uprop3,(surfboard&person)Umotorcycle,400,dino,dino,0.5921,0.2368,0.5921,0.3383,0.57,0.8,0.4,15
coco,(prop1&prop2)Uprop3,(person&frisbee)Ucar,50,dino,dino,0.3333,0.2,0.3333,0.25,0.57,0.8,0.4,15
coco,(prop1&prop2)Uprop3,(scissors&person)Uchair,225,dino,dino,0.8182,0.2975,0.8182,0.4364,0.57,0.8,0.4,15
coco,(prop1&prop2)Uprop3,(person&skis)Uhandbag,400,dino,dino,0.4324,0.1592,0.4324,0.2327,0.57,0.8,0.4,15
coco,(prop1&prop2)Uprop3,(sheep&umbrella)Ubackpack,50,dino,dino,0.1,0.0526,0.1,0.069,0.57,0.8,0.4,15
coco,(prop1&prop2)Uprop3,(umbrella&car)Utoaster,175,dino,dino,0.3125,0.1282,0.3125,0.1818,0.57,0.8,0.4,15
coco,(prop1&prop2)Uprop3,(bus&umbrella)Utoaster,425,dino,dino,0.3882,0.1719,0.3882,0.2383,0.57,0.8,0.4,15
coco,(prop1&prop2)Uprop3,(pizza&person)Utoilet,75,dino,dino,0.5,0.2581,0.5,0.3404,0.57,0.8,0.4,15
coco,(prop1&prop2)Uprop3,(person&train)Utv,475,dino,dino,0.7033,0.3232,0.7033,0.4429,0.57,0.8,0.4,15
coco,(prop1&prop2)Uprop3,(bench&cat)Uspoon,50,dino,dino,0.5,0.2609,0.5,0.3429,0.57,0.8,0.4,15
coco,(prop1&prop2)Uprop3,(person&car)Upizza,200,dino,dino,0.5405,0.2151,0.5405,0.3077,0.57,0.8,0.4,15
coco,(prop1&prop2)Uprop3,(bird&banana)Uelephant,75,dino,dino,0.0,0.0,0.0,0.0,0.57,0.8,0.4,15
coco,(prop1&prop2)Uprop3,(cat&person)Usuitcase,350,dino,dino,0.7015,0.2765,0.7015,0.3966,0.57,0.8,0.4,15
coco,(prop1&prop2)Uprop3,(person&truck)Uremote,175,dino,dino,0.5641,0.2529,0.5641,0.3492,0.57,0.8,0.4,15
coco,(prop1&prop2)Uprop3,(person&umbrella)Ubicycle,300,dino,dino,0.5333,0.2207,0.5333,0.3122,0.57,0.8,0.4,15
coco,(prop1&prop2)Uprop3,(person&bus)Uoven,225,dino,dino,0.8182,0.3103,0.8182,0.45,0.57,0.8,0.4,15
coco,(prop1&prop2)Uprop3,(person&skateboard)Umicrowave,350,dino,dino,0.7778,0.2784,0.7778,0.41,0.57,0.8,0.4,15
coco,(prop1&prop2)Uprop3,(person&car)Uoven,200,dino,dino,0.6923,0.2411,0.6923,0.3576,0.57,0.8,0.4,15
coco,(prop1&prop2)Uprop3,(cup&person)Uskis,25,dino,dino,0.625,0.3846,0.625,0.4762,0.57,0.8,0.4,15
coco,(prop1&prop2)Uprop3,(person&dog)Ucarrot,250,dino,dino,0.6364,0.2373,0.6364,0.3457,0.57,0.8,0.4,15
coco,(prop1&prop2)Uprop3,(toilet&sink)Uscissors,350,dino,dino,0.5,0.2288,0.5,0.3139,0.57,0.8,0.4,15
coco,(prop1&prop2)Uprop3,(bus&person)Uclock,250,dino,dino,0.766,0.259,0.766,0.3871,0.57,0.8,0.4,15
coco,(prop1&prop2)Uprop3,(backpack&bicycle)Uorange,475,dino,dino,0.4639,0.2273,0.4639,0.3051,0.57,0.8,0.4,15
coco,(prop1&prop2)Uprop3,(surfboard&person)Upizza,450,dino,dino,0.5663,0.2362,0.5663,0.3333,0.57,0.8,0.4,15
coco,(prop1&prop2)Uprop3,(remote&couch)Utrain,425,dino,dino,0.6923,0.2609,0.6923,0.3789,0.57,0.8,0.4,15
coco,(prop1&prop2)Uprop3,(person&tie)Uremote,300,dino,dino,0.5714,0.2286,0.5714,0.3265,0.57,0.8,0.4,15
coco,prop1&prop2,skis&person,175,dino,dino,0.3871,0.1739,0.3871,0.24,0.57,0.8,0.4,15
coco,prop1&prop2,toilet&sink,350,dino,dino,0.3934,0.2553,0.3934,0.3097,0.57,0.8,0.4,15
coco,prop1&prop2,person&clock,250,dino,dino,0.2979,0.1573,0.2979,0.2059,0.57,0.8,0.4,15
coco,prop1&prop2,boat&backpack,325,dino,dino,0.3636,0.1942,0.3636,0.2532,0.57,0.8,0.4,15
coco,prop1&prop2,person&skis,125,dino,dino,0.6087,0.209,0.6087,0.3111,0.57,0.8,0.4,15
coco,prop1&prop2,backpack&bus,425,dino,dino,0.8481,0.33,0.8481,0.4752,0.57,0.8,0.4,15
coco,prop1&prop2,knife&cup,425,dino,dino,0.026,0.0185,0.026,0.0216,0.57,0.8,0.4,15
coco,prop1&prop2,person&suitcase,425,dino,dino,0.481,0.2222,0.481,0.304,0.57,0.8,0.4,15
coco,prop1&prop2,cup&kite,375,dino,dino,0.0,0.0,0.0,0.0,0.57,0.8,0.4,15
coco,prop1&prop2,person&bottle,300,dino,dino,0.2963,0.1495,0.2963,0.1988,0.57,0.8,0.4,15
coco,prop1&prop2,bed&dog,275,dino,dino,0.8444,0.2585,0.8444,0.3958,0.57,0.8,0.4,15
coco,prop1&prop2,toilet&sink,475,dino,dino,0.4535,0.291,0.4535,0.3545,0.57,0.8,0.4,15
coco,prop1&prop2,boat&chair,150,dino,dino,0.1379,0.1026,0.1379,0.1176,0.57,0.8,0.4,15
coco,prop1&prop2,bottle&person,325,dino,dino,0.3103,0.1417,0.3103,0.1946,0.57,0.8,0.4,15
coco,prop1&prop2,car&bicycle,50,dino,dino,0.6667,0.3,0.6667,0.4138,0.57,0.8,0.4,15
coco,prop1&prop2,chair&elephant,400,dino,dino,0.9726,0.3757,0.9726,0.542,0.57,0.8,0.4,15
coco,prop1&prop2,oven&sink,75,dino,dino,0.2857,0.2,0.2857,0.2353,0.57,0.8,0.4,15
coco,prop1&prop2,surfboard&bottle,100,dino,dino,0.0,0.0,0.0,0.0,0.57,0.8,0.4,15
coco,prop1&prop2,pizza&fork,475,dino,dino,0.2235,0.1532,0.2235,0.1818,0.57,0.8,0.4,15
coco,prop1&prop2,cow&bird,125,dino,dino,0.3636,0.1538,0.3636,0.2162,0.57,0.8,0.4,15
coco,prop1&prop2,spoon&toaster,475,dino,dino,0.0,0.0,0.0,0.0,0.57,0.8,0.4,15
coco,prop1&prop2,person&train,75,dino,dino,0.3333,0.1905,0.3333,0.2424,0.57,0.8,0.4,15
coco,prop1&prop2,dog&boat,350,dino,dino,0.4762,0.2439,0.4762,0.3226,0.57,0.8,0.4,15
coco,prop1&prop2,cow&person,450,dino,dino,0.5,0.2049,0.5,0.2907,0.57,0.8,0.4,15
coco,prop1&prop2,person&frisbee,150,dino,dino,0.625,0.2381,0.625,0.3448,0.57,0.8,0.4,15
coco,prop1&prop2,bed&couch,150,dino,dino,0.3077,0.1667,0.3077,0.2162,0.57,0.8,0.4,15
coco,prop1&prop2,boat&bus,425,dino,dino,0.6986,0.2727,0.6986,0.3923,0.57,0.8,0.4,15
coco,prop1&prop2,frisbee&person,325,dino,dino,0.4727,0.2063,0.4727,0.2873,0.57,0.8,0.4,15
coco,prop1&prop2,bowl&orange,25,dino,dino,0.6,0.2727,0.6,0.375,0.57,0.8,0.4,15
coco,prop1&prop2,dog&bottle,25,dino,dino,0.4,0.3333,0.4,0.3636,0.57,0.8,0.4,15
coco,prop1&prop2,person&skateboard,425,dino,dino,0.7722,0.337,0.7722,0.4692,0.57,0.8,0.4,15
coco,prop1&prop2,frisbee&person,325,dino,dino,0.4483,0.2047,0.4483,0.2811,0.57,0.8,0.4,15
coco,prop1&prop2,spoon&clock,25,dino,dino,0.0,0.0,0.0,0.0,0.57,0.8,0.4,15
coco,prop1&prop2,dog&person,400,dino,dino,0.6765,0.2738,0.6765,0.3898,0.57,0.8,0.4,15
coco,prop1&prop2,bus&person,375,dino,dino,0.7945,0.3021,0.7945,0.4377,0.57,0.8,0.4,15
coco,prop1&prop2,person&skis,375,dino,dino,0.3731,0.1479,0.3731,0.2119,0.57,0.8,0.4,15
coco,prop1&prop2,mouse&laptop,500,dino,dino,0.4681,0.2167,0.4681,0.2963,0.57,0.8,0.4,15
coco,prop1&prop2,zebra&giraffe,225,dino,dino,0.3333,0.1585,0.3333,0.2149,0.57,0.8,0.4,15
coco,prop1&prop2,person&sink,50,dino,dino,0.2222,0.25,0.2222,0.2353,0.57,0.8,0.4,15
coco,prop1&prop2,chair&bird,250,dino,dino,0.5,0.211,0.5,0.2968,0.57,0.8,0.4,15
coco,prop1&prop2,person&tie,150,dino,dino,0.72,0.25,0.72,0.3711,0.57,0.8,0.4,15
coco,prop1&prop2,cat&remote,125,dino,dino,0.3636,0.1481,0.3636,0.2105,0.57,0.8,0.4,15
coco,prop1&prop2,train&person,175,dino,dino,0.5152,0.2742,0.5152,0.3579,0.57,0.8,0.4,15
coco,prop1&prop2,car&train,450,dino,dino,0.7051,0.3354,0.7051,0.4545,0.57,0.8,0.4,15
coco,prop1&prop2,person&sheep,375,dino,dino,0.3188,0.1517,0.3188,0.2056,0.57,0.8,0.4,15
coco,prop1&prop2,frisbee&person,75,dino,dino,0.4667,0.2188,0.4667,0.2979,0.57,0.8,0.4,15
coco,prop1&prop2,oven&spoon,100,dino,dino,0.2222,0.1081,0.2222,0.1455,0.57,0.8,0.4,15
coco,prop1&prop2,skateboard&truck,350,dino,dino,0.0,0.0,0.0,0.0,0.57,0.8,0.4,15
coco,prop1&prop2,bench&train,275,dino,dino,0.7843,0.3704,0.7843,0.5031,0.57,0.8,0.4,15
coco,prop1&prop2,skis&person,375,dino,dino,0.4638,0.173,0.4638,0.252,0.57,0.8,0.4,15
coco,prop1&prop2,bicycle&person,350,dino,dino,0.4923,0.2013,0.4923,0.2857,0.57,0.8,0.4,15
coco,prop1&prop2,donut&bowl,400,dino,dino,0.0,0.0,0.0,0.0,0.57,0.8,0.4,15
coco,prop1&prop2,person&couch,500,dino,dino,0.6344,0.2479,0.6344,0.3565,0.57,0.8,0.4,15
coco,prop1&prop2,toilet&bottle,475,dino,dino,0.4302,0.2824,0.4302,0.341,0.57,0.8,0.4,15
coco,prop1&prop2,elephant&car,250,dino,dino,1.0,0.3583,1.0,0.5276,0.57,0.8,0.4,15
coco,prop1&prop2,person&skis,200,dino,dino,0.5143,0.1978,0.5143,0.2857,0.57,0.8,0.4,15
coco,prop1&prop2,cat&refrigerator,275,dino,dino,0.5714,0.2745,0.5714,0.3709,0.57,0.8,0.4,15
coco,prop1&prop2,mouse&laptop,450,dino,dino,0.3659,0.1852,0.3659,0.2459,0.57,0.8,0.4,15
coco,prop1&prop2,tv&remote,50,dino,dino,0.5556,0.2273,0.5556,0.3226,0.57,0.8,0.4,15
coco,prop1&prop2,laptop&book,350,dino,dino,0.5303,0.3535,0.5303,0.4242,0.57,0.8,0.4,15
coco,prop1&prop2,person&tv,250,dino,dino,0.5957,0.3111,0.5957,0.4088,0.57,0.8,0.4,15
coco,prop1&prop2,donut&spoon,175,dino,dino,0.0,0.0,0.0,0.0,0.57,0.8,0.4,15
coco,prop1&prop2,backpack&snowboard,500,dino,dino,0.1087,0.0781,0.1087,0.0909,0.57,0.8,0.4,15
coco,prop1&prop2,person&pizza,400,dino,dino,0.6974,0.2912,0.6974,0.4109,0.57,0.8,0.4,15
coco,prop1&prop2,bus&person,300,dino,dino,0.8,0.2933,0.8,0.4293,0.57,0.8,0.4,15
coco,prop1&prop2,airplane&bicycle,300,dino,dino,0.8889,0.3721,0.8889,0.5246,0.57,0.8,0.4,15
coco,prop1&prop2,book&bottle,300,dino,dino,0.0,0.0,0.0,0.0,0.57,0.8,0.4,15
coco,prop1&prop2,car&kite,225,dino,dino,0.25,0.1235,0.25,0.1653,0.57,0.8,0.4,15
coco,prop1&prop2,clock&person,225,dino,dino,0.3333,0.1944,0.3333,0.2456,0.57,0.8,0.4,15
coco,prop1&prop2,laptop&person,100,dino,dino,0.4,0.1395,0.4,0.2069,0.57,0.8,0.4,15
coco,prop1&prop2,person&bus,275,dino,dino,0.8367,0.2789,0.8367,0.4184,0.57,0.8,0.4,15
coco,prop1&prop2,remote&person,100,dino,dino,0.4444,0.2,0.4444,0.2759,0.57,0.8,0.4,15
coco,prop1&prop2,handbag&person,25,dino,dino,0.2,0.2,0.2,0.2,0.57,0.8,0.4,15
coco,prop1&prop2,cake&spoon,225,dino,dino,0.6585,0.2903,0.6585,0.403,0.57,0.8,0.4,15
coco,prop1&prop2,bus&car,125,dino,dino,0.8636,0.3115,0.8636,0.4578,0.57,0.8,0.4,15
coco,prop1&prop2,tv&bed,50,dino,dino,0.8889,0.4,0.8889,0.5517,0.57,0.8,0.4,15
coco,prop1&prop2,backpack&snowboard,225,dino,dino,0.2051,0.1429,0.2051,0.1684,0.57,0.8,0.4,15
coco,prop1&prop2,car&person,200,dino,dino,0.4167,0.2143,0.4167,0.283,0.57,0.8,0.4,15
coco,prop1&prop2,bench&person,250,dino,dino,0.4783,0.2157,0.4783,0.2973,0.57,0.8,0.4,15
coco,prop1&prop2,cat&keyboard,50,dino,dino,0.8,0.3333,0.8,0.4706,0.57,0.8,0.4,15
coco,prop1&prop2,tie&person,200,dino,dino,0.625,0.2525,0.625,0.3597,0.57,0.8,0.4,15
coco,prop1&prop2,handbag&elephant,125,dino,dino,0.8571,0.3214,0.8571,0.4675,0.57,0.8,0.4,15
coco,prop1&prop2,person&kite,75,dino,dino,0.5385,0.1892,0.5385,0.28,0.57,0.8,0.4,15
coco,prop1&prop2,banana&chair,100,dino,dino,1.0,0.3051,1.0,0.4675,0.57,0.8,0.4,15
coco,prop1&prop2,person&skis,200,dino,dino,0.4167,0.163,0.4167,0.2344,0.57,0.8,0.4,15
coco,prop1&prop2,boat&person,125,dino,dino,0.3182,0.1556,0.3182,0.209,0.57,0.8,0.4,15
coco,prop1&prop2,motorcycle&truck,75,dino,dino,0.7143,0.2857,0.7143,0.4082,0.57,0.8,0.4,15
coco,prop1&prop2,motorcycle&truck,450,dino,dino,0.8193,0.3383,0.8193,0.4789,0.57,0.8,0.4,15
coco,prop1&prop2,skis&person,200,dino,dino,0.4857,0.1771,0.4857,0.2595,0.57,0.8,0.4,15
coco,prop1&prop2,chair&cat,275,dino,dino,0.6538,0.2615,0.6538,0.3736,0.57,0.8,0.4,15
coco,prop1&prop2,book&mouse,300,dino,dino,0.0,0.0,0.0,0.0,0.57,0.8,0.4,15
coco,prop1&prop2,suitcase&book,25,dino,dino,0.0,0.0,0.0,0.0,0.57,0.8,0.4,15
coco,prop1&prop2,person&umbrella,75,dino,dino,0.2,0.1071,0.2,0.1395,0.57,0.8,0.4,15
coco,prop1&prop2,toilet&cat,400,dino,dino,0.863,0.3684,0.863,0.5164,0.57,0.8,0.4,15
coco,prop1&prop2,cup&knife,375,dino,dino,0.0597,0.0519,0.0597,0.0556,0.57,0.8,0.4,15
coco,prop1&prop2,bed&bottle,25,dino,dino,0.6,0.3,0.6,0.4,0.57,0.8,0.4,15
coco,prop1&prop2,person&skateboard,500,dino,dino,0.8,0.2975,0.8,0.4337,0.57,0.8,0.4,15
coco,prop1&prop2,umbrella&tie,275,dino,dino,0.7451,0.2303,0.7451,0.3519,0.57,0.8,0.4,15
coco,prop1&prop2,person&car,100,dino,dino,0.35,0.1892,0.35,0.2456,0.57,0.8,0.4,15
coco,prop1&prop2,car&boat,50,dino,dino,0.25,0.1538,0.25,0.1905,0.57,0.8,0.4,15
coco,prop1&prop2,bowl&person,175,dino,dino,0.4688,0.2055,0.4688,0.2857,0.57,0.8,0.4,15
coco,prop1&prop2,elephant&person,350,dino,dino,0.5938,0.2436,0.5938,0.3455,0.57,0.8,0.4,15
coco,prop1&prop2,book&laptop,250,dino,dino,0.2128,0.1471,0.2128,0.1739,0.57,0.8,0.4,15
coco,prop1&prop2,person&kite,425,dino,dino,0.5065,0.2097,0.5065,0.2966,0.57,0.8,0.4,15
coco,prop1&prop2,couch&chair,475,dino,dino,0.5455,0.2775,0.5455,0.3678,0.57,0.8,0.4,15
coco,prop1&prop2,remote&couch,325,dino,dino,0.6271,0.2357,0.6271,0.3426,0.57,0.8,0.4,15
coco,prop1&prop2,oven&person,175,dino,dino,0.6774,0.2333,0.6774,0.3471,0.57,0.8,0.4,15
coco,prop1&prop2,motorcycle&bird,500,dino,dino,0.0,0.0,0.0,0.0,0.57,0.8,0.4,15
coco,prop1&prop2,skis&person,400,dino,dino,0.338,0.1237,0.338,0.1811,0.57,0.8,0.4,15
coco,prop1&prop2,vase&oven,225,dino,dino,0.6667,0.2737,0.6667,0.3881,0.57,0.8,0.4,15
coco,prop1&prop2,scissors&kite,450,dino,dino,0.0,0.0,0.0,0.0,0.57,0.8,0.4,15
coco,prop1&prop2,mouse&tv,325,dino,dino,0.2373,0.1489,0.2373,0.183,0.57,0.8,0.4,15
coco,prop1&prop2,dog&boat,450,dino,dino,0.5,0.2426,0.5,0.3267,0.57,0.8,0.4,15
coco,prop1&prop2,couch&cup,150,dino,dino,0.8,0.3175,0.8,0.4545,0.57,0.8,0.4,15
coco,prop1&prop2,couch&person,300,dino,dino,0.75,0.2653,0.75,0.392,0.57,0.8,0.4,15
coco,prop1&prop2,chair&toilet,500,dino,dino,0.9892,0.4089,0.9892,0.5786,0.57,0.8,0.4,15
coco,prop1&prop2,bicycle&motorcycle,200,dino,dino,0.4857,0.2073,0.4857,0.2906,0.57,0.8,0.4,15
coco,prop1&prop2,tie&person,150,dino,dino,0.4231,0.1507,0.4231,0.2222,0.57,0.8,0.4,15
coco,prop1&prop2,oven&cake,175,dino,dino,0.4848,0.2,0.4848,0.2832,0.57,0.8,0.4,15
coco,prop1&prop2,skateboard&person,475,dino,dino,0.7442,0.3107,0.7442,0.4384,0.57,0.8,0.4,15
imagenet,prop1Uprop2,horseUmicrowave,150,dino,dino,0.6333,0.2639,0.6333,0.3725,0.57,0.8,0.4,15
imagenet,prop1Uprop2,remoteUbackpack,300,dino,dino,0.6333,0.2603,0.6333,0.3689,0.57,0.8,0.4,15
imagenet,prop1Uprop2,bottleUdog,175,dino,dino,0.6471,0.2558,0.6471,0.3667,0.57,0.8,0.4,15
imagenet,prop1Uprop2,sports_ballUumbrella,75,dino,dino,0.5714,0.2667,0.5714,0.3636,0.57,0.8,0.4,15
imagenet,prop1Uprop2,tieUtruck,200,dino,dino,0.525,0.2019,0.525,0.2917,0.57,0.8,0.4,15
imagenet,prop1Uprop2,chairUapple,500,dino,dino,0.48,0.2017,0.48,0.284,0.57,0.8,0.4,15
imagenet,prop1Uprop2,birdUbottle,350,dino,dino,0.5429,0.2468,0.5429,0.3393,0.57,0.8,0.4,15
imagenet,prop1Uprop2,parking_meterUtoaster,250,dino,dino,0.5,0.2212,0.5,0.3067,0.57,0.8,0.4,15
imagenet,prop1Uprop2,teddy_bearUkeyboard,375,dino,dino,0.5946,0.2767,0.5946,0.3777,0.57,0.8,0.4,15
imagenet,prop1Uprop2,catUstop_sign,75,dino,dino,0.3571,0.2381,0.3571,0.2857,0.57,0.8,0.4,15
imagenet,prop1Uprop2,remoteUbroccoli,400,dino,dino,0.625,0.2451,0.625,0.3521,0.57,0.8,0.4,15
imagenet,prop1Uprop2,pizzaUorange,100,dino,dino,0.5,0.2857,0.5,0.3636,0.57,0.8,0.4,15
imagenet,prop1Uprop2,vaseUtie,325,dino,dino,0.4844,0.1938,0.4844,0.2768,0.57,0.8,0.4,15
imagenet,prop1Uprop2,orangeUbackpack,25,dino,dino,0.75,0.375,0.75,0.5,0.57,0.8,0.4,15
imagenet,prop1Uprop2,broccoliUbook,250,dino,dino,0.64,0.256,0.64,0.3657,0.57,0.8,0.4,15
imagenet,prop1Uprop2,bottleUmouse,125,dino,dino,0.5,0.2,0.5,0.2857,0.57,0.8,0.4,15
imagenet,prop1Uprop2,boatUbench,325,dino,dino,0.5938,0.2815,0.5938,0.3819,0.57,0.8,0.4,15
imagenet,prop1Uprop2,sheepUbook,500,dino,dino,0.75,0.2953,0.75,0.4237,0.57,0.8,0.4,15
imagenet,prop1Uprop2,airplaneUbench,450,dino,dino,0.7222,0.2453,0.7222,0.3662,0.57,0.8,0.4,15
imagenet,prop1Uprop2,bowlUsports_ball,75,dino,dino,0.4286,0.2222,0.4286,0.2927,0.57,0.8,0.4,15
imagenet,prop1Uprop2,refrigeratorUtraffic_light,250,dino,dino,0.48,0.2353,0.48,0.3158,0.57,0.8,0.4,15
imagenet,prop1Uprop2,tvUbicycle,275,dino,dino,0.537,0.2437,0.537,0.3353,0.57,0.8,0.4,15
imagenet,prop1Uprop2,traffic_lightUbackpack,300,dino,dino,0.45,0.3253,0.45,0.3776,0.57,0.8,0.4,15
imagenet,prop1Uprop2,toiletUbicycle,400,dino,dino,0.55,0.2245,0.55,0.3188,0.57,0.8,0.4,15
imagenet,prop1Uprop2,mouseUtoaster,100,dino,dino,0.5,0.1695,0.5,0.2532,0.57,0.8,0.4,15
imagenet,prop1Uprop2,toasterUclock,200,dino,dino,0.65,0.2407,0.65,0.3514,0.57,0.8,0.4,15
imagenet,prop1Uprop2,bearUstop_sign,475,dino,dino,0.4043,0.1959,0.4043,0.2639,0.57,0.8,0.4,15
imagenet,prop1Uprop2,bottleUmouse,125,dino,dino,0.5,0.2143,0.5,0.3,0.57,0.8,0.4,15
imagenet,prop1Uprop2,cupUtraffic_light,200,dino,dino,0.45,0.3396,0.45,0.3871,0.57,0.8,0.4,15
imagenet,prop1Uprop2,refrigeratorUperson,350,dino,dino,0.5143,0.2156,0.5143,0.3038,0.57,0.8,0.4,15
imagenet,prop1Uprop2,horseUteddy_bear,350,dino,dino,0.6571,0.2706,0.6571,0.3833,0.57,0.8,0.4,15
imagenet,prop1Uprop2,benchUdog,150,dino,dino,0.5333,0.2759,0.5333,0.3636,0.57,0.8,0.4,15
imagenet,prop1Uprop2,dogUstop_sign,125,dino,dino,0.2917,0.1707,0.2917,0.2154,0.57,0.8,0.4,15
imagenet,prop1Uprop2,bedUapple,225,dino,dino,0.3409,0.1442,0.3409,0.2027,0.57,0.8,0.4,15
imagenet,prop1Uprop2,bookUdining_table,425,dino,dino,0.4762,0.2312,0.4762,0.3113,0.57,0.8,0.4,15
imagenet,prop1Uprop2,catUzebra,425,dino,dino,0.6667,0.3314,0.6667,0.4427,0.57,0.8,0.4,15
imagenet,prop1Uprop2,hot_dogUkite,500,dino,dino,0.67,0.2401,0.67,0.3536,0.57,0.8,0.4,15
imagenet,prop1Uprop2,catUbowl,450,dino,dino,0.4889,0.25,0.4889,0.3308,0.57,0.8,0.4,15
imagenet,prop1Uprop2,clockUkeyboard,475,dino,dino,0.5745,0.25,0.5745,0.3484,0.57,0.8,0.4,15
imagenet,prop1Uprop2,vaseUsports_ball,400,dino,dino,0.5,0.2703,0.5,0.3509,0.57,0.8,0.4,15
imagenet,prop1Uprop2,dining_tableUbicycle,50,dino,dino,0.2,0.1,0.2,0.1333,0.57,0.8,0.4,15
imagenet,prop1Uprop2,tieUkite,100,dino,dino,0.4,0.1633,0.4,0.2319,0.57,0.8,0.4,15
imagenet,prop1Uprop2,vaseUkite,425,dino,dino,0.7381,0.2451,0.7381,0.368,0.57,0.8,0.4,15
imagenet,prop1Uprop2,truckUtoaster,375,dino,dino,0.6081,0.2586,0.6081,0.3629,0.57,0.8,0.4,15
imagenet,prop1Uprop2,clockUboat,50,dino,dino,0.7,0.2692,0.7,0.3889,0.57,0.8,0.4,15
imagenet,prop1Uprop2,cowUtruck,225,dino,dino,0.5682,0.2451,0.5682,0.3425,0.57,0.8,0.4,15
imagenet,prop1Uprop2,backpackUboat,25,dino,dino,0.75,0.2,0.75,0.3158,0.57,0.8,0.4,15
imagenet,prop1Uprop2,cowUsheep,50,dino,dino,0.6,0.2857,0.6,0.3871,0.57,0.8,0.4,15
imagenet,prop1Uprop2,bearUtruck,175,dino,dino,0.5882,0.2247,0.5882,0.3252,0.57,0.8,0.4,15
imagenet,prop1Uprop2,elephantUkite,150,dino,dino,0.7,0.2625,0.7,0.3818,0.57,0.8,0.4,15
imagenet,prop1Uprop2,toiletUmicrowave,300,dino,dino,0.4,0.1951,0.4,0.2623,0.57,0.8,0.4,15
imagenet,prop1Uprop2,broccoliUparking_meter,275,dino,dino,0.5926,0.2286,0.5926,0.3299,0.57,0.8,0.4,15
imagenet,prop1Uprop2,vaseUumbrella,375,dino,dino,0.6081,0.2744,0.6081,0.3782,0.57,0.8,0.4,15
imagenet,prop1Uprop2,bowlUlaptop,475,dino,dino,0.5426,0.2931,0.5426,0.3806,0.57,0.8,0.4,15
imagenet,prop1Uprop2,bicycleUelephant,225,dino,dino,0.5682,0.2404,0.5682,0.3378,0.57,0.8,0.4,15
imagenet,prop1Uprop2,elephantUbicycle,25,dino,dino,0.8,0.2857,0.8,0.4211,0.57,0.8,0.4,15
imagenet,prop1Uprop2,trainUdog,450,dino,dino,0.6444,0.2762,0.6444,0.3867,0.57,0.8,0.4,15
imagenet,prop1Uprop2,backpackUtraffic_light,175,dino,dino,0.4118,0.2642,0.4118,0.3218,0.57,0.8,0.4,15
imagenet,prop1Uprop2,mouseUsheep,275,dino,dino,0.5,0.2045,0.5,0.2903,0.57,0.8,0.4,15
imagenet,prop1Uprop2,chairUmouse,325,dino,dino,0.4844,0.1987,0.4844,0.2818,0.57,0.8,0.4,15
imagenet,Gprop1,Gtv,275,dino,dino,0.5747,0.9804,0.5747,0.7246,0.57,0.8,0.4,15
imagenet,Gprop1,Gtraffic_light,200,dino,dino,0.2378,0.8478,0.2378,0.3714,0.57,0.8,0.4,15
imagenet,Gprop1,Gcat,100,dino,dino,0.6667,0.7368,0.6667,0.7,0.57,0.8,0.4,15
imagenet,Gprop1,Gstop_sign,300,dino,dino,0.0167,0.4444,0.0167,0.0321,0.57,0.8,0.4,15
imagenet,Gprop1,Gorange,450,dino,dino,0.3941,0.9943,0.3941,0.5644,0.57,0.8,0.4,15
imagenet,Gprop1,Gbanana,50,dino,dino,0.381,0.381,0.381,0.381,0.57,0.8,0.4,15
imagenet,Gprop1,Gtoaster,400,dino,dino,0.658,0.9695,0.658,0.784,0.57,0.8,0.4,15
imagenet,Gprop1,Gkite,275,dino,dino,0.8412,0.895,0.8412,0.8673,0.57,0.8,0.4,15
imagenet,Gprop1,Grefrigerator,25,dino,dino,1.0,0.5,1.0,0.6667,0.57,0.8,0.4,15
imagenet,Gprop1,Gbook,100,dino,dino,0.6863,0.7,0.6863,0.6931,0.57,0.8,0.4,15
imagenet,Gprop1,Gtruck,350,dino,dino,0.616,1.0,0.616,0.7624,0.57,0.8,0.4,15
imagenet,Gprop1,Glaptop,175,dino,dino,0.6286,0.8889,0.6286,0.7364,0.57,0.8,0.4,15
imagenet,Gprop1,Gparking_meter,400,dino,dino,0.3054,0.9576,0.3054,0.4631,0.57,0.8,0.4,15
imagenet,Gprop1,Gtruck,150,dino,dino,0.5922,0.8356,0.5922,0.6932,0.57,0.8,0.4,15
imagenet,Gprop1,Gcat,50,dino,dino,0.6667,0.3333,0.6667,0.4444,0.57,0.8,0.4,15
imagenet,Gprop1,Gbowl,250,dino,dino,0.375,0.8966,0.375,0.5288,0.57,0.8,0.4,15
imagenet,Gprop1,Gchair,50,dino,dino,0.5789,0.6875,0.5789,0.6286,0.57,0.8,0.4,15
imagenet,Gprop1,Ghot_dog,250,dino,dino,0.4009,0.9394,0.4009,0.5619,0.57,0.8,0.4,15
imagenet,Gprop1,Gsheep,225,dino,dino,0.5708,0.9843,0.5708,0.7225,0.57,0.8,0.4,15
imagenet,Gprop1,Gpizza,425,dino,dino,0.7361,0.9967,0.7361,0.8468,0.57,0.8,0.4,15
imagenet,Gprop1,Gcow,75,dino,dino,0.5,0.6129,0.5,0.5507,0.57,0.8,0.4,15
imagenet,Gprop1,Gtruck,275,dino,dino,0.573,0.9937,0.573,0.7269,0.57,0.8,0.4,15
imagenet,Gprop1,Gtrain,225,dino,dino,0.561,0.9664,0.561,0.7099,0.57,0.8,0.4,15
imagenet,Gprop1,Gbus,325,dino,dino,0.8,0.9882,0.8,0.8842,0.57,0.8,0.4,15
imagenet,Gprop1,Gcell_phone,375,dino,dino,0.387,0.9716,0.387,0.5535,0.57,0.8,0.4,15
imagenet,Gprop1,Gcow,300,dino,dino,0.5627,0.9881,0.5627,0.7171,0.57,0.8,0.4,15
imagenet,Gprop1,Gcow,250,dino,dino,0.5083,0.9683,0.5083,0.6667,0.57,0.8,0.4,15
imagenet,Gprop1,Gbird,375,dino,dino,0.7429,0.9705,0.7429,0.8416,0.57,0.8,0.4,15
imagenet,Gprop1,Gparking_meter,300,dino,dino,0.2606,0.961,0.2606,0.41,0.57,0.8,0.4,15
imagenet,Gprop1,Gbear,75,dino,dino,0.7879,0.5652,0.7879,0.6582,0.57,0.8,0.4,15
imagenet,Gprop1,Gbackpack,425,dino,dino,0.6785,0.9965,0.6785,0.8073,0.57,0.8,0.4,15
imagenet,Gprop1,Gtoilet,150,dino,dino,0.5115,0.971,0.5115,0.67,0.57,0.8,0.4,15
imagenet,Gprop1,Gboat,475,dino,dino,0.4158,0.9548,0.4158,0.5793,0.57,0.8,0.4,15
imagenet,Gprop1,Gcar,450,dino,dino,0.5346,0.9872,0.5346,0.6936,0.57,0.8,0.4,15
imagenet,Gprop1,Gbook,100,dino,dino,0.6842,0.7647,0.6842,0.7222,0.57,0.8,0.4,15
imagenet,Gprop1,Gclock,425,dino,dino,0.4738,0.95,0.4738,0.6323,0.57,0.8,0.4,15
imagenet,Gprop1,Gelephant,175,dino,dino,0.5496,0.809,0.5496,0.6545,0.57,0.8,0.4,15
imagenet,Gprop1,Gbanana,500,dino,dino,0.4163,0.9761,0.4163,0.5837,0.57,0.8,0.4,15
imagenet,Gprop1,Gbook,325,dino,dino,0.6519,0.9952,0.6519,0.7878,0.57,0.8,0.4,15
imagenet,Gprop1,Gbed,500,dino,dino,0.2103,0.9714,0.2103,0.3458,0.57,0.8,0.4,15
imagenet,Gprop1,Gtrain,125,dino,dino,0.6897,0.8333,0.6897,0.7547,0.57,0.8,0.4,15
imagenet,Gprop1,Gvase,350,dino,dino,0.5581,0.9846,0.5581,0.7124,0.57,0.8,0.4,15
imagenet,Gprop1,Gcat,200,dino,dino,0.6828,0.7984,0.6828,0.7361,0.57,0.8,0.4,15
imagenet,Gprop1,Gelephant,350,dino,dino,0.6006,0.9069,0.6006,0.7227,0.57,0.8,0.4,15
imagenet,Gprop1,Gdining_table,200,dino,dino,0.2866,0.8545,0.2866,0.4292,0.57,0.8,0.4,15
imagenet,Gprop1,Gboat,25,dino,dino,0.25,0.1429,0.25,0.1818,0.57,0.8,0.4,15
imagenet,Gprop1,Gtrain,325,dino,dino,0.6348,0.895,0.6348,0.7427,0.57,0.8,0.4,15
imagenet,Gprop1,Gtoaster,125,dino,dino,0.6667,0.8219,0.6667,0.7362,0.57,0.8,0.4,15
imagenet,Gprop1,Gbicycle,475,dino,dino,0.4926,0.9915,0.4926,0.6582,0.57,0.8,0.4,15
imagenet,Gprop1,Gkeyboard,475,dino,dino,0.5443,0.9921,0.5443,0.7029,0.57,0.8,0.4,15
imagenet,Gprop1,Gkite,375,dino,dino,0.8571,0.9969,0.8571,0.9217,0.57,0.8,0.4,15
imagenet,Gprop1,Gtraffic_light,125,dino,dino,0.2529,0.7586,0.2529,0.3793,0.57,0.8,0.4,15
imagenet,Gprop1,Gbed,450,dino,dino,0.2242,0.9901,0.2242,0.3656,0.57,0.8,0.4,15
imagenet,Gprop1,Gbus,400,dino,dino,0.8363,0.9879,0.8363,0.9058,0.57,0.8,0.4,15
imagenet,Gprop1,Gbench,175,dino,dino,0.7034,0.8925,0.7034,0.7867,0.57,0.8,0.4,15
imagenet,Gprop1,Gmouse,150,dino,dino,0.4878,0.8571,0.4878,0.6218,0.57,0.8,0.4,15
imagenet,Gprop1,Gumbrella,75,dino,dino,0.5789,0.6471,0.5789,0.6111,0.57,0.8,0.4,15
imagenet,Gprop1,Gboat,225,dino,dino,0.352,0.92,0.352,0.5092,0.57,0.8,0.4,15
imagenet,Gprop1,Gbed,500,dino,dino,0.2378,0.9832,0.2378,0.383,0.57,0.8,0.4,15
imagenet,Gprop1,Gtv,25,dino,dino,1.0,0.4286,1.0,0.6,0.57,0.8,0.4,15
imagenet,Fprop1,Fremote,100,dino,dino,0.7368,0.3333,0.7368,0.459,0.57,0.8,0.4,15
imagenet,Fprop1,Fbanana,50,dino,dino,0.4444,0.1333,0.4444,0.2051,0.57,0.8,0.4,15
imagenet,Fprop1,Fbackpack,350,dino,dino,0.7463,0.4587,0.7463,0.5682,0.57,0.8,0.4,15
imagenet,Fprop1,Fpizza,125,dino,dino,0.7391,0.3864,0.7391,0.5075,0.57,0.8,0.4,15
imagenet,Fprop1,Flaptop,350,dino,dino,0.7344,0.3534,0.7344,0.4772,0.57,0.8,0.4,15
imagenet,Fprop1,Fstop_sign,200,dino,dino,0.0,0.0,0.0,0.0,0.57,0.8,0.4,15
imagenet,Fprop1,Fbird,325,dino,dino,0.7797,0.3485,0.7797,0.4817,0.57,0.8,0.4,15
imagenet,Fprop1,Ftie,400,dino,dino,0.4054,0.1935,0.4054,0.262,0.57,0.8,0.4,15
imagenet,Fprop1,Fboat,350,dino,dino,0.3971,0.2411,0.3971,0.3,0.57,0.8,0.4,15
imagenet,Fprop1,Fpizza,450,dino,dino,0.6098,0.3205,0.6098,0.4202,0.57,0.8,0.4,15
imagenet,Fprop1,Fsports_ball,275,dino,dino,0.2549,0.1912,0.2549,0.2185,0.57,0.8,0.4,15
imagenet,Fprop1,Fclock,300,dino,dino,0.5111,0.1983,0.5111,0.2857,0.57,0.8,0.4,15
imagenet,Fprop1,Fairplane,175,dino,dino,0.6562,0.2471,0.6562,0.359,0.57,0.8,0.4,15
imagenet,Fprop1,Ftraffic_light,325,dino,dino,0.2881,0.3036,0.2881,0.2957,0.57,0.8,0.4,15
imagenet,Fprop1,Frefrigerator,175,dino,dino,0.7857,0.3014,0.7857,0.4356,0.57,0.8,0.4,15
imagenet,Fprop1,Fbed,425,dino,dino,0.2632,0.1342,0.2632,0.1778,0.57,0.8,0.4,15
imagenet,Fprop1,Fdog,475,dino,dino,0.5287,0.257,0.5287,0.3459,0.57,0.8,0.4,15
imagenet,Fprop1,Fremote,225,dino,dino,0.725,0.2816,0.725,0.4056,0.57,0.8,0.4,15
imagenet,Fprop1,Fbackpack,75,dino,dino,0.5333,0.4706,0.5333,0.5,0.57,0.8,0.4,15
imagenet,Fprop1,Fcell_phone,450,dino,dino,0.358,0.2437,0.358,0.29,0.57,0.8,0.4,15
imagenet,Fprop1,Flaptop,425,dino,dino,0.5789,0.2973,0.5789,0.3929,0.57,0.8,0.4,15
imagenet,Fprop1,Fstop_sign,100,dino,dino,0.0,0.0,0.0,0.0,0.57,0.8,0.4,15
imagenet,Fprop1,Fsheep,200,dino,dino,0.6,0.25,0.6,0.3529,0.57,0.8,0.4,15
imagenet,Fprop1,Ftv,425,dino,dino,0.5789,0.4944,0.5789,0.5333,0.57,0.8,0.4,15
imagenet,Fprop1,Forange,275,dino,dino,0.3958,0.2065,0.3958,0.2714,0.57,0.8,0.4,15
imagenet,Fprop1,Fbowl,100,dino,dino,0.4444,0.3636,0.4444,0.4,0.57,0.8,0.4,15
imagenet,Fprop1,Fdining_table,125,dino,dino,0.3043,0.35,0.3043,0.3256,0.57,0.8,0.4,15
imagenet,Fprop1,Fcar,250,dino,dino,0.6667,0.3371,0.6667,0.4478,0.57,0.8,0.4,15
imagenet,Fprop1,Fbanana,25,dino,dino,0.4,0.1333,0.4,0.2,0.57,0.8,0.4,15
imagenet,Fprop1,Fapple,450,dino,dino,0.3976,0.1919,0.3976,0.2588,0.57,0.8,0.4,15
imagenet,Fprop1,Fcell_phone,250,dino,dino,0.2045,0.1698,0.2045,0.1856,0.57,0.8,0.4,15
imagenet,Fprop1,Fdining_table,275,dino,dino,0.2766,0.2955,0.2766,0.2857,0.57,0.8,0.4,15
imagenet,Fprop1,Ftoaster,225,dino,dino,0.775,0.2793,0.775,0.4106,0.57,0.8,0.4,15
imagenet,Fprop1,Fcar,500,dino,dino,0.5269,0.2988,0.5269,0.3813,0.57,0.8,0.4,15
imagenet,Fprop1,Fcar,300,dino,dino,0.4906,0.2364,0.4906,0.319,0.57,0.8,0.4,15
imagenet,Fprop1,Fapple,250,dino,dino,0.3571,0.1613,0.3571,0.2222,0.57,0.8,0.4,15
imagenet,Fprop1,Fbroccoli,25,dino,dino,0.2,0.125,0.2,0.1538,0.57,0.8,0.4,15
imagenet,Fprop1,Fbroccoli,25,dino,dino,0.25,0.0769,0.25,0.1176,0.57,0.8,0.4,15
imagenet,Fprop1,Fhot_dog,125,dino,dino,0.3182,0.14,0.3182,0.1944,0.57,0.8,0.4,15
imagenet,Fprop1,Fzebra,150,dino,dino,0.4815,0.3611,0.4815,0.4127,0.57,0.8,0.4,15
imagenet,Fprop1,Fbottle,400,dino,dino,0.4933,0.296,0.4933,0.37,0.57,0.8,0.4,15
imagenet,Fprop1,Flaptop,375,dino,dino,0.6812,0.3534,0.6812,0.4653,0.57,0.8,0.4,15
imagenet,Fprop1,Fbus,75,dino,dino,0.8462,0.2619,0.8462,0.4,0.57,0.8,0.4,15
imagenet,Fprop1,Ftoilet,475,dino,dino,0.5747,0.2551,0.5747,0.3534,0.57,0.8,0.4,15
imagenet,Fprop1,Flaptop,325,dino,dino,0.661,0.3145,0.661,0.4262,0.57,0.8,0.4,15
imagenet,Fprop1,Fcar,500,dino,dino,0.4615,0.25,0.4615,0.3243,0.57,0.8,0.4,15
imagenet,Fprop1,Fmouse,375,dino,dino,0.4545,0.1765,0.4545,0.2542,0.57,0.8,0.4,15
imagenet,Fprop1,Fumbrella,400,dino,dino,0.4648,0.2102,0.4648,0.2895,0.57,0.8,0.4,15
imagenet,Fprop1,Fbroccoli,150,dino,dino,0.5556,0.2,0.5556,0.2941,0.57,0.8,0.4,15
imagenet,Fprop1,Ftoaster,150,dino,dino,0.8148,0.3188,0.8148,0.4583,0.57,0.8,0.4,15
imagenet,Fprop1,Fbanana,75,dino,dino,0.4286,0.1333,0.4286,0.2034,0.57,0.8,0.4,15
imagenet,Fprop1,Fapple,200,dino,dino,0.5278,0.2533,0.5278,0.3423,0.57,0.8,0.4,15
imagenet,Fprop1,Fbench,175,dino,dino,0.75,0.5,0.75,0.6,0.57,0.8,0.4,15
imagenet,Fprop1,Fbook,375,dino,dino,0.7015,0.4087,0.7015,0.5165,0.57,0.8,0.4,15
imagenet,Fprop1,Fmouse,50,dino,dino,0.5,0.1481,0.5,0.2286,0.57,0.8,0.4,15
imagenet,Fprop1,Fvase,50,dino,dino,0.625,0.3571,0.625,0.4545,0.57,0.8,0.4,15
imagenet,Fprop1,Fbicycle,300,dino,dino,0.434,0.1901,0.434,0.2644,0.57,0.8,0.4,15
imagenet,Fprop1,Fcup,500,dino,dino,0.5604,0.3617,0.5604,0.4397,0.57,0.8,0.4,15
imagenet,Fprop1,Fdining_table,225,dino,dino,0.275,0.2391,0.275,0.2558,0.57,0.8,0.4,15
imagenet,Fprop1,Fstop_sign,475,dino,dino,0.0227,0.0588,0.0227,0.0328,0.57,0.8,0.4,15
