coco,prop1Uprop2,snowboardUapple,500,mrcnn,mrcnn,0.9,0.9,0.8617,0.8804,0.1,0.5,0.25,50
coco,prop1Uprop2,clockUgiraffe,400,mrcnn,mrcnn,0.7857,0.7857,0.9296,0.8516,0.1,0.5,0.25,50
coco,prop1Uprop2,tieUbanana,300,mrcnn,mrcnn,0.9697,0.9697,0.5517,0.7033,0.1,0.5,0.25,50
coco,prop1Uprop2,sandwichUkeyboard,300,mrcnn,mrcnn,0.875,0.875,0.3559,0.506,0.1,0.5,0.25,50
coco,prop1Uprop2,donutUperson,75,mrcnn,mrcnn,0.64,0.64,0.9412,0.7619,0.1,0.5,0.25,50
coco,prop1Uprop2,bananaUbed,125,mrcnn,mrcnn,0.9048,0.9048,0.6786,0.7755,0.1,0.5,0.25,50
coco,prop1Uprop2,appleUbowl,500,mrcnn,mrcnn,0.7551,0.7551,0.8222,0.7872,0.1,0.5,0.25,50
coco,prop1Uprop2,bananaUbowl,400,mrcnn,mrcnn,0.8421,0.8421,0.8421,0.8421,0.1,0.5,0.25,50
coco,prop1Uprop2,refrigeratorUkite,425,mrcnn,mrcnn,0.8481,0.8481,0.8072,0.8272,0.1,0.5,0.25,50
coco,prop1Uprop2,dogUtv,25,mrcnn,mrcnn,0.8571,0.8571,1.0,0.9231,0.1,0.5,0.25,50
coco,prop1Uprop2,snowboardUcup,300,mrcnn,mrcnn,0.7297,0.7297,0.8852,0.8,0.1,0.5,0.25,50
coco,prop1Uprop2,snowboardUtoothbrush,25,mrcnn,mrcnn,0.8,0.8,1.0,0.8889,0.1,0.5,0.25,50
coco,prop1Uprop2,benchUtoilet,475,mrcnn,mrcnn,0.7059,0.7059,0.8182,0.7579,0.1,0.5,0.25,50
coco,prop1Uprop2,truckUdonut,500,mrcnn,mrcnn,0.7549,0.7549,0.837,0.7938,0.1,0.5,0.25,50
coco,prop1Uprop2,forkUsink,275,mrcnn,mrcnn,0.9,0.9,0.9184,0.9091,0.1,0.5,0.25,50
coco,prop1Uprop2,backpackUbird,250,mrcnn,mrcnn,0.5541,0.5541,0.8542,0.6721,0.1,0.5,0.25,50
coco,prop1Uprop2,kiteUtie,450,mrcnn,mrcnn,0.8333,0.8333,0.9444,0.8854,0.1,0.5,0.25,50
coco,prop1Uprop2,tieUbook,325,mrcnn,mrcnn,0.7595,0.7595,0.9231,0.8333,0.1,0.5,0.25,50
coco,prop1Uprop2,motorcycleUsheep,150,mrcnn,mrcnn,0.8286,0.8286,0.9667,0.8923,0.1,0.5,0.25,50
coco,prop1Uprop2,bowlUtoilet,200,mrcnn,mrcnn,0.75,0.75,0.8919,0.8148,0.1,0.5,0.25,50
coco,prop1Uprop2,knifeUdonut,225,mrcnn,mrcnn,0.9118,0.9118,0.7381,0.8158,0.1,0.5,0.25,50
coco,prop1Uprop2,cowUdonut,175,mrcnn,mrcnn,0.7674,0.7674,0.9167,0.8354,0.1,0.5,0.25,50
coco,prop1Uprop2,sinkUbird,350,mrcnn,mrcnn,0.7356,0.7356,0.9552,0.8312,0.1,0.5,0.25,50
coco,prop1Uprop2,sandwichUsheep,450,mrcnn,mrcnn,0.7419,0.7419,0.2706,0.3966,0.1,0.5,0.25,50
coco,prop1Uprop2,toasterUtruck,100,mrcnn,mrcnn,0.7857,0.7857,0.9565,0.8627,0.1,0.5,0.25,50
coco,prop1Uprop2,boatUapple,125,mrcnn,mrcnn,0.9524,0.9524,0.7692,0.8511,0.1,0.5,0.25,50
coco,prop1Uprop2,motorcycleUtrain,125,mrcnn,mrcnn,0.8667,0.8667,1.0,0.9286,0.1,0.5,0.25,50
coco,prop1Uprop2,toothbrushUvase,225,mrcnn,mrcnn,0.8478,0.8478,0.8667,0.8571,0.1,0.5,0.25,50
coco,prop1Uprop2,benchUpizza,150,mrcnn,mrcnn,0.7097,0.7097,0.7333,0.7213,0.1,0.5,0.25,50
coco,prop1Uprop2,toiletUbed,350,mrcnn,mrcnn,0.8429,0.8429,0.8806,0.8613,0.1,0.5,0.25,50
coco,prop1Uprop2,pizzaUbicycle,175,mrcnn,mrcnn,0.75,0.75,0.7059,0.7273,0.1,0.5,0.25,50
coco,prop1Uprop2,motorcycleUdog,100,mrcnn,mrcnn,0.9048,0.9048,0.9048,0.9048,0.1,0.5,0.25,50
coco,prop1Uprop2,dogUbanana,275,mrcnn,mrcnn,0.7541,0.7541,0.8846,0.8142,0.1,0.5,0.25,50
coco,prop1Uprop2,toiletUrefrigerator,275,mrcnn,mrcnn,0.9423,0.9423,0.9608,0.9515,0.1,0.5,0.25,50
coco,prop1Uprop2,mouseUbed,75,mrcnn,mrcnn,0.8571,0.8571,0.8571,0.8571,0.1,0.5,0.25,50
coco,prop1Uprop2,zebraUcow,325,mrcnn,mrcnn,0.8667,0.8667,1.0,0.9286,0.1,0.5,0.25,50
coco,prop1Uprop2,birdUscissors,25,mrcnn,mrcnn,1.0,1.0,0.25,0.4,0.1,0.5,0.25,50
coco,prop1Uprop2,clockUgiraffe,175,mrcnn,mrcnn,0.8421,0.8421,0.9412,0.8889,0.1,0.5,0.25,50
coco,prop1Uprop2,chairUtoilet,250,mrcnn,mrcnn,0.6216,0.6216,0.9787,0.7603,0.1,0.5,0.25,50
coco,prop1Uprop2,bowlUsurfboard,375,mrcnn,mrcnn,0.7143,0.7143,0.8904,0.7927,0.1,0.5,0.25,50
coco,prop1Uprop2,donutUperson,150,mrcnn,mrcnn,0.6,0.6,0.9,0.72,0.1,0.5,0.25,50
coco,prop1Uprop2,remoteUoven,350,mrcnn,mrcnn,0.8095,0.8095,0.9444,0.8718,0.1,0.5,0.25,50
coco,prop1Uprop2,bearUtrain,225,mrcnn,mrcnn,0.8727,0.8727,0.9796,0.9231,0.1,0.5,0.25,50
coco,prop1Uprop2,personUboat,450,mrcnn,mrcnn,0.5031,0.5031,1.0,0.6694,0.1,0.5,0.25,50
coco,prop1Uprop2,toasterUhandbag,400,mrcnn,mrcnn,0.7115,0.7115,1.0,0.8315,0.1,0.5,0.25,50
coco,prop1Uprop2,chairUmotorcycle,100,mrcnn,mrcnn,0.5625,0.5625,0.9474,0.7059,0.1,0.5,0.25,50
coco,prop1Uprop2,truckUmicrowave,50,mrcnn,mrcnn,0.0,0.0,0.0,0.0,0.1,0.5,0.25,50
coco,prop1Uprop2,elephantUchair,50,mrcnn,mrcnn,0.5882,0.5882,0.9091,0.7143,0.1,0.5,0.25,50
coco,prop1Uprop2,truckUsandwich,425,mrcnn,mrcnn,0.7442,0.7442,0.4103,0.5289,0.1,0.5,0.25,50
coco,prop1Uprop2,mouseUcow,375,mrcnn,mrcnn,0.8889,0.8889,0.9552,0.9209,0.1,0.5,0.25,50
coco,prop1Uprop2,giraffeUcar,200,mrcnn,mrcnn,0.7547,0.7547,1.0,0.8602,0.1,0.5,0.25,50
coco,prop1Uprop2,benchUknife,475,mrcnn,mrcnn,0.6818,0.6818,0.8427,0.7538,0.1,0.5,0.25,50
coco,prop1Uprop2,tvUhorse,75,mrcnn,mrcnn,0.8125,0.8125,0.8667,0.8387,0.1,0.5,0.25,50
coco,prop1Uprop2,mouseUbook,325,mrcnn,mrcnn,0.8611,0.8611,1.0,0.9254,0.1,0.5,0.25,50
coco,prop1Uprop2,donutUmicrowave,425,mrcnn,mrcnn,0.8519,0.8519,0.5897,0.697,0.1,0.5,0.25,50
coco,prop1Uprop2,tvUtoilet,200,mrcnn,mrcnn,0.8125,0.8125,0.975,0.8864,0.1,0.5,0.25,50
coco,prop1Uprop2,forkUclock,250,mrcnn,mrcnn,0.8511,0.8511,0.8,0.8247,0.1,0.5,0.25,50
coco,prop1Uprop2,pizzaUzebra,475,mrcnn,mrcnn,0.9649,0.9649,0.6322,0.7639,0.1,0.5,0.25,50
coco,prop1Uprop2,couchUsurfboard,375,mrcnn,mrcnn,0.7889,0.7889,0.9467,0.8606,0.1,0.5,0.25,50
coco,prop1Uprop2,motorcycleUkeyboard,50,mrcnn,mrcnn,1.0,1.0,1.0,1.0,0.1,0.5,0.25,50
coco,Gprop1,Gbanana,400,mrcnn,mrcnn,1.0,1.0,0.6384,0.7793,0.1,0.5,0.25,50
coco,Gprop1,Gbench,75,mrcnn,mrcnn,1.0,1.0,0.725,0.8406,0.1,0.5,0.25,50
coco,Gprop1,Gchair,275,mrcnn,mrcnn,0.966,0.966,0.9171,0.9409,0.1,0.5,0.25,50
coco,Gprop1,Gchair,450,mrcnn,mrcnn,0.9975,0.9975,0.9186,0.9564,0.1,0.5,0.25,50
coco,Gprop1,Gmouse,300,mrcnn,mrcnn,0.9964,0.9964,0.9788,0.9875,0.1,0.5,0.25,50
coco,Gprop1,Gfrisbee,225,mrcnn,mrcnn,0.9875,0.9875,0.9133,0.9489,0.1,0.5,0.25,50
coco,Gprop1,Gbanana,200,mrcnn,mrcnn,1.0,1.0,0.6554,0.7918,0.1,0.5,0.25,50
coco,Gprop1,Gdog,50,mrcnn,mrcnn,0.913,0.913,1.0,0.9545,0.1,0.5,0.25,50
coco,Gprop1,Gkeyboard,175,mrcnn,mrcnn,1.0,1.0,0.9301,0.9638,0.1,0.5,0.25,50
coco,Gprop1,Gfrisbee,200,mrcnn,mrcnn,1.0,1.0,0.896,0.9451,0.1,0.5,0.25,50
coco,Gprop1,Gairplane,150,mrcnn,mrcnn,1.0,1.0,1.0,1.0,0.1,0.5,0.25,50
coco,Gprop1,Gcar,425,mrcnn,mrcnn,0.9946,0.9946,0.925,0.9585,0.1,0.5,0.25,50
coco,Gprop1,Gbackpack,300,mrcnn,mrcnn,0.9919,0.9919,0.8305,0.9041,0.1,0.5,0.25,50
coco,Gprop1,Gsurfboard,200,mrcnn,mrcnn,0.988,0.988,0.9706,0.9792,0.1,0.5,0.25,50
coco,Gprop1,Gzebra,175,mrcnn,mrcnn,1.0,1.0,1.0,1.0,0.1,0.5,0.25,50
coco,Gprop1,Gfork,400,mrcnn,mrcnn,1.0,1.0,0.827,0.9053,0.1,0.5,0.25,50
coco,Gprop1,Gboat,25,mrcnn,mrcnn,0.8,0.8,1.0,0.8889,0.1,0.5,0.25,50
coco,Gprop1,Gclock,225,mrcnn,mrcnn,0.9889,0.9889,0.9319,0.9596,0.1,0.5,0.25,50
coco,Gprop1,Gclock,75,mrcnn,mrcnn,0.9118,0.9118,0.9394,0.9254,0.1,0.5,0.25,50
coco,Gprop1,Gorange,350,mrcnn,mrcnn,1.0,1.0,0.1503,0.2613,0.1,0.5,0.25,50
coco,Gprop1,Gorange,125,mrcnn,mrcnn,1.0,1.0,0.1633,0.2807,0.1,0.5,0.25,50
coco,Gprop1,Gkite,475,mrcnn,mrcnn,1.0,1.0,0.9435,0.9709,0.1,0.5,0.25,50
coco,Gprop1,Glaptop,475,mrcnn,mrcnn,1.0,1.0,0.9309,0.9642,0.1,0.5,0.25,50
coco,Gprop1,Gtoilet,150,mrcnn,mrcnn,1.0,1.0,0.9109,0.9534,0.1,0.5,0.25,50
coco,Gprop1,Ghorse,500,mrcnn,mrcnn,1.0,1.0,0.9416,0.9699,0.1,0.5,0.25,50
coco,Gprop1,Gcat,100,mrcnn,mrcnn,0.9848,0.9848,0.9559,0.9701,0.1,0.5,0.25,50
coco,Gprop1,Gpizza,75,mrcnn,mrcnn,1.0,1.0,0.5625,0.72,0.1,0.5,0.25,50
coco,Gprop1,Gskateboard,375,mrcnn,mrcnn,1.0,1.0,0.9698,0.9847,0.1,0.5,0.25,50
coco,Gprop1,Gperson,225,mrcnn,mrcnn,0.9905,0.9905,0.9858,0.9881,0.1,0.5,0.25,50
coco,Gprop1,Gbottle,325,mrcnn,mrcnn,0.9888,0.9888,0.9268,0.9568,0.1,0.5,0.25,50
coco,Gprop1,Gsurfboard,375,mrcnn,mrcnn,1.0,1.0,0.9648,0.9821,0.1,0.5,0.25,50
coco,Gprop1,Ghorse,125,mrcnn,mrcnn,1.0,1.0,0.9176,0.9571,0.1,0.5,0.25,50
coco,Gprop1,Gtoaster,500,mrcnn,mrcnn,1.0,1.0,1.0,1.0,0.1,0.5,0.25,50
coco,Gprop1,Gcarrot,500,mrcnn,mrcnn,1.0,1.0,0.2399,0.387,0.1,0.5,0.25,50
coco,Gprop1,Gtoothbrush,300,mrcnn,mrcnn,1.0,1.0,0.5979,0.7484,0.1,0.5,0.25,50
coco,Gprop1,Gcup,25,mrcnn,mrcnn,0.75,0.75,0.75,0.75,0.1,0.5,0.25,50
coco,Gprop1,Glaptop,450,mrcnn,mrcnn,1.0,1.0,0.8842,0.9385,0.1,0.5,0.25,50
coco,Gprop1,Gbird,100,mrcnn,mrcnn,1.0,1.0,0.875,0.9333,0.1,0.5,0.25,50
coco,Gprop1,Gtruck,375,mrcnn,mrcnn,0.9969,0.9969,0.9224,0.9582,0.1,0.5,0.25,50
coco,Gprop1,Gchair,325,mrcnn,mrcnn,0.9898,0.9898,0.951,0.97,0.1,0.5,0.25,50
coco,Gprop1,Gsnowboard,275,mrcnn,mrcnn,1.0,1.0,0.8736,0.9325,0.1,0.5,0.25,50
coco,Gprop1,Glaptop,450,mrcnn,mrcnn,1.0,1.0,0.8929,0.9434,0.1,0.5,0.25,50
coco,Gprop1,Gtruck,50,mrcnn,mrcnn,0.8125,0.8125,0.8125,0.8125,0.1,0.5,0.25,50
coco,Gprop1,Gbear,350,mrcnn,mrcnn,1.0,1.0,0.9367,0.9673,0.1,0.5,0.25,50
coco,Gprop1,Gbed,150,mrcnn,mrcnn,0.9896,0.9896,0.9406,0.9645,0.1,0.5,0.25,50
coco,Gprop1,Gfrisbee,350,mrcnn,mrcnn,1.0,1.0,0.891,0.9424,0.1,0.5,0.25,50
coco,Gprop1,Gbird,50,mrcnn,mrcnn,0.9474,0.9474,0.8571,0.9,0.1,0.5,0.25,50
coco,Gprop1,Gbed,275,mrcnn,mrcnn,1.0,1.0,0.9055,0.9504,0.1,0.5,0.25,50
coco,Gprop1,Gperson,175,mrcnn,mrcnn,0.9291,0.9291,0.985,0.9562,0.1,0.5,0.25,50
coco,Gprop1,Gsandwich,125,mrcnn,mrcnn,1.0,1.0,0.2152,0.3542,0.1,0.5,0.25,50
coco,Gprop1,Gremote,475,mrcnn,mrcnn,1.0,1.0,0.872,0.9316,0.1,0.5,0.25,50
coco,Gprop1,Gbook,400,mrcnn,mrcnn,1.0,1.0,0.8031,0.8908,0.1,0.5,0.25,50
coco,Gprop1,Gbird,100,mrcnn,mrcnn,0.9268,0.9268,0.8085,0.8636,0.1,0.5,0.25,50
coco,Gprop1,Gsandwich,250,mrcnn,mrcnn,1.0,1.0,0.1948,0.3261,0.1,0.5,0.25,50
coco,Gprop1,Ghandbag,425,mrcnn,mrcnn,0.9973,0.9973,0.8966,0.9443,0.1,0.5,0.25,50
coco,Gprop1,Gspoon,425,mrcnn,mrcnn,1.0,1.0,0.8534,0.9209,0.1,0.5,0.25,50
coco,Gprop1,Gbench,250,mrcnn,mrcnn,0.9898,0.9898,0.8472,0.9129,0.1,0.5,0.25,50
coco,Gprop1,Gtie,25,mrcnn,mrcnn,1.0,1.0,1.0,1.0,0.1,0.5,0.25,50
coco,Gprop1,Gknife,325,mrcnn,mrcnn,1.0,1.0,0.5818,0.7356,0.1,0.5,0.25,50
coco,Gprop1,Ggiraffe,250,mrcnn,mrcnn,1.0,1.0,0.9825,0.9912,0.1,0.5,0.25,50
coco,Fprop1,Fboat,100,mrcnn,mrcnn,0.75,0.75,0.9474,0.8372,0.1,0.5,0.25,50
coco,Fprop1,Fbench,425,mrcnn,mrcnn,0.7065,0.7065,0.8228,0.7602,0.1,0.5,0.25,50
coco,Fprop1,Fknife,175,mrcnn,mrcnn,0.95,0.95,0.5938,0.7308,0.1,0.5,0.25,50
coco,Fprop1,Fbottle,400,mrcnn,mrcnn,0.7527,0.7527,0.9333,0.8333,0.1,0.5,0.25,50
coco,Fprop1,Fhorse,50,mrcnn,mrcnn,0.7778,0.7778,0.875,0.8235,0.1,0.5,0.25,50
coco,Fprop1,Fclock,400,mrcnn,mrcnn,0.8571,0.8571,0.9167,0.8859,0.1,0.5,0.25,50
coco,Fprop1,Fdonut,175,mrcnn,mrcnn,0.88,0.88,0.6875,0.7719,0.1,0.5,0.25,50
coco,Fprop1,Fclock,450,mrcnn,mrcnn,0.8617,0.8617,0.9529,0.905,0.1,0.5,0.25,50
coco,Fprop1,Fapple,500,mrcnn,mrcnn,0.9636,0.9636,0.5824,0.726,0.1,0.5,0.25,50
coco,Fprop1,Fbottle,475,mrcnn,mrcnn,0.7523,0.7523,0.9213,0.8283,0.1,0.5,0.25,50
coco,Fprop1,Fapple,100,mrcnn,mrcnn,1.0,1.0,0.6111,0.7586,0.1,0.5,0.25,50
coco,Fprop1,Flaptop,325,mrcnn,mrcnn,0.9286,0.9286,0.9286,0.9286,0.1,0.5,0.25,50
coco,Fprop1,Ftrain,450,mrcnn,mrcnn,0.8864,0.8864,0.975,0.9286,0.1,0.5,0.25,50
coco,Fprop1,Fhandbag,450,mrcnn,mrcnn,0.6481,0.6481,0.8537,0.7368,0.1,0.5,0.25,50
coco,Fprop1,Fsink,75,mrcnn,mrcnn,0.8667,0.8667,0.9286,0.8966,0.1,0.5,0.25,50
coco,Fprop1,Fbear,100,mrcnn,mrcnn,1.0,1.0,1.0,1.0,0.1,0.5,0.25,50
coco,Fprop1,Fsink,275,mrcnn,mrcnn,0.8333,0.8333,0.9574,0.8911,0.1,0.5,0.25,50
coco,Fprop1,Ftrain,25,mrcnn,mrcnn,1.0,1.0,1.0,1.0,0.1,0.5,0.25,50
coco,Fprop1,Fsink,375,mrcnn,mrcnn,0.9403,0.9403,0.9692,0.9545,0.1,0.5,0.25,50
coco,Fprop1,Fdog,125,mrcnn,mrcnn,0.8462,0.8462,1.0,0.9167,0.1,0.5,0.25,50
coco,Fprop1,Fbus,475,mrcnn,mrcnn,0.9043,0.9043,0.977,0.9392,0.1,0.5,0.25,50
coco,Fprop1,Fscissors,75,mrcnn,mrcnn,0.8462,0.8462,0.7333,0.7857,0.1,0.5,0.25,50
coco,Fprop1,Felephant,325,mrcnn,mrcnn,0.9508,0.9508,1.0,0.9748,0.1,0.5,0.25,50
coco,Fprop1,Frefrigerator,125,mrcnn,mrcnn,0.76,0.76,0.8261,0.7917,0.1,0.5,0.25,50
coco,Fprop1,Fmotorcycle,225,mrcnn,mrcnn,0.9091,0.9091,1.0,0.9524,0.1,0.5,0.25,50
coco,Fprop1,Fcake,250,mrcnn,mrcnn,0.8537,0.8537,0.7778,0.814,0.1,0.5,0.25,50
coco,Fprop1,Ftv,200,mrcnn,mrcnn,0.875,0.875,0.8974,0.8861,0.1,0.5,0.25,50
coco,Fprop1,Fumbrella,50,mrcnn,mrcnn,1.0,1.0,1.0,1.0,0.1,0.5,0.25,50
coco,Fprop1,Fapple,325,mrcnn,mrcnn,0.9487,0.9487,0.6066,0.74,0.1,0.5,0.25,50
coco,Fprop1,Fzebra,475,mrcnn,mrcnn,0.9767,0.9767,1.0,0.9882,0.1,0.5,0.25,50
coco,Fprop1,Fscissors,300,mrcnn,mrcnn,0.8936,0.8936,0.7778,0.8317,0.1,0.5,0.25,50
coco,Fprop1,Fsnowboard,175,mrcnn,mrcnn,0.9655,0.9655,0.8485,0.9032,0.1,0.5,0.25,50
coco,Fprop1,Fbackpack,200,mrcnn,mrcnn,0.6531,0.6531,0.8205,0.7273,0.1,0.5,0.25,50
coco,Fprop1,Fvase,375,mrcnn,mrcnn,0.8378,0.8378,0.9118,0.8732,0.1,0.5,0.25,50
coco,Fprop1,Fbus,300,mrcnn,mrcnn,0.931,0.931,0.9643,0.9474,0.1,0.5,0.25,50
coco,Fprop1,Fcar,150,mrcnn,mrcnn,0.7222,0.7222,0.963,0.8254,0.1,0.5,0.25,50
coco,Fprop1,Fbed,200,mrcnn,mrcnn,0.766,0.766,0.9474,0.8471,0.1,0.5,0.25,50
coco,Fprop1,Fbus,425,mrcnn,mrcnn,0.8571,0.8571,0.975,0.9123,0.1,0.5,0.25,50
coco,Fprop1,Ftoothbrush,400,mrcnn,mrcnn,0.902,0.902,0.6479,0.7541,0.1,0.5,0.25,50
coco,Fprop1,Fbus,250,mrcnn,mrcnn,0.8444,0.8444,0.8837,0.8636,0.1,0.5,0.25,50
coco,Fprop1,Fbackpack,150,mrcnn,mrcnn,0.8276,0.8276,0.8276,0.8276,0.1,0.5,0.25,50
coco,Fprop1,Ftruck,25,mrcnn,mrcnn,0.6667,0.6667,0.8,0.7273,0.1,0.5,0.25,50
coco,Fprop1,Ftoilet,350,mrcnn,mrcnn,0.9275,0.9275,1.0,0.9624,0.1,0.5,0.25,50
coco,Fprop1,Fsheep,500,mrcnn,mrcnn,0.8738,0.8738,0.9574,0.9137,0.1,0.5,0.25,50
coco,Fprop1,Felephant,500,mrcnn,mrcnn,0.9674,0.9674,1.0,0.9834,0.1,0.5,0.25,50
coco,Fprop1,Fboat,275,mrcnn,mrcnn,0.7344,0.7344,1.0,0.8468,0.1,0.5,0.25,50
coco,Fprop1,Fperson,50,mrcnn,mrcnn,0.4444,0.4444,0.8889,0.5926,0.1,0.5,0.25,50
coco,Fprop1,Ftrain,250,mrcnn,mrcnn,0.898,0.898,0.9778,0.9362,0.1,0.5,0.25,50
coco,Fprop1,Ftie,275,mrcnn,mrcnn,0.9434,0.9434,0.9259,0.9346,0.1,0.5,0.25,50
coco,Fprop1,Fbird,25,mrcnn,mrcnn,1.0,1.0,1.0,1.0,0.1,0.5,0.25,50
coco,Fprop1,Fbird,150,mrcnn,mrcnn,0.7742,0.7742,0.96,0.8571,0.1,0.5,0.25,50
coco,Fprop1,Fboat,300,mrcnn,mrcnn,0.7397,0.7397,0.9643,0.8372,0.1,0.5,0.25,50
coco,Fprop1,Fboat,75,mrcnn,mrcnn,0.8333,0.8333,0.6667,0.7407,0.1,0.5,0.25,50
coco,Fprop1,Fsnowboard,225,mrcnn,mrcnn,0.9444,0.9444,0.8095,0.8718,0.1,0.5,0.25,50
coco,Fprop1,Fcat,125,mrcnn,mrcnn,0.913,0.913,1.0,0.9545,0.1,0.5,0.25,50
coco,Fprop1,Fbus,225,mrcnn,mrcnn,0.9348,0.9348,1.0,0.9663,0.1,0.5,0.25,50
coco,Fprop1,Fgiraffe,375,mrcnn,mrcnn,0.9851,0.9851,0.9706,0.9778,0.1,0.5,0.25,50
coco,Fprop1,Frefrigerator,350,mrcnn,mrcnn,0.875,0.875,0.875,0.875,0.1,0.5,0.25,50
coco,Fprop1,Fperson,425,mrcnn,mrcnn,0.4898,0.4898,0.9863,0.6545,0.1,0.5,0.25,50
coco,Fprop1,Fpizza,350,mrcnn,mrcnn,1.0,1.0,0.5538,0.7129,0.1,0.5,0.25,50
coco,(prop1&prop2)Uprop3,(car&person)Usuitcase,500,mrcnn,mrcnn,0.8687,0.8687,0.9149,0.8912,0.1,0.5,0.25,50
coco,(prop1&prop2)Uprop3,(handbag&person)Ubottle,200,mrcnn,mrcnn,0.85,0.85,0.8293,0.8395,0.1,0.5,0.25,50
coco,(prop1&prop2)Uprop3,(cow&person)Uairplane,425,mrcnn,mrcnn,0.925,0.925,0.4458,0.6016,0.1,0.5,0.25,50
coco,(prop1&prop2)Uprop3,(frisbee&dog)Uoven,400,mrcnn,mrcnn,0.8169,0.8169,0.7436,0.7785,0.1,0.5,0.25,50
coco,(prop1&prop2)Uprop3,(bed&book)Uskateboard,100,mrcnn,mrcnn,0.95,0.95,0.8261,0.8837,0.1,0.5,0.25,50
coco,(prop1&prop2)Uprop3,(car&train)Uskis,100,mrcnn,mrcnn,0.8,0.8,0.7059,0.75,0.1,0.5,0.25,50
coco,(prop1&prop2)Uprop3,(refrigerator&bottle)Ucarrot,425,mrcnn,mrcnn,1.0,1.0,0.4872,0.6552,0.1,0.5,0.25,50
coco,(prop1&prop2)Uprop3,(person&cow)Utruck,275,mrcnn,mrcnn,0.878,0.878,0.72,0.7912,0.1,0.5,0.25,50
coco,(prop1&prop2)Uprop3,(bed&cat)Uchair,325,mrcnn,mrcnn,0.7121,0.7121,0.7705,0.7402,0.1,0.5,0.25,50
coco,(prop1&prop2)Uprop3,(person&car)Ucow,50,mrcnn,mrcnn,0.7778,0.7778,0.5833,0.6667,0.1,0.5,0.25,50
coco,(prop1&prop2)Uprop3,(person&surfboard)Uhorse,500,mrcnn,mrcnn,0.9247,0.9247,0.9053,0.9149,0.1,0.5,0.25,50
coco,(prop1&prop2)Uprop3,(airplane&car)Ucup,275,mrcnn,mrcnn,0.8269,0.8269,0.8431,0.835,0.1,0.5,0.25,50
coco,(prop1&prop2)Uprop3,(person&tv)Uskis,175,mrcnn,mrcnn,0.0,0.0,0.0,0.0,0.1,0.5,0.25,50
coco,(prop1&prop2)Uprop3,(tv&cake)Uboat,150,mrcnn,mrcnn,0.775,0.775,1.0,0.8732,0.1,0.5,0.25,50
coco,(prop1&prop2)Uprop3,(tie&person)Ubowl,375,mrcnn,mrcnn,0.7625,0.7625,0.8841,0.8188,0.1,0.5,0.25,50
coco,(prop1&prop2)Uprop3,(bench&person)Uclock,125,mrcnn,mrcnn,0.7931,0.7931,0.7931,0.7931,0.1,0.5,0.25,50
coco,(prop1&prop2)Uprop3,(bed&couch)Ubicycle,300,mrcnn,mrcnn,0.8361,0.8361,0.8947,0.8644,0.1,0.5,0.25,50
coco,(prop1&prop2)Uprop3,(person&skis)Uclock,75,mrcnn,mrcnn,0.8889,0.8889,0.9412,0.9143,0.1,0.5,0.25,50
coco,(prop1&prop2)Uprop3,(mouse&laptop)Uapple,300,mrcnn,mrcnn,1.0,1.0,0.9615,0.9804,0.1,0.5,0.25,50
coco,(prop1&prop2)Uprop3,(person&sheep)Ulaptop,125,mrcnn,mrcnn,0.8,0.8,0.5517,0.6531,0.1,0.5,0.25,50
coco,(prop1&prop2)Uprop3,(laptop&dog)Udonut,325,mrcnn,mrcnn,0.9231,0.9231,0.9836,0.9524,0.1,0.5,0.25,50
coco,(prop1&prop2)Uprop3,(umbrella&person)Uknife,350,mrcnn,mrcnn,0.9661,0.9661,0.9828,0.9744,0.1,0.5,0.25,50
coco,(prop1&prop2)Uprop3,(car&elephant)Ubanana,375,mrcnn,mrcnn,1.0,1.0,0.9589,0.979,0.1,0.5,0.25,50
coco,(prop1&prop2)Uprop3,(surfboard&person)Utoothbrush,400,mrcnn,mrcnn,0.8873,0.8873,0.84,0.863,0.1,0.5,0.25,50
coco,(prop1&prop2)Uprop3,(frisbee&person)Uhorse,325,mrcnn,mrcnn,0.85,0.85,0.85,0.85,0.1,0.5,0.25,50
coco,(prop1&prop2)Uprop3,(skateboard&person)Usandwich,300,mrcnn,mrcnn,0.0,0.0,0.0,0.0,0.1,0.5,0.25,50
coco,(prop1&prop2)Uprop3,(orange&person)Uhorse,350,mrcnn,mrcnn,0.5385,0.5385,0.1094,0.1818,0.1,0.5,0.25,50
coco,(prop1&prop2)Uprop3,(bed&dog)Ucat,225,mrcnn,mrcnn,0.9062,0.9062,0.6744,0.7733,0.1,0.5,0.25,50
coco,(prop1&prop2)Uprop3,(person&airplane)Ucarrot,225,mrcnn,mrcnn,0.9706,0.9706,0.7674,0.8571,0.1,0.5,0.25,50
coco,(prop1&prop2)Uprop3,(frisbee&bench)Uzebra,425,mrcnn,mrcnn,0.9851,0.9851,0.75,0.8516,0.1,0.5,0.25,50
coco,(prop1&prop2)Uprop3,(cup&umbrella)Utoothbrush,325,mrcnn,mrcnn,0.9714,0.9714,0.5667,0.7158,0.1,0.5,0.25,50
coco,(prop1&prop2)Uprop3,(pizza&person)Usheep,175,mrcnn,mrcnn,0.8636,0.8636,0.5758,0.6909,0.1,0.5,0.25,50
coco,(prop1&prop2)Uprop3,(mouse&laptop)Ubackpack,100,mrcnn,mrcnn,0.8261,0.8261,0.9048,0.8636,0.1,0.5,0.25,50
coco,(prop1&prop2)Uprop3,(cat&keyboard)Umouse,275,mrcnn,mrcnn,0.9762,0.9762,0.82,0.8913,0.1,0.5,0.25,50
coco,(prop1&prop2)Uprop3,(person&bus)Udonut,125,mrcnn,mrcnn,0.9474,0.9474,0.75,0.8372,0.1,0.5,0.25,50
coco,(prop1&prop2)Uprop3,(person&skateboard)Utoilet,350,mrcnn,mrcnn,0.8904,0.8904,0.942,0.9155,0.1,0.5,0.25,50
coco,(prop1&prop2)Uprop3,(bottle&toilet)Uoven,250,mrcnn,mrcnn,0.9388,0.9388,0.92,0.9293,0.1,0.5,0.25,50
coco,(prop1&prop2)Uprop3,(sink&toilet)Ubowl,200,mrcnn,mrcnn,0.881,0.881,0.9024,0.8916,0.1,0.5,0.25,50
coco,(prop1&prop2)Uprop3,(couch&laptop)Udonut,500,mrcnn,mrcnn,0.9873,0.9873,0.7723,0.8667,0.1,0.5,0.25,50
coco,(prop1&prop2)Uprop3,(bottle&person)Udonut,125,mrcnn,mrcnn,0.0,0.0,0.0,0.0,0.1,0.5,0.25,50
coco,(prop1&prop2)Uprop3,(person&bench)Uknife,75,mrcnn,mrcnn,0.75,0.75,0.4,0.5217,0.1,0.5,0.25,50
coco,(prop1&prop2)Uprop3,(truck&person)Ubear,375,mrcnn,mrcnn,0.8986,0.8986,0.8986,0.8986,0.1,0.5,0.25,50
coco,(prop1&prop2)Uprop3,(surfboard&person)Urefrigerator,450,mrcnn,mrcnn,0.9405,0.9405,0.908,0.924,0.1,0.5,0.25,50
coco,(prop1&prop2)Uprop3,(person&motorcycle)Ubackpack,150,mrcnn,mrcnn,0.8667,0.8667,0.8387,0.8525,0.1,0.5,0.25,50
coco,(prop1&prop2)Uprop3,(person&backpack)Upizza,150,mrcnn,mrcnn,0.0,0.0,0.0,0.0,0.1,0.5,0.25,50
coco,(prop1&prop2)Uprop3,(person&bench)Ubowl,200,mrcnn,mrcnn,0.7895,0.7895,0.8108,0.8,0.1,0.5,0.25,50
coco,(prop1&prop2)Uprop3,(person&surfboard)Uvase,100,mrcnn,mrcnn,0.7619,0.7619,0.8889,0.8205,0.1,0.5,0.25,50
coco,(prop1&prop2)Uprop3,(couch&chair)Uskateboard,225,mrcnn,mrcnn,0.9444,0.9444,0.7727,0.85,0.1,0.5,0.25,50
coco,(prop1&prop2)Uprop3,(bed&cat)Uchair,175,mrcnn,mrcnn,0.5909,0.5909,0.7647,0.6667,0.1,0.5,0.25,50
coco,(prop1&prop2)Uprop3,(bottle&sink)Ubackpack,450,mrcnn,mrcnn,0.7549,0.7549,0.8953,0.8191,0.1,0.5,0.25,50
coco,(prop1&prop2)Uprop3,(bird&book)Uorange,250,mrcnn,mrcnn,0.0,0.0,0.0,0.0,0.1,0.5,0.25,50
coco,(prop1&prop2)Uprop3,(skis&backpack)Ucarrot,500,mrcnn,mrcnn,0.9865,0.9865,0.7684,0.8639,0.1,0.5,0.25,50
coco,(prop1&prop2)Uprop3,(bus&person)Uzebra,25,mrcnn,mrcnn,1.0,1.0,1.0,1.0,0.1,0.5,0.25,50
coco,(prop1&prop2)Uprop3,(vase&horse)Usurfboard,375,mrcnn,mrcnn,0.375,0.375,0.0423,0.0759,0.1,0.5,0.25,50
coco,(prop1&prop2)Uprop3,(oven&refrigerator)Ubanana,275,mrcnn,mrcnn,1.0,1.0,0.7593,0.8632,0.1,0.5,0.25,50
coco,(prop1&prop2)Uprop3,(person&giraffe)Ubicycle,275,mrcnn,mrcnn,0.9333,0.9333,0.8077,0.866,0.1,0.5,0.25,50
coco,(prop1&prop2)Uprop3,(bench&person)Usnowboard,375,mrcnn,mrcnn,0.9583,0.9583,0.3239,0.4842,0.1,0.5,0.25,50
coco,(prop1&prop2)Uprop3,(person&airplane)Uchair,375,mrcnn,mrcnn,0.7619,0.7619,0.9014,0.8258,0.1,0.5,0.25,50
coco,(prop1&prop2)Uprop3,(tv&cup)Uoven,500,mrcnn,mrcnn,0.9405,0.9405,0.8316,0.8827,0.1,0.5,0.25,50
coco,(prop1&prop2)Uprop3,(person&truck)Ucup,225,mrcnn,mrcnn,0.6897,0.6897,0.9091,0.7843,0.1,0.5,0.25,50
coco,(prop1&prop2)Uprop3,(sheep&person)Uelephant,50,mrcnn,mrcnn,1.0,1.0,0.8182,0.9,0.1,0.5,0.25,50
coco,(prop1&prop2)Uprop3,(person&tie)Ubus,100,mrcnn,mrcnn,0.8667,0.8667,0.619,0.7222,0.1,0.5,0.25,50
coco,(prop1&prop2)Uprop3,(person&suitcase)Utv,150,mrcnn,mrcnn,0.8929,0.8929,0.8621,0.8772,0.1,0.5,0.25,50
coco,(prop1&prop2)Uprop3,(sink&toilet)Ubird,25,mrcnn,mrcnn,0.75,0.75,1.0,0.8571,0.1,0.5,0.25,50
coco,(prop1&prop2)Uprop3,(surfboard&person)Udog,475,mrcnn,mrcnn,0.8317,0.8317,0.9655,0.8936,0.1,0.5,0.25,50
coco,(prop1&prop2)Uprop3,(truck&car)Utoilet,500,mrcnn,mrcnn,0.9062,0.9062,0.9062,0.9062,0.1,0.5,0.25,50
coco,(prop1&prop2)Uprop3,(surfboard&person)Ubear,475,mrcnn,mrcnn,0.9342,0.9342,0.8068,0.8659,0.1,0.5,0.25,50
coco,(prop1&prop2)Uprop3,(sink&toilet)Uperson,425,mrcnn,mrcnn,0.531,0.531,0.9747,0.6875,0.1,0.5,0.25,50
coco,(prop1&prop2)Uprop3,(motorcycle&person)Ubench,325,mrcnn,mrcnn,0.8406,0.8406,0.9667,0.8992,0.1,0.5,0.25,50
coco,(prop1&prop2)Uprop3,(person&horse)Ugiraffe,150,mrcnn,mrcnn,1.0,1.0,0.9667,0.9831,0.1,0.5,0.25,50
coco,(prop1&prop2)Uprop3,(couch&cat)Uspoon,275,mrcnn,mrcnn,0.9298,0.9298,0.9815,0.955,0.1,0.5,0.25,50
coco,(prop1&prop2)Uprop3,(bicycle&person)Usandwich,25,mrcnn,mrcnn,0.0,0.0,0.0,0.0,0.1,0.5,0.25,50
coco,(prop1&prop2)Uprop3,(surfboard&person)Utie,300,mrcnn,mrcnn,0.931,0.931,0.5192,0.6667,0.1,0.5,0.25,50
coco,(prop1&prop2)Uprop3,(person&frisbee)Uboat,25,mrcnn,mrcnn,0.8333,0.8333,0.7143,0.7692,0.1,0.5,0.25,50
coco,(prop1&prop2)Uprop3,(person&train)Ubowl,400,mrcnn,mrcnn,0.75,0.75,0.8289,0.7875,0.1,0.5,0.25,50
coco,(prop1&prop2)Uprop3,(keyboard&laptop)Uchair,400,mrcnn,mrcnn,0.6923,0.6923,0.9351,0.7956,0.1,0.5,0.25,50
coco,(prop1&prop2)Uprop3,(person&bench)Umouse,450,mrcnn,mrcnn,0.831,0.831,0.6941,0.7564,0.1,0.5,0.25,50
coco,(prop1&prop2)Uprop3,(person&car)Uoven,75,mrcnn,mrcnn,1.0,1.0,0.9412,0.9697,0.1,0.5,0.25,50
coco,(prop1&prop2)Uprop3,(banana&chair)Uknife,200,mrcnn,mrcnn,0.75,0.75,0.2927,0.4211,0.1,0.5,0.25,50
coco,(prop1&prop2)Uprop3,(person&cow)Ufrisbee,325,mrcnn,mrcnn,0.9216,0.9216,0.8103,0.8624,0.1,0.5,0.25,50
coco,(prop1&prop2)Uprop3,(person&bus)Uelephant,25,mrcnn,mrcnn,1.0,1.0,0.75,0.8571,0.1,0.5,0.25,50
coco,(prop1&prop2)Uprop3,(bench&person)Uvase,50,mrcnn,mrcnn,0.7333,0.7333,0.9167,0.8148,0.1,0.5,0.25,50
coco,(prop1&prop2)Uprop3,(surfboard&boat)Utie,475,mrcnn,mrcnn,0.8095,0.8095,0.5604,0.6623,0.1,0.5,0.25,50
coco,(prop1&prop2)Uprop3,(elephant&person)Ubed,175,mrcnn,mrcnn,0.8636,0.8636,0.5278,0.6552,0.1,0.5,0.25,50
coco,(prop1&prop2)Uprop3,(bed&couch)Usuitcase,75,mrcnn,mrcnn,0.8571,0.8571,0.75,0.8,0.1,0.5,0.25,50
coco,(prop1&prop2)Uprop3,(person&car)Usnowboard,250,mrcnn,mrcnn,0.9333,0.9333,0.875,0.9032,0.1,0.5,0.25,50
coco,(prop1&prop2)Uprop3,(kite&person)Ucarrot,150,mrcnn,mrcnn,1.0,1.0,0.9375,0.9677,0.1,0.5,0.25,50
coco,(prop1&prop2)Uprop3,(car&donut)Ubroccoli,125,mrcnn,mrcnn,0.3333,0.3333,0.0357,0.0645,0.1,0.5,0.25,50
coco,(prop1&prop2)Uprop3,(oven&sink)Upizza,100,mrcnn,mrcnn,1.0,1.0,0.8636,0.9268,0.1,0.5,0.25,50
coco,(prop1&prop2)Uprop3,(backpack&person)Uelephant,450,mrcnn,mrcnn,0.863,0.863,0.7412,0.7975,0.1,0.5,0.25,50
coco,(prop1&prop2)Uprop3,(skis&backpack)Utrain,250,mrcnn,mrcnn,0.9762,0.9762,0.8542,0.9111,0.1,0.5,0.25,50
coco,(prop1&prop2)Uprop3,(person&backpack)Utruck,450,mrcnn,mrcnn,0.9,0.9,0.8372,0.8675,0.1,0.5,0.25,50
coco,(prop1&prop2)Uprop3,(toilet&sink)Udonut,125,mrcnn,mrcnn,0.96,0.96,0.8889,0.9231,0.1,0.5,0.25,50
coco,(prop1&prop2)Uprop3,(sheep&person)Ubear,475,mrcnn,mrcnn,0.9383,0.9383,0.8941,0.9157,0.1,0.5,0.25,50
coco,(prop1&prop2)Uprop3,(surfboard&person)Umotorcycle,400,mrcnn,mrcnn,0.9153,0.9153,0.7105,0.8,0.1,0.5,0.25,50
coco,(prop1&prop2)Uprop3,(person&frisbee)Ucar,50,mrcnn,mrcnn,0.6,0.6,0.6667,0.6316,0.1,0.5,0.25,50
coco,(prop1&prop2)Uprop3,(scissors&person)Uchair,225,mrcnn,mrcnn,0.7333,0.7333,0.75,0.7416,0.1,0.5,0.25,50
coco,(prop1&prop2)Uprop3,(person&skis)Uhandbag,400,mrcnn,mrcnn,0.8659,0.8659,0.9595,0.9103,0.1,0.5,0.25,50
coco,(prop1&prop2)Uprop3,(sheep&umbrella)Ubackpack,50,mrcnn,mrcnn,0.5,0.5,0.1,0.1667,0.1,0.5,0.25,50
coco,(prop1&prop2)Uprop3,(umbrella&car)Utoaster,175,mrcnn,mrcnn,1.0,1.0,0.8125,0.8966,0.1,0.5,0.25,50
coco,(prop1&prop2)Uprop3,(bus&umbrella)Utoaster,425,mrcnn,mrcnn,1.0,1.0,0.8706,0.9308,0.1,0.5,0.25,50
coco,(prop1&prop2)Uprop3,(pizza&person)Utoilet,75,mrcnn,mrcnn,0.8889,0.8889,0.5,0.64,0.1,0.5,0.25,50
coco,(prop1&prop2)Uprop3,(person&train)Utv,475,mrcnn,mrcnn,0.7379,0.7379,0.8352,0.7835,0.1,0.5,0.25,50
coco,(prop1&prop2)Uprop3,(bench&cat)Uspoon,50,mrcnn,mrcnn,0.9231,0.9231,1.0,0.96,0.1,0.5,0.25,50
coco,(prop1&prop2)Uprop3,(person&car)Upizza,200,mrcnn,mrcnn,0.9032,0.9032,0.7568,0.8235,0.1,0.5,0.25,50
coco,(prop1&prop2)Uprop3,(bird&banana)Uelephant,75,mrcnn,mrcnn,1.0,1.0,0.0714,0.1333,0.1,0.5,0.25,50
coco,(prop1&prop2)Uprop3,(cat&person)Usuitcase,350,mrcnn,mrcnn,0.9242,0.9242,0.9104,0.9173,0.1,0.5,0.25,50
coco,(prop1&prop2)Uprop3,(person&truck)Uremote,175,mrcnn,mrcnn,0.7941,0.7941,0.6923,0.7397,0.1,0.5,0.25,50
coco,(prop1&prop2)Uprop3,(person&umbrella)Ubicycle,300,mrcnn,mrcnn,0.9273,0.9273,0.85,0.887,0.1,0.5,0.25,50
coco,(prop1&prop2)Uprop3,(person&bus)Uoven,225,mrcnn,mrcnn,0.9111,0.9111,0.9318,0.9213,0.1,0.5,0.25,50
coco,(prop1&prop2)Uprop3,(person&skateboard)Umicrowave,350,mrcnn,mrcnn,0.9394,0.9394,0.9841,0.9612,0.1,0.5,0.25,50
coco,(prop1&prop2)Uprop3,(person&car)Uoven,200,mrcnn,mrcnn,0.825,0.825,0.8462,0.8354,0.1,0.5,0.25,50
coco,(prop1&prop2)Uprop3,(cup&person)Uskis,25,mrcnn,mrcnn,0.0,0.0,0.0,0.0,0.1,0.5,0.25,50
coco,(prop1&prop2)Uprop3,(person&dog)Ucarrot,250,mrcnn,mrcnn,0.8519,0.8519,0.5227,0.6479,0.1,0.5,0.25,50
coco,(prop1&prop2)Uprop3,(toilet&sink)Uscissors,350,mrcnn,mrcnn,0.9437,0.9437,0.9571,0.9504,0.1,0.5,0.25,50
coco,(prop1&prop2)Uprop3,(bus&person)Uclock,250,mrcnn,mrcnn,0.8462,0.8462,0.9362,0.8889,0.1,0.5,0.25,50
coco,(prop1&prop2)Uprop3,(backpack&bicycle)Uorange,475,mrcnn,mrcnn,0.9815,0.9815,0.5464,0.702,0.1,0.5,0.25,50
coco,(prop1&prop2)Uprop3,(surfboard&person)Upizza,450,mrcnn,mrcnn,0.0,0.0,0.0,0.0,0.1,0.5,0.25,50
coco,(prop1&prop2)Uprop3,(remote&couch)Utrain,425,mrcnn,mrcnn,0.9324,0.9324,0.8846,0.9079,0.1,0.5,0.25,50
coco,(prop1&prop2)Uprop3,(person&tie)Uremote,300,mrcnn,mrcnn,0.9286,0.9286,0.9286,0.9286,0.1,0.5,0.25,50
coco,prop1&prop2,skis&person,175,mrcnn,mrcnn,1.0,1.0,1.0,1.0,0.1,0.5,0.25,50
coco,prop1&prop2,toilet&sink,350,mrcnn,mrcnn,1.0,1.0,0.9508,0.9748,0.1,0.5,0.25,50
coco,prop1&prop2,person&clock,250,mrcnn,mrcnn,1.0,1.0,0.8511,0.9195,0.1,0.5,0.25,50
coco,prop1&prop2,boat&backpack,325,mrcnn,mrcnn,1.0,1.0,0.5455,0.7059,0.1,0.5,0.25,50
coco,prop1&prop2,person&skis,125,mrcnn,mrcnn,1.0,1.0,0.9565,0.9778,0.1,0.5,0.25,50
coco,prop1&prop2,backpack&bus,425,mrcnn,mrcnn,1.0,1.0,0.9367,0.9673,0.1,0.5,0.25,50
coco,prop1&prop2,knife&cup,425,mrcnn,mrcnn,0.9524,0.9524,0.7792,0.8571,0.1,0.5,0.25,50
coco,prop1&prop2,person&suitcase,425,mrcnn,mrcnn,0.9747,0.9747,0.9747,0.9747,0.1,0.5,0.25,50
coco,prop1&prop2,cup&kite,375,mrcnn,mrcnn,0.9851,0.9851,1.0,0.9925,0.1,0.5,0.25,50
coco,prop1&prop2,person&bottle,300,mrcnn,mrcnn,0.9574,0.9574,0.8333,0.8911,0.1,0.5,0.25,50
coco,prop1&prop2,bed&dog,275,mrcnn,mrcnn,0.9744,0.9744,0.8444,0.9048,0.1,0.5,0.25,50
coco,prop1&prop2,toilet&sink,475,mrcnn,mrcnn,0.9767,0.9767,0.9767,0.9767,0.1,0.5,0.25,50
coco,prop1&prop2,boat&chair,150,mrcnn,mrcnn,0.9091,0.9091,0.6897,0.7843,0.1,0.5,0.25,50
coco,prop1&prop2,bottle&person,325,mrcnn,mrcnn,0.96,0.96,0.8276,0.8889,0.1,0.5,0.25,50
coco,prop1&prop2,car&bicycle,50,mrcnn,mrcnn,1.0,1.0,1.0,1.0,0.1,0.5,0.25,50
coco,prop1&prop2,chair&elephant,400,mrcnn,mrcnn,1.0,1.0,0.4932,0.6606,0.1,0.5,0.25,50
coco,prop1&prop2,oven&sink,75,mrcnn,mrcnn,0.9286,0.9286,0.9286,0.9286,0.1,0.5,0.25,50
coco,prop1&prop2,surfboard&bottle,100,mrcnn,mrcnn,1.0,1.0,1.0,1.0,0.1,0.5,0.25,50
coco,prop1&prop2,pizza&fork,475,mrcnn,mrcnn,1.0,1.0,0.5647,0.7218,0.1,0.5,0.25,50
coco,prop1&prop2,cow&bird,125,mrcnn,mrcnn,1.0,1.0,1.0,1.0,0.1,0.5,0.25,50
coco,prop1&prop2,spoon&toaster,475,mrcnn,mrcnn,1.0,1.0,1.0,1.0,0.1,0.5,0.25,50
coco,prop1&prop2,person&train,75,mrcnn,mrcnn,0.8333,0.8333,0.8333,0.8333,0.1,0.5,0.25,50
coco,prop1&prop2,dog&boat,350,mrcnn,mrcnn,0.94,0.94,0.746,0.8319,0.1,0.5,0.25,50
coco,prop1&prop2,cow&person,450,mrcnn,mrcnn,1.0,1.0,0.8333,0.9091,0.1,0.5,0.25,50
coco,prop1&prop2,person&frisbee,150,mrcnn,mrcnn,1.0,1.0,0.8333,0.9091,0.1,0.5,0.25,50
coco,prop1&prop2,bed&couch,150,mrcnn,mrcnn,0.9615,0.9615,0.9615,0.9615,0.1,0.5,0.25,50
coco,prop1&prop2,boat&bus,425,mrcnn,mrcnn,1.0,1.0,0.3151,0.4792,0.1,0.5,0.25,50
coco,prop1&prop2,frisbee&person,325,mrcnn,mrcnn,1.0,1.0,0.8909,0.9423,0.1,0.5,0.25,50
coco,prop1&prop2,bowl&orange,25,mrcnn,mrcnn,1.0,1.0,0.2,0.3333,0.1,0.5,0.25,50
coco,prop1&prop2,dog&bottle,25,mrcnn,mrcnn,0.8,0.8,0.8,0.8,0.1,0.5,0.25,50
coco,prop1&prop2,person&skateboard,425,mrcnn,mrcnn,0.9868,0.9868,0.9494,0.9677,0.1,0.5,0.25,50
coco,prop1&prop2,frisbee&person,325,mrcnn,mrcnn,1.0,1.0,0.8966,0.9455,0.1,0.5,0.25,50
coco,prop1&prop2,spoon&clock,25,mrcnn,mrcnn,1.0,1.0,1.0,1.0,0.1,0.5,0.25,50
coco,prop1&prop2,dog&person,400,mrcnn,mrcnn,0.95,0.95,0.8382,0.8906,0.1,0.5,0.25,50
coco,prop1&prop2,bus&person,375,mrcnn,mrcnn,1.0,1.0,0.9041,0.9496,0.1,0.5,0.25,50
coco,prop1&prop2,person&skis,375,mrcnn,mrcnn,1.0,1.0,0.9851,0.9925,0.1,0.5,0.25,50
coco,prop1&prop2,mouse&laptop,500,mrcnn,mrcnn,1.0,1.0,0.9255,0.9613,0.1,0.5,0.25,50
coco,prop1&prop2,zebra&giraffe,225,mrcnn,mrcnn,1.0,1.0,1.0,1.0,0.1,0.5,0.25,50
coco,prop1&prop2,person&sink,50,mrcnn,mrcnn,0.875,0.875,0.7778,0.8235,0.1,0.5,0.25,50
coco,prop1&prop2,chair&bird,250,mrcnn,mrcnn,1.0,1.0,0.6739,0.8052,0.1,0.5,0.25,50
coco,prop1&prop2,person&tie,150,mrcnn,mrcnn,0.9565,0.9565,0.88,0.9167,0.1,0.5,0.25,50
coco,prop1&prop2,cat&remote,125,mrcnn,mrcnn,1.0,1.0,0.8182,0.9,0.1,0.5,0.25,50
coco,prop1&prop2,train&person,175,mrcnn,mrcnn,1.0,1.0,0.8182,0.9,0.1,0.5,0.25,50
coco,prop1&prop2,car&train,450,mrcnn,mrcnn,1.0,1.0,0.8333,0.9091,0.1,0.5,0.25,50
coco,prop1&prop2,person&sheep,375,mrcnn,mrcnn,0.9677,0.9677,0.8696,0.916,0.1,0.5,0.25,50
coco,prop1&prop2,frisbee&person,75,mrcnn,mrcnn,1.0,1.0,0.9333,0.9655,0.1,0.5,0.25,50
coco,prop1&prop2,oven&spoon,100,mrcnn,mrcnn,0.9444,0.9444,0.9444,0.9444,0.1,0.5,0.25,50
coco,prop1&prop2,skateboard&truck,350,mrcnn,mrcnn,0.9706,0.9706,1.0,0.9851,0.1,0.5,0.25,50
coco,prop1&prop2,bench&train,275,mrcnn,mrcnn,0.9778,0.9778,0.8627,0.9167,0.1,0.5,0.25,50
coco,prop1&prop2,skis&person,375,mrcnn,mrcnn,1.0,1.0,0.9855,0.9927,0.1,0.5,0.25,50
coco,prop1&prop2,bicycle&person,350,mrcnn,mrcnn,0.9355,0.9355,0.8923,0.9134,0.1,0.5,0.25,50
coco,prop1&prop2,donut&bowl,400,mrcnn,mrcnn,1.0,1.0,0.2466,0.3956,0.1,0.5,0.25,50
coco,prop1&prop2,person&couch,500,mrcnn,mrcnn,0.9884,0.9884,0.914,0.9497,0.1,0.5,0.25,50
coco,prop1&prop2,toilet&bottle,475,mrcnn,mrcnn,0.9878,0.9878,0.9419,0.9643,0.1,0.5,0.25,50
coco,prop1&prop2,elephant&car,250,mrcnn,mrcnn,1.0,1.0,1.0,1.0,0.1,0.5,0.25,50
coco,prop1&prop2,person&skis,200,mrcnn,mrcnn,1.0,1.0,1.0,1.0,0.1,0.5,0.25,50
coco,prop1&prop2,cat&refrigerator,275,mrcnn,mrcnn,1.0,1.0,0.8571,0.9231,0.1,0.5,0.25,50
coco,prop1&prop2,mouse&laptop,450,mrcnn,mrcnn,1.0,1.0,0.8902,0.9419,0.1,0.5,0.25,50
coco,prop1&prop2,tv&remote,50,mrcnn,mrcnn,1.0,1.0,0.6667,0.8,0.1,0.5,0.25,50
coco,prop1&prop2,laptop&book,350,mrcnn,mrcnn,1.0,1.0,0.7424,0.8522,0.1,0.5,0.25,50
coco,prop1&prop2,person&tv,250,mrcnn,mrcnn,0.9512,0.9512,0.8298,0.8864,0.1,0.5,0.25,50
coco,prop1&prop2,donut&spoon,175,mrcnn,mrcnn,1.0,1.0,0.2727,0.4286,0.1,0.5,0.25,50
coco,prop1&prop2,backpack&snowboard,500,mrcnn,mrcnn,0.9815,0.9815,0.5761,0.726,0.1,0.5,0.25,50
coco,prop1&prop2,person&pizza,400,mrcnn,mrcnn,1.0,1.0,0.6579,0.7937,0.1,0.5,0.25,50
coco,prop1&prop2,bus&person,300,mrcnn,mrcnn,1.0,1.0,0.8727,0.932,0.1,0.5,0.25,50
coco,prop1&prop2,airplane&bicycle,300,mrcnn,mrcnn,0.9677,0.9677,0.5556,0.7059,0.1,0.5,0.25,50
coco,prop1&prop2,book&bottle,300,mrcnn,mrcnn,0.9,0.9,0.8182,0.8571,0.1,0.5,0.25,50
coco,prop1&prop2,car&kite,225,mrcnn,mrcnn,0.9474,0.9474,0.9,0.9231,0.1,0.5,0.25,50
coco,prop1&prop2,clock&person,225,mrcnn,mrcnn,1.0,1.0,0.881,0.9367,0.1,0.5,0.25,50
coco,prop1&prop2,laptop&person,100,mrcnn,mrcnn,1.0,1.0,0.9333,0.9655,0.1,0.5,0.25,50
coco,prop1&prop2,person&bus,275,mrcnn,mrcnn,0.9792,0.9792,0.9592,0.9691,0.1,0.5,0.25,50
coco,prop1&prop2,remote&person,100,mrcnn,mrcnn,1.0,1.0,0.8889,0.9412,0.1,0.5,0.25,50
coco,prop1&prop2,handbag&person,25,mrcnn,mrcnn,1.0,1.0,0.8,0.8889,0.1,0.5,0.25,50
coco,prop1&prop2,cake&spoon,225,mrcnn,mrcnn,0.9688,0.9688,0.7561,0.8493,0.1,0.5,0.25,50
coco,prop1&prop2,bus&car,125,mrcnn,mrcnn,0.9565,0.9565,1.0,0.9778,0.1,0.5,0.25,50
coco,prop1&prop2,tv&bed,50,mrcnn,mrcnn,1.0,1.0,0.8889,0.9412,0.1,0.5,0.25,50
coco,prop1&prop2,backpack&snowboard,225,mrcnn,mrcnn,0.8571,0.8571,0.4615,0.6,0.1,0.5,0.25,50
coco,prop1&prop2,car&person,200,mrcnn,mrcnn,0.8947,0.8947,0.9444,0.9189,0.1,0.5,0.25,50
coco,prop1&prop2,bench&person,250,mrcnn,mrcnn,0.8919,0.8919,0.7174,0.7952,0.1,0.5,0.25,50
coco,prop1&prop2,cat&keyboard,50,mrcnn,mrcnn,1.0,1.0,1.0,1.0,0.1,0.5,0.25,50
coco,prop1&prop2,tie&person,200,mrcnn,mrcnn,1.0,1.0,0.85,0.9189,0.1,0.5,0.25,50
coco,prop1&prop2,handbag&elephant,125,mrcnn,mrcnn,1.0,1.0,1.0,1.0,0.1,0.5,0.25,50
coco,prop1&prop2,person&kite,75,mrcnn,mrcnn,0.9286,0.9286,1.0,0.963,0.1,0.5,0.25,50
coco,prop1&prop2,banana&chair,100,mrcnn,mrcnn,1.0,1.0,0.3889,0.56,0.1,0.5,0.25,50
coco,prop1&prop2,person&skis,200,mrcnn,mrcnn,1.0,1.0,1.0,1.0,0.1,0.5,0.25,50
coco,prop1&prop2,boat&person,125,mrcnn,mrcnn,0.9545,0.9545,0.9545,0.9545,0.1,0.5,0.25,50
coco,prop1&prop2,motorcycle&truck,75,mrcnn,mrcnn,1.0,1.0,0.8571,0.9231,0.1,0.5,0.25,50
coco,prop1&prop2,motorcycle&truck,450,mrcnn,mrcnn,1.0,1.0,0.9036,0.9494,0.1,0.5,0.25,50
coco,prop1&prop2,skis&person,200,mrcnn,mrcnn,1.0,1.0,0.9714,0.9855,0.1,0.5,0.25,50
coco,prop1&prop2,chair&cat,275,mrcnn,mrcnn,1.0,1.0,0.9423,0.9703,0.1,0.5,0.25,50
coco,prop1&prop2,book&mouse,300,mrcnn,mrcnn,1.0,1.0,0.7593,0.8632,0.1,0.5,0.25,50
coco,prop1&prop2,suitcase&book,25,mrcnn,mrcnn,1.0,1.0,0.75,0.8571,0.1,0.5,0.25,50
coco,prop1&prop2,person&umbrella,75,mrcnn,mrcnn,0.8667,0.8667,0.8667,0.8667,0.1,0.5,0.25,50
coco,prop1&prop2,toilet&cat,400,mrcnn,mrcnn,1.0,1.0,0.9178,0.9571,0.1,0.5,0.25,50
coco,prop1&prop2,cup&knife,375,mrcnn,mrcnn,0.9375,0.9375,0.6716,0.7826,0.1,0.5,0.25,50
coco,prop1&prop2,bed&bottle,25,mrcnn,mrcnn,1.0,1.0,0.6,0.75,0.1,0.5,0.25,50
coco,prop1&prop2,person&skateboard,500,mrcnn,mrcnn,1.0,1.0,1.0,1.0,0.1,0.5,0.25,50
coco,prop1&prop2,umbrella&tie,275,mrcnn,mrcnn,1.0,1.0,1.0,1.0,0.1,0.5,0.25,50
coco,prop1&prop2,person&car,100,mrcnn,mrcnn,0.95,0.95,0.95,0.95,0.1,0.5,0.25,50
coco,prop1&prop2,car&boat,50,mrcnn,mrcnn,0.8571,0.8571,0.75,0.8,0.1,0.5,0.25,50
coco,prop1&prop2,bowl&person,175,mrcnn,mrcnn,0.9615,0.9615,0.7812,0.8621,0.1,0.5,0.25,50
coco,prop1&prop2,elephant&person,350,mrcnn,mrcnn,1.0,1.0,0.9531,0.976,0.1,0.5,0.25,50
coco,prop1&prop2,book&laptop,250,mrcnn,mrcnn,1.0,1.0,0.7234,0.8395,0.1,0.5,0.25,50
coco,prop1&prop2,person&kite,425,mrcnn,mrcnn,0.987,0.987,0.987,0.987,0.1,0.5,0.25,50
coco,prop1&prop2,couch&chair,475,mrcnn,mrcnn,0.9487,0.9487,0.8409,0.8916,0.1,0.5,0.25,50
coco,prop1&prop2,remote&couch,325,mrcnn,mrcnn,1.0,1.0,0.9322,0.9649,0.1,0.5,0.25,50
coco,prop1&prop2,oven&person,175,mrcnn,mrcnn,1.0,1.0,0.7742,0.8727,0.1,0.5,0.25,50
coco,prop1&prop2,motorcycle&bird,500,mrcnn,mrcnn,0.0,0.0,0.0,0.0,0.1,0.5,0.25,50
coco,prop1&prop2,skis&person,400,mrcnn,mrcnn,1.0,1.0,0.9718,0.9857,0.1,0.5,0.25,50
coco,prop1&prop2,vase&oven,225,mrcnn,mrcnn,1.0,1.0,1.0,1.0,0.1,0.5,0.25,50
coco,prop1&prop2,scissors&kite,450,mrcnn,mrcnn,1.0,1.0,1.0,1.0,0.1,0.5,0.25,50
coco,prop1&prop2,mouse&tv,325,mrcnn,mrcnn,1.0,1.0,0.9661,0.9828,0.1,0.5,0.25,50
coco,prop1&prop2,dog&boat,450,mrcnn,mrcnn,0.9839,0.9839,0.7439,0.8472,0.1,0.5,0.25,50
coco,prop1&prop2,couch&cup,150,mrcnn,mrcnn,0.95,0.95,0.76,0.8444,0.1,0.5,0.25,50
coco,prop1&prop2,couch&person,300,mrcnn,mrcnn,0.98,0.98,0.9423,0.9608,0.1,0.5,0.25,50
coco,prop1&prop2,chair&toilet,500,mrcnn,mrcnn,0.9789,0.9789,1.0,0.9894,0.1,0.5,0.25,50
coco,prop1&prop2,bicycle&motorcycle,200,mrcnn,mrcnn,1.0,1.0,0.8857,0.9394,0.1,0.5,0.25,50
coco,prop1&prop2,tie&person,150,mrcnn,mrcnn,1.0,1.0,0.9231,0.96,0.1,0.5,0.25,50
coco,prop1&prop2,oven&cake,175,mrcnn,mrcnn,0.9412,0.9412,0.4848,0.64,0.1,0.5,0.25,50
coco,prop1&prop2,skateboard&person,475,mrcnn,mrcnn,0.988,0.988,0.9535,0.9704,0.1,0.5,0.25,50
imagenet,prop1Uprop2,horseUmicrowave,150,mrcnn,mrcnn,0.5714,0.5714,0.6667,0.6154,0.1,0.5,0.25,50
imagenet,prop1Uprop2,remoteUbackpack,300,mrcnn,mrcnn,0.7778,0.7778,0.8167,0.7967,0.1,0.5,0.25,50
imagenet,prop1Uprop2,bottleUdog,175,mrcnn,mrcnn,0.6111,0.6111,0.9706,0.75,0.1,0.5,0.25,50
imagenet,prop1Uprop2,sports_ballUumbrella,75,mrcnn,mrcnn,0.8333,0.8333,0.7143,0.7692,0.1,0.5,0.25,50
imagenet,prop1Uprop2,tieUtruck,200,mrcnn,mrcnn,0.617,0.617,0.725,0.6667,0.1,0.5,0.25,50
imagenet,prop1Uprop2,chairUapple,500,mrcnn,mrcnn,0.6639,0.6639,0.79,0.7215,0.1,0.5,0.25,50
imagenet,prop1Uprop2,birdUbottle,350,mrcnn,mrcnn,0.64,0.64,0.9143,0.7529,0.1,0.5,0.25,50
imagenet,prop1Uprop2,parking_meterUtoaster,250,mrcnn,mrcnn,0.9211,0.9211,0.7,0.7955,0.1,0.5,0.25,50
imagenet,prop1Uprop2,teddy_bearUkeyboard,375,mrcnn,mrcnn,0.8806,0.8806,0.7973,0.8369,0.1,0.5,0.25,50
imagenet,prop1Uprop2,catUstop_sign,75,mrcnn,mrcnn,0.7778,0.7778,0.5,0.6087,0.1,0.5,0.25,50
imagenet,prop1Uprop2,remoteUbroccoli,400,mrcnn,mrcnn,0.9079,0.9079,0.8625,0.8846,0.1,0.5,0.25,50
imagenet,prop1Uprop2,pizzaUorange,100,mrcnn,mrcnn,0.0,0.0,0.0,0.0,0.1,0.5,0.25,50
imagenet,prop1Uprop2,vaseUtie,325,mrcnn,mrcnn,0.75,0.75,0.8438,0.7941,0.1,0.5,0.25,50
imagenet,prop1Uprop2,orangeUbackpack,25,mrcnn,mrcnn,0.6667,0.6667,0.5,0.5714,0.1,0.5,0.25,50
imagenet,prop1Uprop2,broccoliUbook,250,mrcnn,mrcnn,0.7381,0.7381,0.62,0.6739,0.1,0.5,0.25,50
imagenet,prop1Uprop2,bottleUmouse,125,mrcnn,mrcnn,0.7692,0.7692,0.8333,0.8,0.1,0.5,0.25,50
imagenet,prop1Uprop2,boatUbench,325,mrcnn,mrcnn,0.7123,0.7123,0.8125,0.7591,0.1,0.5,0.25,50
imagenet,prop1Uprop2,sheepUbook,500,mrcnn,mrcnn,0.5513,0.5513,0.43,0.4831,0.1,0.5,0.25,50
imagenet,prop1Uprop2,airplaneUbench,450,mrcnn,mrcnn,0.7692,0.7692,0.8889,0.8247,0.1,0.5,0.25,50
imagenet,prop1Uprop2,bowlUsports_ball,75,mrcnn,mrcnn,0.8,0.8,0.8571,0.8276,0.1,0.5,0.25,50
imagenet,prop1Uprop2,refrigeratorUtraffic_light,250,mrcnn,mrcnn,0.86,0.86,0.86,0.86,0.1,0.5,0.25,50
imagenet,prop1Uprop2,tvUbicycle,275,mrcnn,mrcnn,0.85,0.85,0.9444,0.8947,0.1,0.5,0.25,50
imagenet,prop1Uprop2,traffic_lightUbackpack,300,mrcnn,mrcnn,0.8596,0.8596,0.8167,0.8376,0.1,0.5,0.25,50
imagenet,prop1Uprop2,toiletUbicycle,400,mrcnn,mrcnn,0.8391,0.8391,0.9125,0.8743,0.1,0.5,0.25,50
imagenet,prop1Uprop2,mouseUtoaster,100,mrcnn,mrcnn,0.9231,0.9231,0.6,0.7273,0.1,0.5,0.25,50
imagenet,prop1Uprop2,toasterUclock,200,mrcnn,mrcnn,0.8667,0.8667,0.65,0.7429,0.1,0.5,0.25,50
imagenet,prop1Uprop2,bearUstop_sign,475,mrcnn,mrcnn,0.7647,0.7647,0.4149,0.5379,0.1,0.5,0.25,50
imagenet,prop1Uprop2,bottleUmouse,125,mrcnn,mrcnn,0.76,0.76,0.7917,0.7755,0.1,0.5,0.25,50
imagenet,prop1Uprop2,cupUtraffic_light,200,mrcnn,mrcnn,0.72,0.72,0.9,0.8,0.1,0.5,0.25,50
imagenet,prop1Uprop2,refrigeratorUperson,350,mrcnn,mrcnn,0.4314,0.4314,0.9429,0.5919,0.1,0.5,0.25,50
imagenet,prop1Uprop2,horseUteddy_bear,350,mrcnn,mrcnn,0.4947,0.4947,0.6714,0.5697,0.1,0.5,0.25,50
imagenet,prop1Uprop2,benchUdog,150,mrcnn,mrcnn,0.5283,0.5283,0.9333,0.6747,0.1,0.5,0.25,50
imagenet,prop1Uprop2,dogUstop_sign,125,mrcnn,mrcnn,0.65,0.65,0.5417,0.5909,0.1,0.5,0.25,50
imagenet,prop1Uprop2,bedUapple,225,mrcnn,mrcnn,0.8837,0.8837,0.8636,0.8736,0.1,0.5,0.25,50
imagenet,prop1Uprop2,bookUdining_table,425,mrcnn,mrcnn,0.6374,0.6374,0.6905,0.6629,0.1,0.5,0.25,50
imagenet,prop1Uprop2,catUzebra,425,mrcnn,mrcnn,0.8283,0.8283,0.9762,0.8962,0.1,0.5,0.25,50
imagenet,prop1Uprop2,hot_dogUkite,500,mrcnn,mrcnn,0.4286,0.4286,0.06,0.1053,0.1,0.5,0.25,50
imagenet,prop1Uprop2,catUbowl,450,mrcnn,mrcnn,0.7642,0.7642,0.9,0.8265,0.1,0.5,0.25,50
imagenet,prop1Uprop2,clockUkeyboard,475,mrcnn,mrcnn,0.7955,0.7955,0.7447,0.7692,0.1,0.5,0.25,50
imagenet,prop1Uprop2,vaseUsports_ball,400,mrcnn,mrcnn,0.7262,0.7262,0.7625,0.7439,0.1,0.5,0.25,50
imagenet,prop1Uprop2,dining_tableUbicycle,50,mrcnn,mrcnn,0.6667,0.6667,0.8,0.7273,0.1,0.5,0.25,50
imagenet,prop1Uprop2,tieUkite,100,mrcnn,mrcnn,0.0,0.0,0.0,0.0,0.1,0.5,0.25,50
imagenet,prop1Uprop2,vaseUkite,425,mrcnn,mrcnn,0.5714,0.5714,0.4286,0.4898,0.1,0.5,0.25,50
imagenet,prop1Uprop2,truckUtoaster,375,mrcnn,mrcnn,0.625,0.625,0.6757,0.6494,0.1,0.5,0.25,50
imagenet,prop1Uprop2,clockUboat,50,mrcnn,mrcnn,0.7778,0.7778,0.7,0.7368,0.1,0.5,0.25,50
imagenet,prop1Uprop2,cowUtruck,225,mrcnn,mrcnn,0.5455,0.5455,0.9545,0.6942,0.1,0.5,0.25,50
imagenet,prop1Uprop2,backpackUboat,25,mrcnn,mrcnn,0.8,0.8,1.0,0.8889,0.1,0.5,0.25,50
imagenet,prop1Uprop2,cowUsheep,50,mrcnn,mrcnn,0.7273,0.7273,0.8,0.7619,0.1,0.5,0.25,50
imagenet,prop1Uprop2,bearUtruck,175,mrcnn,mrcnn,0.6667,0.6667,0.8824,0.7595,0.1,0.5,0.25,50
imagenet,prop1Uprop2,elephantUkite,150,mrcnn,mrcnn,0.8235,0.8235,0.4667,0.5957,0.1,0.5,0.25,50
imagenet,prop1Uprop2,toiletUmicrowave,300,mrcnn,mrcnn,0.871,0.871,0.9,0.8852,0.1,0.5,0.25,50
imagenet,prop1Uprop2,broccoliUparking_meter,275,mrcnn,mrcnn,0.9286,0.9286,0.963,0.9455,0.1,0.5,0.25,50
imagenet,prop1Uprop2,vaseUumbrella,375,mrcnn,mrcnn,0.6735,0.6735,0.8919,0.7674,0.1,0.5,0.25,50
imagenet,prop1Uprop2,bowlUlaptop,475,mrcnn,mrcnn,0.8095,0.8095,0.9043,0.8543,0.1,0.5,0.25,50
imagenet,prop1Uprop2,bicycleUelephant,225,mrcnn,mrcnn,0.7368,0.7368,0.9545,0.8317,0.1,0.5,0.25,50
imagenet,prop1Uprop2,elephantUbicycle,25,mrcnn,mrcnn,0.8333,0.8333,1.0,0.9091,0.1,0.5,0.25,50
imagenet,prop1Uprop2,trainUdog,450,mrcnn,mrcnn,0.5586,0.5586,0.9,0.6894,0.1,0.5,0.25,50
imagenet,prop1Uprop2,backpackUtraffic_light,175,mrcnn,mrcnn,0.8387,0.8387,0.7647,0.8,0.1,0.5,0.25,50
imagenet,prop1Uprop2,mouseUsheep,275,mrcnn,mrcnn,0.8,0.8,0.5926,0.6809,0.1,0.5,0.25,50
imagenet,prop1Uprop2,chairUmouse,325,mrcnn,mrcnn,0.7917,0.7917,0.8906,0.8382,0.1,0.5,0.25,50
imagenet,Gprop1,Gtv,275,mrcnn,mrcnn,1.0,1.0,0.9157,0.956,0.1,0.5,0.25,50
imagenet,Gprop1,Gtraffic_light,200,mrcnn,mrcnn,1.0,1.0,0.8841,0.9385,0.1,0.5,0.25,50
imagenet,Gprop1,Gcat,100,mrcnn,mrcnn,0.9636,0.9636,0.8413,0.8983,0.1,0.5,0.25,50
imagenet,Gprop1,Gstop_sign,300,mrcnn,mrcnn,1.0,1.0,0.1417,0.2482,0.1,0.5,0.25,50
imagenet,Gprop1,Gorange,450,mrcnn,mrcnn,1.0,1.0,0.0752,0.1398,0.1,0.5,0.25,50
imagenet,Gprop1,Gbanana,50,mrcnn,mrcnn,1.0,1.0,0.5238,0.6875,0.1,0.5,0.25,50
imagenet,Gprop1,Gtoaster,400,mrcnn,mrcnn,1.0,1.0,0.4352,0.6065,0.1,0.5,0.25,50
imagenet,Gprop1,Gkite,275,mrcnn,mrcnn,0.9091,0.9091,0.0429,0.082,0.1,0.5,0.25,50
imagenet,Gprop1,Grefrigerator,25,mrcnn,mrcnn,1.0,1.0,1.0,1.0,0.1,0.5,0.25,50
imagenet,Gprop1,Gbook,100,mrcnn,mrcnn,0.7895,0.7895,0.2941,0.4286,0.1,0.5,0.25,50
imagenet,Gprop1,Gtruck,350,mrcnn,mrcnn,1.0,1.0,0.9427,0.9705,0.1,0.5,0.25,50
imagenet,Gprop1,Glaptop,175,mrcnn,mrcnn,1.0,1.0,0.8714,0.9313,0.1,0.5,0.25,50
imagenet,Gprop1,Gparking_meter,400,mrcnn,mrcnn,1.0,1.0,0.9108,0.9533,0.1,0.5,0.25,50
imagenet,Gprop1,Gtruck,150,mrcnn,mrcnn,0.9515,0.9515,0.9515,0.9515,0.1,0.5,0.25,50
imagenet,Gprop1,Gcat,50,mrcnn,mrcnn,0.8,0.8,0.8889,0.8421,0.1,0.5,0.25,50
imagenet,Gprop1,Gbowl,250,mrcnn,mrcnn,1.0,1.0,0.9038,0.9495,0.1,0.5,0.25,50
imagenet,Gprop1,Gchair,50,mrcnn,mrcnn,0.95,0.95,1.0,0.9744,0.1,0.5,0.25,50
imagenet,Gprop1,Ghot_dog,250,mrcnn,mrcnn,1.0,1.0,0.1466,0.2556,0.1,0.5,0.25,50
imagenet,Gprop1,Gsheep,225,mrcnn,mrcnn,1.0,1.0,0.6119,0.7592,0.1,0.5,0.25,50
imagenet,Gprop1,Gpizza,425,mrcnn,mrcnn,1.0,1.0,0.3632,0.5329,0.1,0.5,0.25,50
imagenet,Gprop1,Gcow,75,mrcnn,mrcnn,1.0,1.0,0.8947,0.9444,0.1,0.5,0.25,50
imagenet,Gprop1,Gtruck,275,mrcnn,mrcnn,1.0,1.0,0.9307,0.9641,0.1,0.5,0.25,50
imagenet,Gprop1,Gtrain,225,mrcnn,mrcnn,1.0,1.0,0.9756,0.9877,0.1,0.5,0.25,50
imagenet,Gprop1,Gbus,325,mrcnn,mrcnn,0.9967,0.9967,0.9619,0.979,0.1,0.5,0.25,50
imagenet,Gprop1,Gcell_phone,375,mrcnn,mrcnn,0.9967,0.9967,0.8559,0.921,0.1,0.5,0.25,50
imagenet,Gprop1,Gcow,300,mrcnn,mrcnn,1.0,1.0,0.9017,0.9483,0.1,0.5,0.25,50
imagenet,Gprop1,Gcow,250,mrcnn,mrcnn,0.9951,0.9951,0.85,0.9169,0.1,0.5,0.25,50
imagenet,Gprop1,Gbird,375,mrcnn,mrcnn,0.9969,0.9969,0.904,0.9481,0.1,0.5,0.25,50
imagenet,Gprop1,Gparking_meter,300,mrcnn,mrcnn,0.9962,0.9962,0.9296,0.9617,0.1,0.5,0.25,50
imagenet,Gprop1,Gbear,75,mrcnn,mrcnn,1.0,1.0,0.7879,0.8814,0.1,0.5,0.25,50
imagenet,Gprop1,Gbackpack,425,mrcnn,mrcnn,1.0,1.0,0.7305,0.8443,0.1,0.5,0.25,50
imagenet,Gprop1,Gtoilet,150,mrcnn,mrcnn,1.0,1.0,0.8473,0.9174,0.1,0.5,0.25,50
imagenet,Gprop1,Gboat,475,mrcnn,mrcnn,1.0,1.0,0.7724,0.8716,0.1,0.5,0.25,50
imagenet,Gprop1,Gcar,450,mrcnn,mrcnn,0.9966,0.9966,0.6705,0.8017,0.1,0.5,0.25,50
imagenet,Gprop1,Gbook,100,mrcnn,mrcnn,0.9615,0.9615,0.4386,0.6024,0.1,0.5,0.25,50
imagenet,Gprop1,Gclock,425,mrcnn,mrcnn,1.0,1.0,0.8279,0.9059,0.1,0.5,0.25,50
imagenet,Gprop1,Gelephant,175,mrcnn,mrcnn,1.0,1.0,0.9389,0.9685,0.1,0.5,0.25,50
imagenet,Gprop1,Gbanana,500,mrcnn,mrcnn,0.997,0.997,0.6837,0.8111,0.1,0.5,0.25,50
imagenet,Gprop1,Gbook,325,mrcnn,mrcnn,0.9921,0.9921,0.3956,0.5656,0.1,0.5,0.25,50
imagenet,Gprop1,Gbed,500,mrcnn,mrcnn,1.0,1.0,0.9485,0.9735,0.1,0.5,0.25,50
imagenet,Gprop1,Gtrain,125,mrcnn,mrcnn,1.0,1.0,0.9885,0.9942,0.1,0.5,0.25,50
imagenet,Gprop1,Gvase,350,mrcnn,mrcnn,0.997,0.997,0.9651,0.9808,0.1,0.5,0.25,50
imagenet,Gprop1,Gcat,200,mrcnn,mrcnn,0.9924,0.9924,0.8966,0.942,0.1,0.5,0.25,50
imagenet,Gprop1,Gelephant,350,mrcnn,mrcnn,1.0,1.0,0.9351,0.9664,0.1,0.5,0.25,50
imagenet,Gprop1,Gdining_table,200,mrcnn,mrcnn,0.981,0.981,0.9451,0.9627,0.1,0.5,0.25,50
imagenet,Gprop1,Gboat,25,mrcnn,mrcnn,0.5,0.5,0.25,0.3333,0.1,0.5,0.25,50
imagenet,Gprop1,Gtrain,325,mrcnn,mrcnn,0.9964,0.9964,0.9716,0.9838,0.1,0.5,0.25,50
imagenet,Gprop1,Gtoaster,125,mrcnn,mrcnn,1.0,1.0,0.3556,0.5246,0.1,0.5,0.25,50
imagenet,Gprop1,Gbicycle,475,mrcnn,mrcnn,1.0,1.0,0.9724,0.986,0.1,0.5,0.25,50
imagenet,Gprop1,Gkeyboard,475,mrcnn,mrcnn,1.0,1.0,0.7192,0.8367,0.1,0.5,0.25,50
imagenet,Gprop1,Gkite,375,mrcnn,mrcnn,1.0,1.0,0.062,0.1168,0.1,0.5,0.25,50
imagenet,Gprop1,Gtraffic_light,125,mrcnn,mrcnn,0.987,0.987,0.8736,0.9268,0.1,0.5,0.25,50
imagenet,Gprop1,Gbed,450,mrcnn,mrcnn,1.0,1.0,0.9372,0.9676,0.1,0.5,0.25,50
imagenet,Gprop1,Gbus,400,mrcnn,mrcnn,1.0,1.0,0.9693,0.9844,0.1,0.5,0.25,50
imagenet,Gprop1,Gbench,175,mrcnn,mrcnn,0.9746,0.9746,0.9746,0.9746,0.1,0.5,0.25,50
imagenet,Gprop1,Gmouse,150,mrcnn,mrcnn,0.9894,0.9894,0.7561,0.8571,0.1,0.5,0.25,50
imagenet,Gprop1,Gumbrella,75,mrcnn,mrcnn,1.0,1.0,0.8947,0.9444,0.1,0.5,0.25,50
imagenet,Gprop1,Gboat,225,mrcnn,mrcnn,1.0,1.0,0.7347,0.8471,0.1,0.5,0.25,50
imagenet,Gprop1,Gbed,500,mrcnn,mrcnn,0.9978,0.9978,0.9309,0.9632,0.1,0.5,0.25,50
imagenet,Gprop1,Gtv,25,mrcnn,mrcnn,1.0,1.0,1.0,1.0,0.1,0.5,0.25,50
imagenet,Fprop1,Fremote,100,mrcnn,mrcnn,1.0,1.0,0.9474,0.973,0.1,0.5,0.25,50
imagenet,Fprop1,Fbanana,50,mrcnn,mrcnn,1.0,1.0,0.5556,0.7143,0.1,0.5,0.25,50
imagenet,Fprop1,Fbackpack,350,mrcnn,mrcnn,0.8462,0.8462,0.6567,0.7395,0.1,0.5,0.25,50
imagenet,Fprop1,Fpizza,125,mrcnn,mrcnn,1.0,1.0,0.5652,0.7222,0.1,0.5,0.25,50
imagenet,Fprop1,Flaptop,350,mrcnn,mrcnn,0.8714,0.8714,0.9531,0.9104,0.1,0.5,0.25,50
imagenet,Fprop1,Fstop_sign,200,mrcnn,mrcnn,1.0,1.0,0.1026,0.186,0.1,0.5,0.25,50
imagenet,Fprop1,Fbird,325,mrcnn,mrcnn,0.6974,0.6974,0.8983,0.7852,0.1,0.5,0.25,50
imagenet,Fprop1,Ftie,400,mrcnn,mrcnn,0.9194,0.9194,0.7703,0.8382,0.1,0.5,0.25,50
imagenet,Fprop1,Fboat,350,mrcnn,mrcnn,0.8438,0.8438,0.7941,0.8182,0.1,0.5,0.25,50
imagenet,Fprop1,Fpizza,450,mrcnn,mrcnn,0.9583,0.9583,0.2805,0.434,0.1,0.5,0.25,50
imagenet,Fprop1,Fsports_ball,275,mrcnn,mrcnn,0.9706,0.9706,0.6471,0.7765,0.1,0.5,0.25,50
imagenet,Fprop1,Fclock,300,mrcnn,mrcnn,0.7959,0.7959,0.8667,0.8298,0.1,0.5,0.25,50
imagenet,Fprop1,Fairplane,175,mrcnn,mrcnn,0.92,0.92,0.7188,0.807,0.1,0.5,0.25,50
imagenet,Fprop1,Ftraffic_light,325,mrcnn,mrcnn,0.8868,0.8868,0.7966,0.8393,0.1,0.5,0.25,50
imagenet,Fprop1,Frefrigerator,175,mrcnn,mrcnn,0.8571,0.8571,0.8571,0.8571,0.1,0.5,0.25,50
imagenet,Fprop1,Fbed,425,mrcnn,mrcnn,0.7812,0.7812,0.9868,0.8721,0.1,0.5,0.25,50
imagenet,Fprop1,Fdog,475,mrcnn,mrcnn,0.6579,0.6579,0.8621,0.7463,0.1,0.5,0.25,50
imagenet,Fprop1,Fremote,225,mrcnn,mrcnn,0.9143,0.9143,0.8,0.8533,0.1,0.5,0.25,50
imagenet,Fprop1,Fbackpack,75,mrcnn,mrcnn,0.7857,0.7857,0.7333,0.7586,0.1,0.5,0.25,50
imagenet,Fprop1,Fcell_phone,450,mrcnn,mrcnn,0.8395,0.8395,0.8395,0.8395,0.1,0.5,0.25,50
imagenet,Fprop1,Flaptop,425,mrcnn,mrcnn,0.9041,0.9041,0.8684,0.8859,0.1,0.5,0.25,50
imagenet,Fprop1,Fstop_sign,100,mrcnn,mrcnn,0.3333,0.3333,0.0588,0.1,0.1,0.5,0.25,50
imagenet,Fprop1,Fsheep,200,mrcnn,mrcnn,0.7742,0.7742,0.6857,0.7273,0.1,0.5,0.25,50
imagenet,Fprop1,Ftv,425,mrcnn,mrcnn,0.85,0.85,0.8947,0.8718,0.1,0.5,0.25,50
imagenet,Fprop1,Forange,275,mrcnn,mrcnn,1.0,1.0,0.0833,0.1538,0.1,0.5,0.25,50
imagenet,Fprop1,Fbowl,100,mrcnn,mrcnn,0.85,0.85,0.9444,0.8947,0.1,0.5,0.25,50
imagenet,Fprop1,Fdining_table,125,mrcnn,mrcnn,0.6875,0.6875,0.9565,0.8,0.1,0.5,0.25,50
imagenet,Fprop1,Fcar,250,mrcnn,mrcnn,0.5349,0.5349,0.5111,0.5227,0.1,0.5,0.25,50
imagenet,Fprop1,Fbanana,25,mrcnn,mrcnn,1.0,1.0,0.8,0.8889,0.1,0.5,0.25,50
imagenet,Fprop1,Fapple,450,mrcnn,mrcnn,0.9844,0.9844,0.759,0.8571,0.1,0.5,0.25,50
imagenet,Fprop1,Fcell_phone,250,mrcnn,mrcnn,0.8333,0.8333,0.9091,0.8696,0.1,0.5,0.25,50
imagenet,Fprop1,Fdining_table,275,mrcnn,mrcnn,0.6615,0.6615,0.9149,0.7679,0.1,0.5,0.25,50
imagenet,Fprop1,Ftoaster,225,mrcnn,mrcnn,1.0,1.0,0.375,0.5455,0.1,0.5,0.25,50
imagenet,Fprop1,Fcar,500,mrcnn,mrcnn,0.6444,0.6444,0.6237,0.6339,0.1,0.5,0.25,50
imagenet,Fprop1,Fcar,300,mrcnn,mrcnn,0.6471,0.6471,0.6226,0.6346,0.1,0.5,0.25,50
imagenet,Fprop1,Fapple,250,mrcnn,mrcnn,0.9355,0.9355,0.6905,0.7945,0.1,0.5,0.25,50
imagenet,Fprop1,Fbroccoli,25,mrcnn,mrcnn,1.0,1.0,1.0,1.0,0.1,0.5,0.25,50
imagenet,Fprop1,Fbroccoli,25,mrcnn,mrcnn,0.8,0.8,1.0,0.8889,0.1,0.5,0.25,50
imagenet,Fprop1,Fhot_dog,125,mrcnn,mrcnn,1.0,1.0,0.0909,0.1667,0.1,0.5,0.25,50
imagenet,Fprop1,Fzebra,150,mrcnn,mrcnn,0.931,0.931,1.0,0.9643,0.1,0.5,0.25,50
imagenet,Fprop1,Fbottle,400,mrcnn,mrcnn,0.8025,0.8025,0.8667,0.8333,0.1,0.5,0.25,50
imagenet,Fprop1,Flaptop,375,mrcnn,mrcnn,0.8857,0.8857,0.8986,0.8921,0.1,0.5,0.25,50
imagenet,Fprop1,Fbus,75,mrcnn,mrcnn,0.75,0.75,0.9231,0.8276,0.1,0.5,0.25,50
imagenet,Fprop1,Ftoilet,475,mrcnn,mrcnn,0.9302,0.9302,0.9195,0.9249,0.1,0.5,0.25,50
imagenet,Fprop1,Flaptop,325,mrcnn,mrcnn,0.8667,0.8667,0.8814,0.8739,0.1,0.5,0.25,50
imagenet,Fprop1,Fcar,500,mrcnn,mrcnn,0.6437,0.6437,0.6154,0.6292,0.1,0.5,0.25,50
imagenet,Fprop1,Fmouse,375,mrcnn,mrcnn,1.0,1.0,0.7273,0.8421,0.1,0.5,0.25,50
imagenet,Fprop1,Fumbrella,400,mrcnn,mrcnn,0.8442,0.8442,0.9155,0.8784,0.1,0.5,0.25,50
imagenet,Fprop1,Fbroccoli,150,mrcnn,mrcnn,1.0,1.0,0.963,0.9811,0.1,0.5,0.25,50
imagenet,Fprop1,Ftoaster,150,mrcnn,mrcnn,0.9091,0.9091,0.3704,0.5263,0.1,0.5,0.25,50
imagenet,Fprop1,Fbanana,75,mrcnn,mrcnn,0.8333,0.8333,0.7143,0.7692,0.1,0.5,0.25,50
imagenet,Fprop1,Fapple,200,mrcnn,mrcnn,1.0,1.0,0.8333,0.9091,0.1,0.5,0.25,50
imagenet,Fprop1,Fbench,175,mrcnn,mrcnn,0.8571,0.8571,0.9375,0.8955,0.1,0.5,0.25,50
imagenet,Fprop1,Fbook,375,mrcnn,mrcnn,0.8,0.8,0.4179,0.549,0.1,0.5,0.25,50
imagenet,Fprop1,Fmouse,50,mrcnn,mrcnn,1.0,1.0,0.625,0.7692,0.1,0.5,0.25,50
imagenet,Fprop1,Fvase,50,mrcnn,mrcnn,0.8889,0.8889,1.0,0.9412,0.1,0.5,0.25,50
imagenet,Fprop1,Fbicycle,300,mrcnn,mrcnn,0.9608,0.9608,0.9245,0.9423,0.1,0.5,0.25,50
imagenet,Fprop1,Fcup,500,mrcnn,mrcnn,0.8317,0.8317,0.9231,0.875,0.1,0.5,0.25,50
imagenet,Fprop1,Fdining_table,225,mrcnn,mrcnn,0.7222,0.7222,0.975,0.8298,0.1,0.5,0.25,50
imagenet,Fprop1,Fstop_sign,475,mrcnn,mrcnn,0.8,0.8,0.1364,0.233,0.1,0.5,0.25,50
